timestamp,symbol,price
2020-01-01T00:00:00,SIM,100.35
2020-01-01T00:01:00,SIM,100.54
2020-01-01T00:02:00,SIM,99.63
2020-01-01T00:03:00,SIM,100.47
2020-01-01T00:04:00,SIM,101.02
2020-01-01T00:05:00,SIM,100.37
2020-01-01T00:06:00,SIM,100.2
2020-01-01T00:07:00,SIM,100.9
2020-01-01T00:08:00,SIM,101.18
2020-01-01T00:09:00,SIM,100.49
2020-01-01T00:10:00,SIM,101.11
2020-01-01T00:11:00,SIM,102.03
2020-01-01T00:12:00,SIM,101.66
2020-01-01T00:13:00,SIM,101.6
2020-01-01T00:14:00,SIM,102.38
2020-01-01T00:15:00,SIM,103.01
2020-01-01T00:16:00,SIM,103.34
2020-01-01T00:17:00,SIM,102.66
2020-01-01T00:18:00,SIM,103.01
2020-01-01T00:19:00,SIM,103.15
2020-01-01T00:20:00,SIM,102.94
2020-01-01T00:21:00,SIM,102.83
2020-01-01T00:22:00,SIM,102.57
2020-01-01T00:23:00,SIM,101.68
2020-01-01T00:24:00,SIM,101.28
2020-01-01T00:25:00,SIM,101.62
2020-01-01T00:26:00,SIM,102.1
2020-01-01T00:27:00,SIM,101.82
2020-01-01T00:28:00,SIM,101.34
2020-01-01T00:29:00,SIM,102.1
2020-01-01T00:30:00,SIM,101.18
2020-01-01T00:31:00,SIM,100.39
2020-01-01T00:32:00,SIM,101.02
2020-01-01T00:33:00,SIM,101.79
2020-01-01T00:34:00,SIM,101.64
2020-01-01T00:35:00,SIM,100.8
2020-01-01T00:36:00,SIM,100.15
2020-01-01T00:37:00,SIM,100.88
2020-01-01T00:38:00,SIM,100.25
2020-01-01T00:39:00,SIM,101.05
2020-01-01T00:40:00,SIM,101.71
2020-01-01T00:41:00,SIM,101.27
2020-01-01T00:42:00,SIM,100.56
2020-01-01T00:43:00,SIM,101.19
2020-01-01T00:44:00,SIM,100.82
2020-01-01T00:45:00,SIM,100.38
2020-01-01T00:46:00,SIM,101.13
2020-01-01T00:47:00,SIM,102.11
2020-01-01T00:48:00,SIM,102.42
2020-01-01T00:49:00,SIM,102.72
2020-01-01T00:50:00,SIM,103.02
2020-01-01T00:51:00,SIM,102.59
2020-01-01T00:52:00,SIM,103.41
2020-01-01T00:53:00,SIM,103.16
2020-01-01T00:54:00,SIM,102.44
2020-01-01T00:55:00,SIM,102.22
2020-01-01T00:56:00,SIM,101.9
2020-01-01T00:57:00,SIM,101.0
2020-01-01T00:58:00,SIM,101.56
2020-01-01T00:59:00,SIM,102.21
2020-01-01T01:00:00,SIM,102.33
2020-01-01T01:01:00,SIM,102.4
2020-01-01T01:02:00,SIM,101.56
2020-01-01T01:03:00,SIM,100.9
2020-01-01T01:04:00,SIM,101.35
2020-01-01T01:05:00,SIM,101.75
2020-01-01T01:06:00,SIM,101.42
2020-01-01T01:07:00,SIM,101.91
2020-01-01T01:08:00,SIM,101.92
2020-01-01T01:09:00,SIM,101.69
2020-01-01T01:10:00,SIM,101.69
2020-01-01T01:11:00,SIM,102.67
2020-01-01T01:12:00,SIM,101.69
2020-01-01T01:13:00,SIM,101.53
2020-01-01T01:14:00,SIM,101.49
2020-01-01T01:15:00,SIM,100.84
2020-01-01T01:16:00,SIM,101.62
2020-01-01T01:17:00,SIM,101.19
2020-01-01T01:18:00,SIM,101.97
2020-01-01T01:19:00,SIM,102.73
2020-01-01T01:20:00,SIM,103.61
2020-01-01T01:21:00,SIM,104.07
2020-01-01T01:22:00,SIM,104.78
2020-01-01T01:23:00,SIM,104.56
2020-01-01T01:24:00,SIM,105.33
2020-01-01T01:25:00,SIM,105.78
2020-01-01T01:26:00,SIM,106.43
2020-01-01T01:27:00,SIM,107.0
2020-01-01T01:28:00,SIM,107.86
2020-01-01T01:29:00,SIM,107.37
2020-01-01T01:30:00,SIM,107.73
2020-01-01T01:31:00,SIM,108.1
2020-01-01T01:32:00,SIM,108.26
2020-01-01T01:33:00,SIM,107.74
2020-01-01T01:34:00,SIM,107.32
2020-01-01T01:35:00,SIM,107.82
2020-01-01T01:36:00,SIM,107.58
2020-01-01T01:37:00,SIM,107.27
2020-01-01T01:38:00,SIM,106.37
2020-01-01T01:39:00,SIM,105.96
2020-01-01T01:40:00,SIM,106.59
2020-01-01T01:41:00,SIM,106.96
2020-01-01T01:42:00,SIM,107.85
2020-01-01T01:43:00,SIM,108.6
2020-01-01T01:44:00,SIM,108.34
2020-01-01T01:45:00,SIM,108.35
2020-01-01T01:46:00,SIM,108.57
2020-01-01T01:47:00,SIM,109.1
2020-01-01T01:48:00,SIM,108.13
2020-01-01T01:49:00,SIM,107.66
2020-01-01T01:50:00,SIM,107.08
2020-01-01T01:51:00,SIM,108.03
2020-01-01T01:52:00,SIM,108.69
2020-01-01T01:53:00,SIM,109.43
2020-01-01T01:54:00,SIM,109.55
2020-01-01T01:55:00,SIM,109.95
2020-01-01T01:56:00,SIM,110.28
2020-01-01T01:57:00,SIM,110.73
2020-01-01T01:58:00,SIM,110.94
2020-01-01T01:59:00,SIM,110.38
2020-01-01T02:00:00,SIM,110.36
2020-01-01T02:01:00,SIM,111.3
2020-01-01T02:02:00,SIM,111.79
2020-01-01T02:03:00,SIM,112.6
2020-01-01T02:04:00,SIM,111.95
2020-01-01T02:05:00,SIM,111.1
2020-01-01T02:06:00,SIM,110.13
2020-01-01T02:07:00,SIM,111.03
2020-01-01T02:08:00,SIM,110.47
2020-01-01T02:09:00,SIM,109.74
2020-01-01T02:10:00,SIM,109.29
2020-01-01T02:11:00,SIM,108.46
2020-01-01T02:12:00,SIM,107.89
2020-01-01T02:13:00,SIM,107.86
2020-01-01T02:14:00,SIM,108.51
2020-01-01T02:15:00,SIM,108.5
2020-01-01T02:16:00,SIM,109.36
2020-01-01T02:17:00,SIM,109.39
2020-01-01T02:18:00,SIM,109.25
2020-01-01T02:19:00,SIM,110.14
2020-01-01T02:20:00,SIM,110.65
2020-01-01T02:21:00,SIM,110.16
2020-01-01T02:22:00,SIM,111.13
2020-01-01T02:23:00,SIM,110.5
2020-01-01T02:24:00,SIM,110.58
2020-01-01T02:25:00,SIM,109.71
2020-01-01T02:26:00,SIM,110.21
2020-01-01T02:27:00,SIM,109.88
2020-01-01T02:28:00,SIM,109.39
2020-01-01T02:29:00,SIM,108.85
2020-01-01T02:30:00,SIM,109.79
2020-01-01T02:31:00,SIM,109.37
2020-01-01T02:32:00,SIM,109.1
2020-01-01T02:33:00,SIM,109.83
2020-01-01T02:34:00,SIM,109.32
2020-01-01T02:35:00,SIM,109.15
2020-01-01T02:36:00,SIM,109.39
2020-01-01T02:37:00,SIM,108.99
2020-01-01T02:38:00,SIM,108.39
2020-01-01T02:39:00,SIM,108.28
2020-01-01T02:40:00,SIM,108.23
2020-01-01T02:41:00,SIM,108.94
2020-01-01T02:42:00,SIM,109.76
2020-01-01T02:43:00,SIM,109.68
2020-01-01T02:44:00,SIM,110.35
2020-01-01T02:45:00,SIM,110.73
2020-01-01T02:46:00,SIM,109.89
2020-01-01T02:47:00,SIM,109.09
2020-01-01T02:48:00,SIM,108.23
2020-01-01T02:49:00,SIM,108.92
2020-01-01T02:50:00,SIM,108.03
2020-01-01T02:51:00,SIM,108.86
2020-01-01T02:52:00,SIM,108.08
2020-01-01T02:53:00,SIM,108.26
2020-01-01T02:54:00,SIM,108.33
2020-01-01T02:55:00,SIM,108.77
2020-01-01T02:56:00,SIM,108.87
2020-01-01T02:57:00,SIM,108.55
2020-01-01T02:58:00,SIM,109.46
2020-01-01T02:59:00,SIM,109.24
2020-01-01T03:00:00,SIM,109.66
2020-01-01T03:01:00,SIM,109.53
2020-01-01T03:02:00,SIM,108.67
2020-01-01T03:03:00,SIM,109.1
2020-01-01T03:04:00,SIM,109.24
2020-01-01T03:05:00,SIM,108.75
2020-01-01T03:06:00,SIM,109.25
2020-01-01T03:07:00,SIM,110.23
2020-01-01T03:08:00,SIM,109.89
2020-01-01T03:09:00,SIM,110.09
2020-01-01T03:10:00,SIM,109.7
2020-01-01T03:11:00,SIM,109.2
2020-01-01T03:12:00,SIM,109.49
2020-01-01T03:13:00,SIM,109.31
2020-01-01T03:14:00,SIM,109.17
2020-01-01T03:15:00,SIM,108.37
2020-01-01T03:16:00,SIM,109.21
2020-01-01T03:17:00,SIM,108.75
2020-01-01T03:18:00,SIM,109.15
2020-01-01T03:19:00,SIM,109.71
2020-01-01T03:20:00,SIM,109.61
2020-01-01T03:21:00,SIM,109.01
2020-01-01T03:22:00,SIM,108.53
2020-01-01T03:23:00,SIM,109.43
2020-01-01T03:24:00,SIM,109.4
2020-01-01T03:25:00,SIM,109.11
2020-01-01T03:26:00,SIM,108.48
2020-01-01T03:27:00,SIM,108.72
2020-01-01T03:28:00,SIM,108.67
2020-01-01T03:29:00,SIM,109.33
2020-01-01T03:30:00,SIM,109.36
2020-01-01T03:31:00,SIM,108.54
2020-01-01T03:32:00,SIM,107.58
2020-01-01T03:33:00,SIM,106.73
2020-01-01T03:34:00,SIM,106.67
2020-01-01T03:35:00,SIM,106.7
2020-01-01T03:36:00,SIM,106.24
2020-01-01T03:37:00,SIM,105.47
2020-01-01T03:38:00,SIM,105.63
2020-01-01T03:39:00,SIM,105.59
2020-01-01T03:40:00,SIM,106.08
2020-01-01T03:41:00,SIM,105.69
2020-01-01T03:42:00,SIM,106.26
2020-01-01T03:43:00,SIM,105.37
2020-01-01T03:44:00,SIM,105.71
2020-01-01T03:45:00,SIM,106.29
2020-01-01T03:46:00,SIM,106.34
2020-01-01T03:47:00,SIM,105.75
2020-01-01T03:48:00,SIM,106.14
2020-01-01T03:49:00,SIM,105.2
2020-01-01T03:50:00,SIM,104.57
2020-01-01T03:51:00,SIM,105.34
2020-01-01T03:52:00,SIM,105.19
2020-01-01T03:53:00,SIM,104.39
2020-01-01T03:54:00,SIM,105.37
2020-01-01T03:55:00,SIM,105.95
2020-01-01T03:56:00,SIM,105.74
2020-01-01T03:57:00,SIM,105.24
2020-01-01T03:58:00,SIM,104.97
2020-01-01T03:59:00,SIM,104.02
2020-01-01T04:00:00,SIM,103.62
2020-01-01T04:01:00,SIM,104.24
2020-01-01T04:02:00,SIM,103.43
2020-01-01T04:03:00,SIM,103.96
2020-01-01T04:04:00,SIM,103.09
2020-01-01T04:05:00,SIM,102.4
2020-01-01T04:06:00,SIM,103.3
2020-01-01T04:07:00,SIM,103.58
2020-01-01T04:08:00,SIM,103.43
2020-01-01T04:09:00,SIM,102.96
2020-01-01T04:10:00,SIM,103.82
2020-01-01T04:11:00,SIM,103.57
2020-01-01T04:12:00,SIM,103.09
2020-01-01T04:13:00,SIM,103.7
2020-01-01T04:14:00,SIM,103.01
2020-01-01T04:15:00,SIM,103.09
2020-01-01T04:16:00,SIM,103.51
2020-01-01T04:17:00,SIM,103.95
2020-01-01T04:18:00,SIM,103.59
2020-01-01T04:19:00,SIM,104.52
2020-01-01T04:20:00,SIM,104.99
2020-01-01T04:21:00,SIM,104.53
2020-01-01T04:22:00,SIM,105.17
2020-01-01T04:23:00,SIM,104.46
2020-01-01T04:24:00,SIM,105.02
2020-01-01T04:25:00,SIM,105.31
2020-01-01T04:26:00,SIM,106.28
2020-01-01T04:27:00,SIM,105.99
2020-01-01T04:28:00,SIM,106.6
2020-01-01T04:29:00,SIM,107.41
2020-01-01T04:30:00,SIM,107.9
2020-01-01T04:31:00,SIM,108.01
2020-01-01T04:32:00,SIM,108.5
2020-01-01T04:33:00,SIM,108.17
2020-01-01T04:34:00,SIM,109.02
2020-01-01T04:35:00,SIM,109.1
2020-01-01T04:36:00,SIM,110.1
2020-01-01T04:37:00,SIM,109.59
2020-01-01T04:38:00,SIM,108.71
2020-01-01T04:39:00,SIM,107.71
2020-01-01T04:40:00,SIM,107.39
2020-01-01T04:41:00,SIM,107.85
2020-01-01T04:42:00,SIM,107.82
2020-01-01T04:43:00,SIM,106.9
2020-01-01T04:44:00,SIM,107.5
2020-01-01T04:45:00,SIM,108.12
2020-01-01T04:46:00,SIM,107.45
2020-01-01T04:47:00,SIM,107.03
2020-01-01T04:48:00,SIM,107.75
2020-01-01T04:49:00,SIM,107.46
2020-01-01T04:50:00,SIM,106.73
2020-01-01T04:51:00,SIM,105.91
2020-01-01T04:52:00,SIM,105.07
2020-01-01T04:53:00,SIM,104.78
2020-01-01T04:54:00,SIM,104.62
2020-01-01T04:55:00,SIM,104.27
2020-01-01T04:56:00,SIM,103.71
2020-01-01T04:57:00,SIM,103.83
2020-01-01T04:58:00,SIM,103.76
2020-01-01T04:59:00,SIM,104.1
2020-01-01T05:00:00,SIM,103.87
2020-01-01T05:01:00,SIM,103.84
2020-01-01T05:02:00,SIM,104.7
2020-01-01T05:03:00,SIM,105.27
2020-01-01T05:04:00,SIM,105.71
2020-01-01T05:05:00,SIM,104.88
2020-01-01T05:06:00,SIM,105.67
2020-01-01T05:07:00,SIM,106.66
2020-01-01T05:08:00,SIM,107.59
2020-01-01T05:09:00,SIM,108.44
2020-01-01T05:10:00,SIM,108.07
2020-01-01T05:11:00,SIM,107.08
2020-01-01T05:12:00,SIM,107.94
2020-01-01T05:13:00,SIM,108.31
2020-01-01T05:14:00,SIM,107.6
2020-01-01T05:15:00,SIM,107.24
2020-01-01T05:16:00,SIM,106.77
2020-01-01T05:17:00,SIM,107.56
2020-01-01T05:18:00,SIM,107.18
2020-01-01T05:19:00,SIM,107.86
2020-01-01T05:20:00,SIM,107.83
2020-01-01T05:21:00,SIM,106.92
2020-01-01T05:22:00,SIM,106.82
2020-01-01T05:23:00,SIM,106.81
2020-01-01T05:24:00,SIM,106.94
2020-01-01T05:25:00,SIM,106.1
2020-01-01T05:26:00,SIM,105.51
2020-01-01T05:27:00,SIM,105.61
2020-01-01T05:28:00,SIM,104.92
2020-01-01T05:29:00,SIM,104.79
2020-01-01T05:30:00,SIM,104.06
2020-01-01T05:31:00,SIM,103.95
2020-01-01T05:32:00,SIM,103.54
2020-01-01T05:33:00,SIM,103.72
2020-01-01T05:34:00,SIM,103.83
2020-01-01T05:35:00,SIM,104.5
2020-01-01T05:36:00,SIM,104.89
2020-01-01T05:37:00,SIM,105.45
2020-01-01T05:38:00,SIM,104.93
2020-01-01T05:39:00,SIM,104.16
2020-01-01T05:40:00,SIM,104.62
2020-01-01T05:41:00,SIM,105.4
2020-01-01T05:42:00,SIM,104.65
2020-01-01T05:43:00,SIM,104.69
2020-01-01T05:44:00,SIM,105.43
2020-01-01T05:45:00,SIM,106.01
2020-01-01T05:46:00,SIM,105.24
2020-01-01T05:47:00,SIM,105.97
2020-01-01T05:48:00,SIM,105.43
2020-01-01T05:49:00,SIM,105.2
2020-01-01T05:50:00,SIM,106.17
2020-01-01T05:51:00,SIM,105.68
2020-01-01T05:52:00,SIM,105.79
2020-01-01T05:53:00,SIM,105.89
2020-01-01T05:54:00,SIM,105.78
2020-01-01T05:55:00,SIM,105.54
2020-01-01T05:56:00,SIM,106.41
2020-01-01T05:57:00,SIM,105.62
2020-01-01T05:58:00,SIM,106.46
2020-01-01T05:59:00,SIM,106.54
2020-01-01T06:00:00,SIM,107.47
2020-01-01T06:01:00,SIM,107.73
2020-01-01T06:02:00,SIM,106.99
2020-01-01T06:03:00,SIM,106.88
2020-01-01T06:04:00,SIM,106.88
2020-01-01T06:05:00,SIM,106.59
2020-01-01T06:06:00,SIM,107.2
2020-01-01T06:07:00,SIM,107.54
2020-01-01T06:08:00,SIM,107.03
2020-01-01T06:09:00,SIM,106.08
2020-01-01T06:10:00,SIM,105.5
2020-01-01T06:11:00,SIM,104.98
2020-01-01T06:12:00,SIM,104.2
2020-01-01T06:13:00,SIM,104.54
2020-01-01T06:14:00,SIM,103.57
2020-01-01T06:15:00,SIM,104.11
2020-01-01T06:16:00,SIM,103.93
2020-01-01T06:17:00,SIM,104.69
2020-01-01T06:18:00,SIM,105.52
2020-01-01T06:19:00,SIM,106.3
2020-01-01T06:20:00,SIM,106.02
2020-01-01T06:21:00,SIM,105.15
2020-01-01T06:22:00,SIM,105.72
2020-01-01T06:23:00,SIM,106.59
2020-01-01T06:24:00,SIM,106.77
2020-01-01T06:25:00,SIM,107.07
2020-01-01T06:26:00,SIM,106.08
2020-01-01T06:27:00,SIM,105.44
2020-01-01T06:28:00,SIM,104.72
2020-01-01T06:29:00,SIM,105.29
2020-01-01T06:30:00,SIM,105.13
2020-01-01T06:31:00,SIM,105.75
2020-01-01T06:32:00,SIM,106.23
2020-01-01T06:33:00,SIM,105.23
2020-01-01T06:34:00,SIM,104.7
2020-01-01T06:35:00,SIM,103.87
2020-01-01T06:36:00,SIM,103.53
2020-01-01T06:37:00,SIM,104.38
2020-01-01T06:38:00,SIM,104.65
2020-01-01T06:39:00,SIM,105.54
2020-01-01T06:40:00,SIM,106.03
2020-01-01T06:41:00,SIM,106.3
2020-01-01T06:42:00,SIM,107.15
2020-01-01T06:43:00,SIM,107.48
2020-01-01T06:44:00,SIM,106.98
2020-01-01T06:45:00,SIM,106.51
2020-01-01T06:46:00,SIM,107.48
2020-01-01T06:47:00,SIM,107.18
2020-01-01T06:48:00,SIM,108.1
2020-01-01T06:49:00,SIM,107.28
2020-01-01T06:50:00,SIM,107.05
2020-01-01T06:51:00,SIM,107.18
2020-01-01T06:52:00,SIM,107.25
2020-01-01T06:53:00,SIM,107.65
2020-01-01T06:54:00,SIM,106.83
2020-01-01T06:55:00,SIM,107.68
2020-01-01T06:56:00,SIM,107.31
2020-01-01T06:57:00,SIM,107.16
2020-01-01T06:58:00,SIM,107.28
2020-01-01T06:59:00,SIM,107.14
2020-01-01T07:00:00,SIM,106.86
2020-01-01T07:01:00,SIM,107.67
2020-01-01T07:02:00,SIM,108.34
2020-01-01T07:03:00,SIM,107.94
2020-01-01T07:04:00,SIM,108.57
2020-01-01T07:05:00,SIM,107.58
2020-01-01T07:06:00,SIM,108.28
2020-01-01T07:07:00,SIM,109.16
2020-01-01T07:08:00,SIM,109.26
2020-01-01T07:09:00,SIM,109.39
2020-01-01T07:10:00,SIM,109.59
2020-01-01T07:11:00,SIM,109.94
2020-01-01T07:12:00,SIM,110.39
2020-01-01T07:13:00,SIM,110.38
2020-01-01T07:14:00,SIM,110.59
2020-01-01T07:15:00,SIM,111.39
2020-01-01T07:16:00,SIM,112.23
2020-01-01T07:17:00,SIM,113.01
2020-01-01T07:18:00,SIM,112.77
2020-01-01T07:19:00,SIM,113.7
2020-01-01T07:20:00,SIM,113.15
2020-01-01T07:21:00,SIM,113.85
2020-01-01T07:22:00,SIM,114.15
2020-01-01T07:23:00,SIM,114.32
2020-01-01T07:24:00,SIM,115.17
2020-01-01T07:25:00,SIM,115.57
2020-01-01T07:26:00,SIM,115.02
2020-01-01T07:27:00,SIM,115.84
2020-01-01T07:28:00,SIM,115.77
2020-01-01T07:29:00,SIM,116.09
2020-01-01T07:30:00,SIM,115.29
2020-01-01T07:31:00,SIM,115.0
2020-01-01T07:32:00,SIM,115.11
2020-01-01T07:33:00,SIM,114.98
2020-01-01T07:34:00,SIM,114.24
2020-01-01T07:35:00,SIM,114.46
2020-01-01T07:36:00,SIM,115.08
2020-01-01T07:37:00,SIM,115.82
2020-01-01T07:38:00,SIM,116.51
2020-01-01T07:39:00,SIM,116.23
2020-01-01T07:40:00,SIM,115.71
2020-01-01T07:41:00,SIM,114.78
2020-01-01T07:42:00,SIM,114.47
2020-01-01T07:43:00,SIM,114.21
2020-01-01T07:44:00,SIM,113.85
2020-01-01T07:45:00,SIM,113.51
2020-01-01T07:46:00,SIM,112.83
2020-01-01T07:47:00,SIM,113.73
2020-01-01T07:48:00,SIM,114.38
2020-01-01T07:49:00,SIM,115.11
2020-01-01T07:50:00,SIM,114.2
2020-01-01T07:51:00,SIM,113.79
2020-01-01T07:52:00,SIM,113.12
2020-01-01T07:53:00,SIM,113.55
2020-01-01T07:54:00,SIM,114.06
2020-01-01T07:55:00,SIM,113.86
2020-01-01T07:56:00,SIM,113.77
2020-01-01T07:57:00,SIM,114.41
2020-01-01T07:58:00,SIM,114.51
2020-01-01T07:59:00,SIM,114.61
2020-01-01T08:00:00,SIM,115.34
2020-01-01T08:01:00,SIM,115.7
2020-01-01T08:02:00,SIM,114.79
2020-01-01T08:03:00,SIM,115.19
2020-01-01T08:04:00,SIM,115.72
2020-01-01T08:05:00,SIM,116.34
2020-01-01T08:06:00,SIM,117.21
2020-01-01T08:07:00,SIM,117.82
2020-01-01T08:08:00,SIM,117.15
2020-01-01T08:09:00,SIM,116.83
2020-01-01T08:10:00,SIM,116.65
2020-01-01T08:11:00,SIM,117.58
2020-01-01T08:12:00,SIM,117.92
2020-01-01T08:13:00,SIM,117.11
2020-01-01T08:14:00,SIM,116.41
2020-01-01T08:15:00,SIM,115.72
2020-01-01T08:16:00,SIM,116.42
2020-01-01T08:17:00,SIM,116.35
2020-01-01T08:18:00,SIM,116.5
2020-01-01T08:19:00,SIM,115.8
2020-01-01T08:20:00,SIM,115.87
2020-01-01T08:21:00,SIM,115.74
2020-01-01T08:22:00,SIM,115.05
2020-01-01T08:23:00,SIM,114.41
2020-01-01T08:24:00,SIM,113.53
2020-01-01T08:25:00,SIM,112.94
2020-01-01T08:26:00,SIM,112.96
2020-01-01T08:27:00,SIM,113.5
2020-01-01T08:28:00,SIM,112.78
2020-01-01T08:29:00,SIM,112.61
2020-01-01T08:30:00,SIM,111.75
2020-01-01T08:31:00,SIM,112.13
2020-01-01T08:32:00,SIM,111.26
2020-01-01T08:33:00,SIM,110.82
2020-01-01T08:34:00,SIM,111.78
2020-01-01T08:35:00,SIM,111.5
2020-01-01T08:36:00,SIM,112.28
2020-01-01T08:37:00,SIM,112.82
2020-01-01T08:38:00,SIM,112.43
2020-01-01T08:39:00,SIM,111.72
2020-01-01T08:40:00,SIM,111.97
2020-01-01T08:41:00,SIM,111.01
2020-01-01T08:42:00,SIM,111.56
2020-01-01T08:43:00,SIM,112.0
2020-01-01T08:44:00,SIM,111.41
2020-01-01T08:45:00,SIM,110.86
2020-01-01T08:46:00,SIM,110.9
2020-01-01T08:47:00,SIM,110.47
2020-01-01T08:48:00,SIM,111.33
2020-01-01T08:49:00,SIM,111.23
2020-01-01T08:50:00,SIM,110.74
2020-01-01T08:51:00,SIM,111.4
2020-01-01T08:52:00,SIM,110.85
2020-01-01T08:53:00,SIM,111.24
2020-01-01T08:54:00,SIM,110.76
2020-01-01T08:55:00,SIM,110.88
2020-01-01T08:56:00,SIM,110.16
2020-01-01T08:57:00,SIM,109.7
2020-01-01T08:58:00,SIM,110.43
2020-01-01T08:59:00,SIM,109.77
2020-01-01T09:00:00,SIM,108.77
2020-01-01T09:01:00,SIM,108.24
2020-01-01T09:02:00,SIM,107.6
2020-01-01T09:03:00,SIM,108.5
2020-01-01T09:04:00,SIM,107.55
2020-01-01T09:05:00,SIM,107.49
2020-01-01T09:06:00,SIM,106.76
2020-01-01T09:07:00,SIM,105.8
2020-01-01T09:08:00,SIM,105.69
2020-01-01T09:09:00,SIM,106.31
2020-01-01T09:10:00,SIM,105.7
2020-01-01T09:11:00,SIM,105.16
2020-01-01T09:12:00,SIM,105.99
2020-01-01T09:13:00,SIM,106.47
2020-01-01T09:14:00,SIM,106.34
2020-01-01T09:15:00,SIM,107.17
2020-01-01T09:16:00,SIM,106.71
2020-01-01T09:17:00,SIM,106.31
2020-01-01T09:18:00,SIM,106.62
2020-01-01T09:19:00,SIM,107.38
2020-01-01T09:20:00,SIM,106.8
2020-01-01T09:21:00,SIM,106.69
2020-01-01T09:22:00,SIM,107.04
2020-01-01T09:23:00,SIM,107.85
2020-01-01T09:24:00,SIM,108.35
2020-01-01T09:25:00,SIM,108.64
2020-01-01T09:26:00,SIM,107.69
2020-01-01T09:27:00,SIM,108.41
2020-01-01T09:28:00,SIM,108.8
2020-01-01T09:29:00,SIM,108.66
2020-01-01T09:30:00,SIM,108.07
2020-01-01T09:31:00,SIM,107.44
2020-01-01T09:32:00,SIM,106.86
2020-01-01T09:33:00,SIM,106.78
2020-01-01T09:34:00,SIM,107.45
2020-01-01T09:35:00,SIM,106.5
2020-01-01T09:36:00,SIM,106.5
2020-01-01T09:37:00,SIM,107.0
2020-01-01T09:38:00,SIM,107.51
2020-01-01T09:39:00,SIM,107.37
2020-01-01T09:40:00,SIM,107.69
2020-01-01T09:41:00,SIM,107.66
2020-01-01T09:42:00,SIM,106.79
2020-01-01T09:43:00,SIM,106.99
2020-01-01T09:44:00,SIM,107.89
2020-01-01T09:45:00,SIM,108.43
2020-01-01T09:46:00,SIM,107.84
2020-01-01T09:47:00,SIM,108.1
2020-01-01T09:48:00,SIM,107.36
2020-01-01T09:49:00,SIM,106.79
2020-01-01T09:50:00,SIM,105.8
2020-01-01T09:51:00,SIM,106.3
2020-01-01T09:52:00,SIM,106.49
2020-01-01T09:53:00,SIM,106.37
2020-01-01T09:54:00,SIM,105.75
2020-01-01T09:55:00,SIM,105.41
2020-01-01T09:56:00,SIM,104.58
2020-01-01T09:57:00,SIM,104.4
2020-01-01T09:58:00,SIM,103.95
2020-01-01T09:59:00,SIM,103.11
2020-01-01T10:00:00,SIM,102.17
2020-01-01T10:01:00,SIM,101.61
2020-01-01T10:02:00,SIM,101.2
2020-01-01T10:03:00,SIM,101.51
2020-01-01T10:04:00,SIM,101.61
2020-01-01T10:05:00,SIM,102.0
2020-01-01T10:06:00,SIM,102.9
2020-01-01T10:07:00,SIM,102.66
2020-01-01T10:08:00,SIM,103.13
2020-01-01T10:09:00,SIM,103.34
2020-01-01T10:10:00,SIM,103.64
2020-01-01T10:11:00,SIM,103.68
2020-01-01T10:12:00,SIM,102.69
2020-01-01T10:13:00,SIM,102.91
2020-01-01T10:14:00,SIM,103.61
2020-01-01T10:15:00,SIM,104.16
2020-01-01T10:16:00,SIM,103.62
2020-01-01T10:17:00,SIM,103.02
2020-01-01T10:18:00,SIM,102.2
2020-01-01T10:19:00,SIM,101.43
2020-01-01T10:20:00,SIM,101.97
2020-01-01T10:21:00,SIM,101.98
2020-01-01T10:22:00,SIM,102.09
2020-01-01T10:23:00,SIM,102.04
2020-01-01T10:24:00,SIM,102.23
2020-01-01T10:25:00,SIM,102.01
2020-01-01T10:26:00,SIM,102.73
2020-01-01T10:27:00,SIM,102.3
2020-01-01T10:28:00,SIM,102.35
2020-01-01T10:29:00,SIM,101.61
2020-01-01T10:30:00,SIM,102.12
2020-01-01T10:31:00,SIM,103.04
2020-01-01T10:32:00,SIM,103.11
2020-01-01T10:33:00,SIM,102.91
2020-01-01T10:34:00,SIM,102.43
2020-01-01T10:35:00,SIM,101.48
2020-01-01T10:36:00,SIM,101.37
2020-01-01T10:37:00,SIM,100.51
2020-01-01T10:38:00,SIM,100.81
2020-01-01T10:39:00,SIM,101.57
2020-01-01T10:40:00,SIM,101.92
2020-01-01T10:41:00,SIM,101.2
2020-01-01T10:42:00,SIM,102.05
2020-01-01T10:43:00,SIM,102.05
2020-01-01T10:44:00,SIM,102.33
2020-01-01T10:45:00,SIM,102.43
2020-01-01T10:46:00,SIM,102.14
2020-01-01T10:47:00,SIM,103.11
2020-01-01T10:48:00,SIM,102.7
2020-01-01T10:49:00,SIM,101.83
2020-01-01T10:50:00,SIM,102.66
2020-01-01T10:51:00,SIM,103.46
2020-01-01T10:52:00,SIM,103.35
2020-01-01T10:53:00,SIM,102.74
2020-01-01T10:54:00,SIM,103.67
2020-01-01T10:55:00,SIM,103.8
2020-01-01T10:56:00,SIM,104.54
2020-01-01T10:57:00,SIM,104.91
2020-01-01T10:58:00,SIM,104.62
2020-01-01T10:59:00,SIM,105.05
2020-01-01T11:00:00,SIM,104.92
2020-01-01T11:01:00,SIM,105.56
2020-01-01T11:02:00,SIM,104.9
2020-01-01T11:03:00,SIM,105.09
2020-01-01T11:04:00,SIM,104.7
2020-01-01T11:05:00,SIM,105.33
2020-01-01T11:06:00,SIM,104.56
2020-01-01T11:07:00,SIM,103.72
2020-01-01T11:08:00,SIM,103.26
2020-01-01T11:09:00,SIM,102.3
2020-01-01T11:10:00,SIM,102.65
2020-01-01T11:11:00,SIM,103.31
2020-01-01T11:12:00,SIM,102.61
2020-01-01T11:13:00,SIM,102.0
2020-01-01T11:14:00,SIM,101.42
2020-01-01T11:15:00,SIM,102.34
2020-01-01T11:16:00,SIM,101.9
2020-01-01T11:17:00,SIM,101.58
2020-01-01T11:18:00,SIM,101.13
2020-01-01T11:19:00,SIM,101.65
2020-01-01T11:20:00,SIM,100.87
2020-01-01T11:21:00,SIM,101.12
2020-01-01T11:22:00,SIM,101.22
2020-01-01T11:23:00,SIM,101.79
2020-01-01T11:24:00,SIM,101.07
2020-01-01T11:25:00,SIM,100.08
2020-01-01T11:26:00,SIM,100.23
2020-01-01T11:27:00,SIM,101.1
2020-01-01T11:28:00,SIM,100.88
2020-01-01T11:29:00,SIM,100.74
2020-01-01T11:30:00,SIM,101.43
2020-01-01T11:31:00,SIM,101.24
2020-01-01T11:32:00,SIM,101.62
2020-01-01T11:33:00,SIM,101.69
2020-01-01T11:34:00,SIM,101.7
2020-01-01T11:35:00,SIM,101.87
2020-01-01T11:36:00,SIM,101.45
2020-01-01T11:37:00,SIM,102.44
2020-01-01T11:38:00,SIM,101.54
2020-01-01T11:39:00,SIM,101.91
2020-01-01T11:40:00,SIM,101.23
2020-01-01T11:41:00,SIM,101.99
2020-01-01T11:42:00,SIM,101.22
2020-01-01T11:43:00,SIM,100.99
2020-01-01T11:44:00,SIM,101.04
2020-01-01T11:45:00,SIM,100.32
2020-01-01T11:46:00,SIM,100.07
2020-01-01T11:47:00,SIM,100.24
2020-01-01T11:48:00,SIM,100.03
2020-01-01T11:49:00,SIM,100.74
2020-01-01T11:50:00,SIM,101.28
2020-01-01T11:51:00,SIM,101.94
2020-01-01T11:52:00,SIM,102.05
2020-01-01T11:53:00,SIM,102.25
2020-01-01T11:54:00,SIM,102.77
2020-01-01T11:55:00,SIM,103.38
2020-01-01T11:56:00,SIM,103.62
2020-01-01T11:57:00,SIM,103.58
2020-01-01T11:58:00,SIM,104.31
2020-01-01T11:59:00,SIM,105.25
2020-01-01T12:00:00,SIM,105.55
2020-01-01T12:01:00,SIM,106.21
2020-01-01T12:02:00,SIM,106.05
2020-01-01T12:03:00,SIM,105.74
2020-01-01T12:04:00,SIM,105.08
2020-01-01T12:05:00,SIM,104.16
2020-01-01T12:06:00,SIM,103.26
2020-01-01T12:07:00,SIM,102.61
2020-01-01T12:08:00,SIM,103.59
2020-01-01T12:09:00,SIM,103.24
2020-01-01T12:10:00,SIM,103.76
2020-01-01T12:11:00,SIM,103.38
2020-01-01T12:12:00,SIM,103.65
2020-01-01T12:13:00,SIM,103.88
2020-01-01T12:14:00,SIM,103.32
2020-01-01T12:15:00,SIM,103.21
2020-01-01T12:16:00,SIM,102.87
2020-01-01T12:17:00,SIM,102.23
2020-01-01T12:18:00,SIM,103.01
2020-01-01T12:19:00,SIM,102.33
2020-01-01T12:20:00,SIM,102.88
2020-01-01T12:21:00,SIM,103.32
2020-01-01T12:22:00,SIM,102.97
2020-01-01T12:23:00,SIM,102.18
2020-01-01T12:24:00,SIM,102.54
2020-01-01T12:25:00,SIM,102.09
2020-01-01T12:26:00,SIM,101.48
2020-01-01T12:27:00,SIM,100.63
2020-01-01T12:28:00,SIM,101.48
2020-01-01T12:29:00,SIM,102.28
2020-01-01T12:30:00,SIM,103.2
2020-01-01T12:31:00,SIM,102.38
2020-01-01T12:32:00,SIM,102.7
2020-01-01T12:33:00,SIM,102.67
2020-01-01T12:34:00,SIM,101.76
2020-01-01T12:35:00,SIM,102.34
2020-01-01T12:36:00,SIM,101.74
2020-01-01T12:37:00,SIM,102.39
2020-01-01T12:38:00,SIM,101.91
2020-01-01T12:39:00,SIM,101.81
2020-01-01T12:40:00,SIM,100.93
2020-01-01T12:41:00,SIM,101.38
2020-01-01T12:42:00,SIM,102.04
2020-01-01T12:43:00,SIM,102.95
2020-01-01T12:44:00,SIM,103.9
2020-01-01T12:45:00,SIM,104.41
2020-01-01T12:46:00,SIM,104.04
2020-01-01T12:47:00,SIM,103.23
2020-01-01T12:48:00,SIM,103.43
2020-01-01T12:49:00,SIM,102.77
2020-01-01T12:50:00,SIM,102.16
2020-01-01T12:51:00,SIM,101.81
2020-01-01T12:52:00,SIM,101.3
2020-01-01T12:53:00,SIM,101.27
2020-01-01T12:54:00,SIM,101.34
2020-01-01T12:55:00,SIM,100.8
2020-01-01T12:56:00,SIM,99.98
2020-01-01T12:57:00,SIM,100.56
2020-01-01T12:58:00,SIM,100.76
2020-01-01T12:59:00,SIM,99.77
2020-01-01T13:00:00,SIM,99.58
2020-01-01T13:01:00,SIM,99.71
2020-01-01T13:02:00,SIM,100.61
2020-01-01T13:03:00,SIM,100.42
2020-01-01T13:04:00,SIM,101.32
2020-01-01T13:05:00,SIM,102.27
2020-01-01T13:06:00,SIM,103.14
2020-01-01T13:07:00,SIM,103.17
2020-01-01T13:08:00,SIM,102.39
2020-01-01T13:09:00,SIM,102.21
2020-01-01T13:10:00,SIM,102.13
2020-01-01T13:11:00,SIM,102.53
2020-01-01T13:12:00,SIM,102.11
2020-01-01T13:13:00,SIM,102.06
2020-01-01T13:14:00,SIM,101.94
2020-01-01T13:15:00,SIM,102.8
2020-01-01T13:16:00,SIM,103.6
2020-01-01T13:17:00,SIM,102.85
2020-01-01T13:18:00,SIM,103.35
2020-01-01T13:19:00,SIM,103.75
2020-01-01T13:20:00,SIM,104.16
2020-01-01T13:21:00,SIM,104.33
2020-01-01T13:22:00,SIM,104.77
2020-01-01T13:23:00,SIM,104.8
2020-01-01T13:24:00,SIM,105.41
2020-01-01T13:25:00,SIM,106.13
2020-01-01T13:26:00,SIM,106.86
2020-01-01T13:27:00,SIM,107.74
2020-01-01T13:28:00,SIM,107.73
2020-01-01T13:29:00,SIM,106.8
2020-01-01T13:30:00,SIM,106.77
2020-01-01T13:31:00,SIM,105.84
2020-01-01T13:32:00,SIM,105.15
2020-01-01T13:33:00,SIM,106.08
2020-01-01T13:34:00,SIM,105.49
2020-01-01T13:35:00,SIM,106.4
2020-01-01T13:36:00,SIM,107.06
2020-01-01T13:37:00,SIM,106.89
2020-01-01T13:38:00,SIM,106.85
2020-01-01T13:39:00,SIM,107.1
2020-01-01T13:40:00,SIM,106.59
2020-01-01T13:41:00,SIM,106.28
2020-01-01T13:42:00,SIM,106.17
2020-01-01T13:43:00,SIM,106.93
2020-01-01T13:44:00,SIM,107.4
2020-01-01T13:45:00,SIM,107.44
2020-01-01T13:46:00,SIM,107.09
2020-01-01T13:47:00,SIM,106.86
2020-01-01T13:48:00,SIM,106.71
2020-01-01T13:49:00,SIM,107.2
2020-01-01T13:50:00,SIM,106.51
2020-01-01T13:51:00,SIM,107.16
2020-01-01T13:52:00,SIM,108.03
2020-01-01T13:53:00,SIM,108.46
2020-01-01T13:54:00,SIM,109.24
2020-01-01T13:55:00,SIM,108.35
2020-01-01T13:56:00,SIM,109.19
2020-01-01T13:57:00,SIM,108.74
2020-01-01T13:58:00,SIM,108.44
2020-01-01T13:59:00,SIM,108.56
2020-01-01T14:00:00,SIM,107.77
2020-01-01T14:01:00,SIM,107.8
2020-01-01T14:02:00,SIM,108.49
2020-01-01T14:03:00,SIM,109.24
2020-01-01T14:04:00,SIM,110.23
2020-01-01T14:05:00,SIM,109.43
2020-01-01T14:06:00,SIM,109.46
2020-01-01T14:07:00,SIM,110.22
2020-01-01T14:08:00,SIM,111.13
2020-01-01T14:09:00,SIM,110.61
2020-01-01T14:10:00,SIM,110.83
2020-01-01T14:11:00,SIM,110.38
2020-01-01T14:12:00,SIM,110.31
2020-01-01T14:13:00,SIM,110.45
2020-01-01T14:14:00,SIM,111.16
2020-01-01T14:15:00,SIM,110.78
2020-01-01T14:16:00,SIM,110.51
2020-01-01T14:17:00,SIM,109.91
2020-01-01T14:18:00,SIM,110.88
2020-01-01T14:19:00,SIM,111.74
2020-01-01T14:20:00,SIM,111.54
2020-01-01T14:21:00,SIM,112.01
2020-01-01T14:22:00,SIM,111.59
2020-01-01T14:23:00,SIM,110.9
2020-01-01T14:24:00,SIM,110.09
2020-01-01T14:25:00,SIM,109.71
2020-01-01T14:26:00,SIM,109.77
2020-01-01T14:27:00,SIM,110.19
2020-01-01T14:28:00,SIM,110.64
2020-01-01T14:29:00,SIM,110.54
2020-01-01T14:30:00,SIM,110.17
2020-01-01T14:31:00,SIM,109.51
2020-01-01T14:32:00,SIM,109.56
2020-01-01T14:33:00,SIM,109.3
2020-01-01T14:34:00,SIM,109.47
2020-01-01T14:35:00,SIM,110.44
2020-01-01T14:36:00,SIM,110.28
2020-01-01T14:37:00,SIM,109.41
2020-01-01T14:38:00,SIM,109.44
2020-01-01T14:39:00,SIM,108.56
2020-01-01T14:40:00,SIM,108.18
2020-01-01T14:41:00,SIM,107.87
2020-01-01T14:42:00,SIM,107.5
2020-01-01T14:43:00,SIM,108.12
2020-01-01T14:44:00,SIM,109.11
2020-01-01T14:45:00,SIM,108.4
2020-01-01T14:46:00,SIM,108.57
2020-01-01T14:47:00,SIM,108.42
2020-01-01T14:48:00,SIM,109.32
2020-01-01T14:49:00,SIM,109.4
2020-01-01T14:50:00,SIM,109.91
2020-01-01T14:51:00,SIM,110.73
2020-01-01T14:52:00,SIM,110.52
2020-01-01T14:53:00,SIM,110.12
2020-01-01T14:54:00,SIM,110.08
2020-01-01T14:55:00,SIM,110.19
2020-01-01T14:56:00,SIM,110.86
2020-01-01T14:57:00,SIM,111.62
2020-01-01T14:58:00,SIM,112.42
2020-01-01T14:59:00,SIM,112.39
2020-01-01T15:00:00,SIM,112.58
2020-01-01T15:01:00,SIM,113.2
2020-01-01T15:02:00,SIM,113.61
2020-01-01T15:03:00,SIM,113.39
2020-01-01T15:04:00,SIM,112.79
2020-01-01T15:05:00,SIM,112.84
2020-01-01T15:06:00,SIM,113.01
2020-01-01T15:07:00,SIM,112.83
2020-01-01T15:08:00,SIM,113.63
2020-01-01T15:09:00,SIM,112.77
2020-01-01T15:10:00,SIM,113.57
2020-01-01T15:11:00,SIM,113.35
2020-01-01T15:12:00,SIM,112.9
2020-01-01T15:13:00,SIM,112.02
2020-01-01T15:14:00,SIM,112.85
2020-01-01T15:15:00,SIM,112.69
2020-01-01T15:16:00,SIM,113.55
2020-01-01T15:17:00,SIM,113.01
2020-01-01T15:18:00,SIM,113.83
2020-01-01T15:19:00,SIM,114.72
2020-01-01T15:20:00,SIM,113.85
2020-01-01T15:21:00,SIM,114.59
2020-01-01T15:22:00,SIM,114.71
2020-01-01T15:23:00,SIM,115.55
2020-01-01T15:24:00,SIM,116.55
2020-01-01T15:25:00,SIM,116.74
2020-01-01T15:26:00,SIM,117.66
2020-01-01T15:27:00,SIM,117.5
2020-01-01T15:28:00,SIM,118.38
2020-01-01T15:29:00,SIM,118.58
2020-01-01T15:30:00,SIM,117.88
2020-01-01T15:31:00,SIM,118.02
2020-01-01T15:32:00,SIM,118.26
2020-01-01T15:33:00,SIM,118.22
2020-01-01T15:34:00,SIM,117.67
2020-01-01T15:35:00,SIM,117.72
2020-01-01T15:36:00,SIM,117.35
2020-01-01T15:37:00,SIM,117.13
2020-01-01T15:38:00,SIM,116.39
2020-01-01T15:39:00,SIM,116.41
2020-01-01T15:40:00,SIM,115.72
2020-01-01T15:41:00,SIM,116.69
2020-01-01T15:42:00,SIM,117.07
2020-01-01T15:43:00,SIM,117.03
2020-01-01T15:44:00,SIM,116.67
2020-01-01T15:45:00,SIM,115.71
2020-01-01T15:46:00,SIM,116.41
2020-01-01T15:47:00,SIM,117.37
2020-01-01T15:48:00,SIM,116.72
2020-01-01T15:49:00,SIM,116.38
2020-01-01T15:50:00,SIM,116.55
2020-01-01T15:51:00,SIM,116.61
2020-01-01T15:52:00,SIM,116.47
2020-01-01T15:53:00,SIM,116.53
2020-01-01T15:54:00,SIM,115.73
2020-01-01T15:55:00,SIM,116.52
2020-01-01T15:56:00,SIM,116.54
2020-01-01T15:57:00,SIM,116.54
2020-01-01T15:58:00,SIM,115.59
2020-01-01T15:59:00,SIM,116.58
2020-01-01T16:00:00,SIM,116.85
2020-01-01T16:01:00,SIM,115.93
2020-01-01T16:02:00,SIM,116.69
2020-01-01T16:03:00,SIM,117.57
2020-01-01T16:04:00,SIM,117.04
2020-01-01T16:05:00,SIM,117.67
2020-01-01T16:06:00,SIM,118.09
2020-01-01T16:07:00,SIM,118.87
2020-01-01T16:08:00,SIM,119.39
2020-01-01T16:09:00,SIM,119.57
2020-01-01T16:10:00,SIM,119.03
2020-01-01T16:11:00,SIM,119.25
2020-01-01T16:12:00,SIM,119.25
2020-01-01T16:13:00,SIM,119.84
2020-01-01T16:14:00,SIM,120.39
2020-01-01T16:15:00,SIM,121.37
2020-01-01T16:16:00,SIM,120.71
2020-01-01T16:17:00,SIM,121.62
2020-01-01T16:18:00,SIM,122.49
2020-01-01T16:19:00,SIM,121.6
2020-01-01T16:20:00,SIM,120.74
2020-01-01T16:21:00,SIM,120.72
2020-01-01T16:22:00,SIM,120.01
2020-01-01T16:23:00,SIM,120.76
2020-01-01T16:24:00,SIM,121.04
2020-01-01T16:25:00,SIM,120.93
2020-01-01T16:26:00,SIM,121.79
2020-01-01T16:27:00,SIM,120.92
2020-01-01T16:28:00,SIM,121.24
2020-01-01T16:29:00,SIM,120.3
2020-01-01T16:30:00,SIM,120.97
2020-01-01T16:31:00,SIM,120.73
2020-01-01T16:32:00,SIM,120.67
2020-01-01T16:33:00,SIM,120.09
2020-01-01T16:34:00,SIM,120.0
2020-01-01T16:35:00,SIM,119.61
2020-01-01T16:36:00,SIM,119.18
2020-01-01T16:37:00,SIM,119.25
2020-01-01T16:38:00,SIM,119.54
2020-01-01T16:39:00,SIM,119.52
2020-01-01T16:40:00,SIM,119.67
2020-01-01T16:41:00,SIM,118.9
2020-01-01T16:42:00,SIM,118.85
2020-01-01T16:43:00,SIM,118.88
2020-01-01T16:44:00,SIM,118.45
2020-01-01T16:45:00,SIM,118.03
2020-01-01T16:46:00,SIM,117.17
2020-01-01T16:47:00,SIM,117.09
2020-01-01T16:48:00,SIM,116.74
2020-01-01T16:49:00,SIM,116.09
2020-01-01T16:50:00,SIM,116.38
2020-01-01T16:51:00,SIM,117.15
2020-01-01T16:52:00,SIM,117.95
2020-01-01T16:53:00,SIM,117.58
2020-01-01T16:54:00,SIM,117.1
2020-01-01T16:55:00,SIM,117.89
2020-01-01T16:56:00,SIM,117.32
2020-01-01T16:57:00,SIM,116.97
2020-01-01T16:58:00,SIM,116.4
2020-01-01T16:59:00,SIM,116.05
2020-01-01T17:00:00,SIM,115.32
2020-01-01T17:01:00,SIM,116.25
2020-01-01T17:02:00,SIM,116.32
2020-01-01T17:03:00,SIM,116.92
2020-01-01T17:04:00,SIM,117.52
2020-01-01T17:05:00,SIM,117.04
2020-01-01T17:06:00,SIM,117.0
2020-01-01T17:07:00,SIM,117.86
2020-01-01T17:08:00,SIM,118.59
2020-01-01T17:09:00,SIM,118.94
2020-01-01T17:10:00,SIM,118.36
2020-01-01T17:11:00,SIM,119.34
2020-01-01T17:12:00,SIM,118.93
2020-01-01T17:13:00,SIM,118.13
2020-01-01T17:14:00,SIM,118.06
2020-01-01T17:15:00,SIM,117.33
2020-01-01T17:16:00,SIM,117.45
2020-01-01T17:17:00,SIM,116.82
2020-01-01T17:18:00,SIM,117.1
2020-01-01T17:19:00,SIM,117.26
2020-01-01T17:20:00,SIM,116.98
2020-01-01T17:21:00,SIM,117.54
2020-01-01T17:22:00,SIM,117.05
2020-01-01T17:23:00,SIM,117.53
2020-01-01T17:24:00,SIM,118.4
2020-01-01T17:25:00,SIM,119.06
2020-01-01T17:26:00,SIM,119.14
2020-01-01T17:27:00,SIM,119.2
2020-01-01T17:28:00,SIM,118.24
2020-01-01T17:29:00,SIM,117.4
2020-01-01T17:30:00,SIM,116.65
2020-01-01T17:31:00,SIM,116.94
2020-01-01T17:32:00,SIM,117.12
2020-01-01T17:33:00,SIM,116.29
2020-01-01T17:34:00,SIM,115.46
2020-01-01T17:35:00,SIM,114.93
2020-01-01T17:36:00,SIM,115.05
2020-01-01T17:37:00,SIM,114.55
2020-01-01T17:38:00,SIM,113.77
2020-01-01T17:39:00,SIM,114.23
2020-01-01T17:40:00,SIM,114.54
2020-01-01T17:41:00,SIM,115.3
2020-01-01T17:42:00,SIM,115.12
2020-01-01T17:43:00,SIM,114.26
2020-01-01T17:44:00,SIM,113.79
2020-01-01T17:45:00,SIM,113.05
2020-01-01T17:46:00,SIM,112.53
2020-01-01T17:47:00,SIM,112.59
2020-01-01T17:48:00,SIM,113.22
2020-01-01T17:49:00,SIM,112.37
2020-01-01T17:50:00,SIM,111.45
2020-01-01T17:51:00,SIM,112.43
2020-01-01T17:52:00,SIM,112.01
2020-01-01T17:53:00,SIM,111.29
2020-01-01T17:54:00,SIM,111.71
2020-01-01T17:55:00,SIM,111.02
2020-01-01T17:56:00,SIM,110.94
2020-01-01T17:57:00,SIM,111.88
2020-01-01T17:58:00,SIM,111.5
2020-01-01T17:59:00,SIM,112.27
2020-01-01T18:00:00,SIM,113.03
2020-01-01T18:01:00,SIM,112.39
2020-01-01T18:02:00,SIM,113.24
2020-01-01T18:03:00,SIM,112.47
2020-01-01T18:04:00,SIM,112.62
2020-01-01T18:05:00,SIM,113.03
2020-01-01T18:06:00,SIM,112.28
2020-01-01T18:07:00,SIM,111.53
2020-01-01T18:08:00,SIM,112.52
2020-01-01T18:09:00,SIM,112.63
2020-01-01T18:10:00,SIM,111.85
2020-01-01T18:11:00,SIM,112.38
2020-01-01T18:12:00,SIM,112.98
2020-01-01T18:13:00,SIM,112.79
2020-01-01T18:14:00,SIM,112.74
2020-01-01T18:15:00,SIM,112.88
2020-01-01T18:16:00,SIM,111.96
2020-01-01T18:17:00,SIM,111.28
2020-01-01T18:18:00,SIM,111.67
2020-01-01T18:19:00,SIM,112.25
2020-01-01T18:20:00,SIM,112.39
2020-01-01T18:21:00,SIM,113.04
2020-01-01T18:22:00,SIM,112.54
2020-01-01T18:23:00,SIM,112.76
2020-01-01T18:24:00,SIM,113.66
2020-01-01T18:25:00,SIM,112.92
2020-01-01T18:26:00,SIM,113.09
2020-01-01T18:27:00,SIM,113.57
2020-01-01T18:28:00,SIM,113.74
2020-01-01T18:29:00,SIM,114.31
2020-01-01T18:30:00,SIM,114.1
2020-01-01T18:31:00,SIM,114.57
2020-01-01T18:32:00,SIM,113.67
2020-01-01T18:33:00,SIM,113.74
2020-01-01T18:34:00,SIM,114.49
2020-01-01T18:35:00,SIM,115.07
2020-01-01T18:36:00,SIM,115.8
2020-01-01T18:37:00,SIM,116.13
2020-01-01T18:38:00,SIM,117.1
2020-01-01T18:39:00,SIM,117.59
2020-01-01T18:40:00,SIM,117.19
2020-01-01T18:41:00,SIM,116.76
2020-01-01T18:42:00,SIM,116.32
2020-01-01T18:43:00,SIM,115.39
2020-01-01T18:44:00,SIM,115.5
2020-01-01T18:45:00,SIM,116.23
2020-01-01T18:46:00,SIM,115.99
2020-01-01T18:47:00,SIM,115.66
2020-01-01T18:48:00,SIM,115.58
2020-01-01T18:49:00,SIM,115.31
2020-01-01T18:50:00,SIM,115.82
2020-01-01T18:51:00,SIM,115.72
2020-01-01T18:52:00,SIM,116.01
2020-01-01T18:53:00,SIM,115.66
2020-01-01T18:54:00,SIM,116.1
2020-01-01T18:55:00,SIM,116.37
2020-01-01T18:56:00,SIM,115.77
2020-01-01T18:57:00,SIM,115.32
2020-01-01T18:58:00,SIM,115.86
2020-01-01T18:59:00,SIM,115.93
2020-01-01T19:00:00,SIM,116.68
2020-01-01T19:01:00,SIM,117.55
2020-01-01T19:02:00,SIM,117.62
2020-01-01T19:03:00,SIM,117.95
2020-01-01T19:04:00,SIM,117.97
2020-01-01T19:05:00,SIM,117.41
2020-01-01T19:06:00,SIM,117.92
2020-01-01T19:07:00,SIM,118.59
2020-01-01T19:08:00,SIM,118.95
2020-01-01T19:09:00,SIM,118.36
2020-01-01T19:10:00,SIM,118.06
2020-01-01T19:11:00,SIM,117.83
2020-01-01T19:12:00,SIM,117.33
2020-01-01T19:13:00,SIM,116.89
2020-01-01T19:14:00,SIM,116.38
2020-01-01T19:15:00,SIM,117.13
2020-01-01T19:16:00,SIM,117.47
2020-01-01T19:17:00,SIM,118.2
2020-01-01T19:18:00,SIM,117.53
2020-01-01T19:19:00,SIM,118.33
2020-01-01T19:20:00,SIM,118.11
2020-01-01T19:21:00,SIM,118.18
2020-01-01T19:22:00,SIM,118.31
2020-01-01T19:23:00,SIM,118.67
2020-01-01T19:24:00,SIM,118.61
2020-01-01T19:25:00,SIM,118.05
2020-01-01T19:26:00,SIM,118.8
2020-01-01T19:27:00,SIM,117.81
2020-01-01T19:28:00,SIM,117.68
2020-01-01T19:29:00,SIM,118.02
2020-01-01T19:30:00,SIM,118.87
2020-01-01T19:31:00,SIM,119.47
2020-01-01T19:32:00,SIM,118.83
2020-01-01T19:33:00,SIM,118.98
2020-01-01T19:34:00,SIM,119.62
2020-01-01T19:35:00,SIM,120.54
2020-01-01T19:36:00,SIM,121.23
2020-01-01T19:37:00,SIM,120.6
2020-01-01T19:38:00,SIM,121.53
2020-01-01T19:39:00,SIM,121.07
2020-01-01T19:40:00,SIM,120.91
2020-01-01T19:41:00,SIM,119.93
2020-01-01T19:42:00,SIM,119.88
2020-01-01T19:43:00,SIM,118.89
2020-01-01T19:44:00,SIM,118.96
2020-01-01T19:45:00,SIM,118.28
2020-01-01T19:46:00,SIM,118.82
2020-01-01T19:47:00,SIM,118.86
2020-01-01T19:48:00,SIM,118.09
2020-01-01T19:49:00,SIM,118.01
2020-01-01T19:50:00,SIM,117.42
2020-01-01T19:51:00,SIM,117.41
2020-01-01T19:52:00,SIM,116.94
2020-01-01T19:53:00,SIM,116.91
2020-01-01T19:54:00,SIM,116.01
2020-01-01T19:55:00,SIM,115.47
2020-01-01T19:56:00,SIM,114.86
2020-01-01T19:57:00,SIM,115.54
2020-01-01T19:58:00,SIM,114.97
2020-01-01T19:59:00,SIM,114.11
2020-01-01T20:00:00,SIM,113.87
2020-01-01T20:01:00,SIM,114.31
2020-01-01T20:02:00,SIM,113.52
2020-01-01T20:03:00,SIM,114.29
2020-01-01T20:04:00,SIM,114.62
2020-01-01T20:05:00,SIM,114.78
2020-01-01T20:06:00,SIM,115.24
2020-01-01T20:07:00,SIM,115.08
2020-01-01T20:08:00,SIM,115.97
2020-01-01T20:09:00,SIM,116.52
2020-01-01T20:10:00,SIM,117.3
2020-01-01T20:11:00,SIM,117.75
2020-01-01T20:12:00,SIM,118.55
2020-01-01T20:13:00,SIM,119.33
2020-01-01T20:14:00,SIM,120.05
2020-01-01T20:15:00,SIM,120.68
2020-01-01T20:16:00,SIM,121.24
2020-01-01T20:17:00,SIM,121.4
2020-01-01T20:18:00,SIM,120.55
2020-01-01T20:19:00,SIM,121.47
2020-01-01T20:20:00,SIM,121.45
2020-01-01T20:21:00,SIM,120.82
2020-01-01T20:22:00,SIM,120.99
2020-01-01T20:23:00,SIM,120.69
2020-01-01T20:24:00,SIM,121.35
2020-01-01T20:25:00,SIM,121.98
2020-01-01T20:26:00,SIM,121.59
2020-01-01T20:27:00,SIM,121.68
2020-01-01T20:28:00,SIM,122.3
2020-01-01T20:29:00,SIM,121.85
2020-01-01T20:30:00,SIM,122.69
2020-01-01T20:31:00,SIM,123.65
2020-01-01T20:32:00,SIM,123.95
2020-01-01T20:33:00,SIM,124.85
2020-01-01T20:34:00,SIM,125.25
2020-01-01T20:35:00,SIM,124.28
2020-01-01T20:36:00,SIM,125.17
2020-01-01T20:37:00,SIM,124.43
2020-01-01T20:38:00,SIM,123.73
2020-01-01T20:39:00,SIM,122.73
2020-01-01T20:40:00,SIM,122.36
2020-01-01T20:41:00,SIM,122.44
2020-01-01T20:42:00,SIM,122.93
2020-01-01T20:43:00,SIM,122.83
2020-01-01T20:44:00,SIM,122.31
2020-01-01T20:45:00,SIM,121.63
2020-01-01T20:46:00,SIM,121.01
2020-01-01T20:47:00,SIM,120.04
2020-01-01T20:48:00,SIM,120.97
2020-01-01T20:49:00,SIM,120.09
2020-01-01T20:50:00,SIM,120.43
2020-01-01T20:51:00,SIM,120.51
2020-01-01T20:52:00,SIM,119.9
2020-01-01T20:53:00,SIM,120.15
2020-01-01T20:54:00,SIM,119.8
2020-01-01T20:55:00,SIM,119.9
2020-01-01T20:56:00,SIM,120.64
2020-01-01T20:57:00,SIM,120.22
2020-01-01T20:58:00,SIM,120.24
2020-01-01T20:59:00,SIM,119.8
2020-01-01T21:00:00,SIM,120.01
2020-01-01T21:01:00,SIM,119.08
2020-01-01T21:02:00,SIM,118.5
2020-01-01T21:03:00,SIM,117.83
2020-01-01T21:04:00,SIM,117.16
2020-01-01T21:05:00,SIM,116.42
2020-01-01T21:06:00,SIM,115.91
2020-01-01T21:07:00,SIM,114.91
2020-01-01T21:08:00,SIM,115.55
2020-01-01T21:09:00,SIM,116.21
2020-01-01T21:10:00,SIM,115.49
2020-01-01T21:11:00,SIM,116.07
2020-01-01T21:12:00,SIM,116.06
2020-01-01T21:13:00,SIM,115.85
2020-01-01T21:14:00,SIM,116.44
2020-01-01T21:15:00,SIM,115.47
2020-01-01T21:16:00,SIM,114.48
2020-01-01T21:17:00,SIM,114.44
2020-01-01T21:18:00,SIM,114.7
2020-01-01T21:19:00,SIM,115.54
2020-01-01T21:20:00,SIM,114.72
2020-01-01T21:21:00,SIM,113.86
2020-01-01T21:22:00,SIM,113.42
2020-01-01T21:23:00,SIM,112.49
2020-01-01T21:24:00,SIM,111.65
2020-01-01T21:25:00,SIM,112.46
2020-01-01T21:26:00,SIM,111.51
2020-01-01T21:27:00,SIM,110.62
2020-01-01T21:28:00,SIM,111.06
2020-01-01T21:29:00,SIM,110.1
2020-01-01T21:30:00,SIM,110.8
2020-01-01T21:31:00,SIM,111.13
2020-01-01T21:32:00,SIM,111.11
2020-01-01T21:33:00,SIM,112.05
2020-01-01T21:34:00,SIM,111.09
2020-01-01T21:35:00,SIM,110.52
2020-01-01T21:36:00,SIM,111.45
2020-01-01T21:37:00,SIM,110.94
2020-01-01T21:38:00,SIM,110.06
2020-01-01T21:39:00,SIM,110.36
2020-01-01T21:40:00,SIM,110.48
2020-01-01T21:41:00,SIM,110.42
2020-01-01T21:42:00,SIM,109.72
2020-01-01T21:43:00,SIM,109.78
2020-01-01T21:44:00,SIM,110.17
2020-01-01T21:45:00,SIM,109.66
2020-01-01T21:46:00,SIM,109.1
2020-01-01T21:47:00,SIM,109.0
2020-01-01T21:48:00,SIM,109.46
2020-01-01T21:49:00,SIM,108.83
2020-01-01T21:50:00,SIM,109.19
2020-01-01T21:51:00,SIM,108.94
2020-01-01T21:52:00,SIM,108.36
2020-01-01T21:53:00,SIM,109.07
2020-01-01T21:54:00,SIM,109.48
2020-01-01T21:55:00,SIM,109.55
2020-01-01T21:56:00,SIM,110.06
2020-01-01T21:57:00,SIM,109.29
2020-01-01T21:58:00,SIM,109.71
2020-01-01T21:59:00,SIM,110.67
2020-01-01T22:00:00,SIM,110.54
2020-01-01T22:01:00,SIM,110.39
2020-01-01T22:02:00,SIM,110.67
2020-01-01T22:03:00,SIM,109.71
2020-01-01T22:04:00,SIM,110.33
2020-01-01T22:05:00,SIM,110.81
2020-01-01T22:06:00,SIM,110.62
2020-01-01T22:07:00,SIM,111.17
2020-01-01T22:08:00,SIM,110.2
2020-01-01T22:09:00,SIM,110.05
2020-01-01T22:10:00,SIM,110.44
2020-01-01T22:11:00,SIM,110.82
2020-01-01T22:12:00,SIM,110.61
2020-01-01T22:13:00,SIM,110.21
2020-01-01T22:14:00,SIM,109.54
2020-01-01T22:15:00,SIM,109.44
2020-01-01T22:16:00,SIM,110.06
2020-01-01T22:17:00,SIM,109.36
2020-01-01T22:18:00,SIM,109.28
2020-01-01T22:19:00,SIM,108.58
2020-01-01T22:20:00,SIM,108.8
2020-01-01T22:21:00,SIM,108.45
2020-01-01T22:22:00,SIM,108.41
2020-01-01T22:23:00,SIM,109.13
2020-01-01T22:24:00,SIM,108.88
2020-01-01T22:25:00,SIM,108.61
2020-01-01T22:26:00,SIM,108.63
2020-01-01T22:27:00,SIM,108.23
2020-01-01T22:28:00,SIM,108.65
2020-01-01T22:29:00,SIM,109.43
2020-01-01T22:30:00,SIM,109.69
2020-01-01T22:31:00,SIM,108.95
2020-01-01T22:32:00,SIM,109.62
2020-01-01T22:33:00,SIM,109.43
2020-01-01T22:34:00,SIM,108.98
2020-01-01T22:35:00,SIM,109.59
2020-01-01T22:36:00,SIM,109.92
2020-01-01T22:37:00,SIM,109.71
2020-01-01T22:38:00,SIM,109.9
2020-01-01T22:39:00,SIM,109.46
2020-01-01T22:40:00,SIM,110.25
2020-01-01T22:41:00,SIM,110.07
2020-01-01T22:42:00,SIM,109.47
2020-01-01T22:43:00,SIM,109.34
2020-01-01T22:44:00,SIM,110.21
2020-01-01T22:45:00,SIM,110.77
2020-01-01T22:46:00,SIM,110.58
2020-01-01T22:47:00,SIM,110.7
2020-01-01T22:48:00,SIM,109.73
2020-01-01T22:49:00,SIM,108.85
2020-01-01T22:50:00,SIM,109.49
2020-01-01T22:51:00,SIM,110.44
2020-01-01T22:52:00,SIM,111.11
2020-01-01T22:53:00,SIM,112.06
2020-01-01T22:54:00,SIM,111.27
2020-01-01T22:55:00,SIM,110.48
2020-01-01T22:56:00,SIM,110.72
2020-01-01T22:57:00,SIM,110.75
2020-01-01T22:58:00,SIM,111.31
2020-01-01T22:59:00,SIM,110.55
2020-01-01T23:00:00,SIM,111.49
2020-01-01T23:01:00,SIM,111.54
2020-01-01T23:02:00,SIM,111.34
2020-01-01T23:03:00,SIM,110.36
2020-01-01T23:04:00,SIM,109.92
2020-01-01T23:05:00,SIM,110.38
2020-01-01T23:06:00,SIM,109.71
2020-01-01T23:07:00,SIM,108.86
2020-01-01T23:08:00,SIM,108.49
2020-01-01T23:09:00,SIM,108.74
2020-01-01T23:10:00,SIM,108.03
2020-01-01T23:11:00,SIM,108.29
2020-01-01T23:12:00,SIM,107.77
2020-01-01T23:13:00,SIM,107.17
2020-01-01T23:14:00,SIM,107.51
2020-01-01T23:15:00,SIM,106.58
2020-01-01T23:16:00,SIM,105.59
2020-01-01T23:17:00,SIM,105.39
2020-01-01T23:18:00,SIM,106.27
2020-01-01T23:19:00,SIM,105.48
2020-01-01T23:20:00,SIM,105.91
2020-01-01T23:21:00,SIM,106.58
2020-01-01T23:22:00,SIM,106.27
2020-01-01T23:23:00,SIM,107.07
2020-01-01T23:24:00,SIM,107.44
2020-01-01T23:25:00,SIM,107.33
2020-01-01T23:26:00,SIM,107.55
2020-01-01T23:27:00,SIM,106.64
2020-01-01T23:28:00,SIM,107.41
2020-01-01T23:29:00,SIM,106.63
2020-01-01T23:30:00,SIM,107.09
2020-01-01T23:31:00,SIM,106.83
2020-01-01T23:32:00,SIM,107.49
2020-01-01T23:33:00,SIM,106.78
2020-01-01T23:34:00,SIM,107.75
2020-01-01T23:35:00,SIM,107.86
2020-01-01T23:36:00,SIM,108.54
2020-01-01T23:37:00,SIM,107.92
2020-01-01T23:38:00,SIM,107.04
2020-01-01T23:39:00,SIM,106.84
2020-01-01T23:40:00,SIM,106.45
2020-01-01T23:41:00,SIM,106.47
2020-01-01T23:42:00,SIM,105.99
2020-01-01T23:43:00,SIM,105.1
2020-01-01T23:44:00,SIM,104.96
2020-01-01T23:45:00,SIM,105.54
2020-01-01T23:46:00,SIM,106.4
2020-01-01T23:47:00,SIM,106.13
2020-01-01T23:48:00,SIM,105.9
2020-01-01T23:49:00,SIM,105.47
2020-01-01T23:50:00,SIM,105.72
2020-01-01T23:51:00,SIM,106.28
2020-01-01T23:52:00,SIM,106.39
2020-01-01T23:53:00,SIM,106.92
2020-01-01T23:54:00,SIM,106.92
2020-01-01T23:55:00,SIM,106.82
2020-01-01T23:56:00,SIM,107.36
2020-01-01T23:57:00,SIM,106.69
2020-01-01T23:58:00,SIM,106.68
2020-01-01T23:59:00,SIM,106.86
2020-01-02T00:00:00,SIM,106.33
2020-01-02T00:01:00,SIM,106.75
2020-01-02T00:02:00,SIM,106.29
2020-01-02T00:03:00,SIM,106.99
2020-01-02T00:04:00,SIM,107.27
2020-01-02T00:05:00,SIM,106.61
2020-01-02T00:06:00,SIM,106.74
2020-01-02T00:07:00,SIM,106.12
2020-01-02T00:08:00,SIM,106.19
2020-01-02T00:09:00,SIM,106.08
2020-01-02T00:10:00,SIM,107.01
2020-01-02T00:11:00,SIM,106.56
2020-01-02T00:12:00,SIM,105.98
2020-01-02T00:13:00,SIM,106.34
2020-01-02T00:14:00,SIM,106.99
2020-01-02T00:15:00,SIM,107.71
2020-01-02T00:16:00,SIM,107.77
2020-01-02T00:17:00,SIM,108.65
2020-01-02T00:18:00,SIM,109.3
2020-01-02T00:19:00,SIM,108.99
2020-01-02T00:20:00,SIM,108.08
2020-01-02T00:21:00,SIM,108.47
2020-01-02T00:22:00,SIM,108.05
2020-01-02T00:23:00,SIM,107.91
2020-01-02T00:24:00,SIM,108.33
2020-01-02T00:25:00,SIM,108.97
2020-01-02T00:26:00,SIM,108.51
2020-01-02T00:27:00,SIM,109.1
2020-01-02T00:28:00,SIM,109.57
2020-01-02T00:29:00,SIM,108.9
2020-01-02T00:30:00,SIM,107.97
2020-01-02T00:31:00,SIM,107.66
2020-01-02T00:32:00,SIM,108.4
2020-01-02T00:33:00,SIM,108.11
2020-01-02T00:34:00,SIM,108.34
2020-01-02T00:35:00,SIM,107.74
2020-01-02T00:36:00,SIM,107.25
2020-01-02T00:37:00,SIM,108.02
2020-01-02T00:38:00,SIM,108.92
2020-01-02T00:39:00,SIM,108.25
2020-01-02T00:40:00,SIM,108.77
2020-01-02T00:41:00,SIM,109.69
2020-01-02T00:42:00,SIM,109.33
2020-01-02T00:43:00,SIM,109.49
2020-01-02T00:44:00,SIM,109.28
2020-01-02T00:45:00,SIM,109.84
2020-01-02T00:46:00,SIM,109.71
2020-01-02T00:47:00,SIM,109.56
2020-01-02T00:48:00,SIM,108.79
2020-01-02T00:49:00,SIM,109.61
2020-01-02T00:50:00,SIM,109.17
2020-01-02T00:51:00,SIM,108.62
2020-01-02T00:52:00,SIM,108.32
2020-01-02T00:53:00,SIM,108.42
2020-01-02T00:54:00,SIM,108.0
2020-01-02T00:55:00,SIM,107.64
2020-01-02T00:56:00,SIM,107.23
2020-01-02T00:57:00,SIM,108.1
2020-01-02T00:58:00,SIM,108.96
2020-01-02T00:59:00,SIM,108.23
2020-01-02T01:00:00,SIM,108.06
2020-01-02T01:01:00,SIM,108.89
2020-01-02T01:02:00,SIM,108.64
2020-01-02T01:03:00,SIM,108.01
2020-01-02T01:04:00,SIM,107.34
2020-01-02T01:05:00,SIM,106.46
2020-01-02T01:06:00,SIM,107.38
2020-01-02T01:07:00,SIM,107.17
2020-01-02T01:08:00,SIM,107.32
2020-01-02T01:09:00,SIM,106.93
2020-01-02T01:10:00,SIM,106.36
2020-01-02T01:11:00,SIM,105.37
2020-01-02T01:12:00,SIM,105.25
2020-01-02T01:13:00,SIM,105.08
2020-01-02T01:14:00,SIM,104.69
2020-01-02T01:15:00,SIM,104.65
2020-01-02T01:16:00,SIM,103.8
2020-01-02T01:17:00,SIM,103.79
2020-01-02T01:18:00,SIM,103.98
2020-01-02T01:19:00,SIM,104.84
2020-01-02T01:20:00,SIM,105.22
2020-01-02T01:21:00,SIM,104.48
2020-01-02T01:22:00,SIM,104.45
2020-01-02T01:23:00,SIM,104.3
2020-01-02T01:24:00,SIM,105.27
2020-01-02T01:25:00,SIM,105.5
2020-01-02T01:26:00,SIM,105.99
2020-01-02T01:27:00,SIM,106.14
2020-01-02T01:28:00,SIM,107.05
2020-01-02T01:29:00,SIM,106.23
2020-01-02T01:30:00,SIM,106.53
2020-01-02T01:31:00,SIM,106.76
2020-01-02T01:32:00,SIM,107.71
2020-01-02T01:33:00,SIM,108.68
2020-01-02T01:34:00,SIM,108.9
2020-01-02T01:35:00,SIM,109.42
2020-01-02T01:36:00,SIM,108.86
2020-01-02T01:37:00,SIM,108.12
2020-01-02T01:38:00,SIM,107.52
2020-01-02T01:39:00,SIM,107.83
2020-01-02T01:40:00,SIM,107.68
2020-01-02T01:41:00,SIM,107.97
2020-01-02T01:42:00,SIM,108.73
2020-01-02T01:43:00,SIM,108.46
2020-01-02T01:44:00,SIM,108.55
2020-01-02T01:45:00,SIM,108.3
2020-01-02T01:46:00,SIM,109.11
2020-01-02T01:47:00,SIM,109.24
2020-01-02T01:48:00,SIM,110.11
2020-01-02T01:49:00,SIM,109.22
2020-01-02T01:50:00,SIM,109.12
2020-01-02T01:51:00,SIM,109.22
2020-01-02T01:52:00,SIM,110.08
2020-01-02T01:53:00,SIM,110.63
2020-01-02T01:54:00,SIM,111.04
2020-01-02T01:55:00,SIM,111.8
2020-01-02T01:56:00,SIM,112.33
2020-01-02T01:57:00,SIM,111.74
2020-01-02T01:58:00,SIM,112.63
2020-01-02T01:59:00,SIM,112.39
2020-01-02T02:00:00,SIM,113.09
2020-01-02T02:01:00,SIM,112.51
2020-01-02T02:02:00,SIM,112.86
2020-01-02T02:03:00,SIM,112.41
2020-01-02T02:04:00,SIM,112.18
2020-01-02T02:05:00,SIM,113.17
2020-01-02T02:06:00,SIM,112.49
2020-01-02T02:07:00,SIM,111.91
2020-01-02T02:08:00,SIM,111.28
2020-01-02T02:09:00,SIM,111.52
2020-01-02T02:10:00,SIM,111.53
2020-01-02T02:11:00,SIM,111.19
2020-01-02T02:12:00,SIM,111.17
2020-01-02T02:13:00,SIM,110.6
2020-01-02T02:14:00,SIM,111.05
2020-01-02T02:15:00,SIM,111.1
2020-01-02T02:16:00,SIM,110.26
2020-01-02T02:17:00,SIM,109.96
2020-01-02T02:18:00,SIM,109.6
2020-01-02T02:19:00,SIM,110.39
2020-01-02T02:20:00,SIM,110.01
2020-01-02T02:21:00,SIM,110.84
2020-01-02T02:22:00,SIM,110.38
2020-01-02T02:23:00,SIM,110.7
2020-01-02T02:24:00,SIM,111.35
2020-01-02T02:25:00,SIM,110.93
2020-01-02T02:26:00,SIM,110.64
2020-01-02T02:27:00,SIM,110.4
2020-01-02T02:28:00,SIM,110.18
2020-01-02T02:29:00,SIM,110.35
2020-01-02T02:30:00,SIM,110.39
2020-01-02T02:31:00,SIM,110.93
2020-01-02T02:32:00,SIM,110.16
2020-01-02T02:33:00,SIM,109.39
2020-01-02T02:34:00,SIM,109.91
2020-01-02T02:35:00,SIM,110.36
2020-01-02T02:36:00,SIM,110.84
2020-01-02T02:37:00,SIM,111.79
2020-01-02T02:38:00,SIM,112.54
2020-01-02T02:39:00,SIM,111.77
2020-01-02T02:40:00,SIM,111.3
2020-01-02T02:41:00,SIM,112.12
2020-01-02T02:42:00,SIM,112.77
2020-01-02T02:43:00,SIM,112.57
2020-01-02T02:44:00,SIM,113.19
2020-01-02T02:45:00,SIM,113.69
2020-01-02T02:46:00,SIM,113.06
2020-01-02T02:47:00,SIM,113.38
2020-01-02T02:48:00,SIM,112.66
2020-01-02T02:49:00,SIM,112.85
2020-01-02T02:50:00,SIM,112.64
2020-01-02T02:51:00,SIM,111.97
2020-01-02T02:52:00,SIM,111.96
2020-01-02T02:53:00,SIM,111.71
2020-01-02T02:54:00,SIM,111.23
2020-01-02T02:55:00,SIM,111.38
2020-01-02T02:56:00,SIM,112.1
2020-01-02T02:57:00,SIM,111.85
2020-01-02T02:58:00,SIM,111.95
2020-01-02T02:59:00,SIM,112.23
2020-01-02T03:00:00,SIM,111.44
2020-01-02T03:01:00,SIM,112.12
2020-01-02T03:02:00,SIM,112.48
2020-01-02T03:03:00,SIM,112.23
2020-01-02T03:04:00,SIM,111.4
2020-01-02T03:05:00,SIM,111.37
2020-01-02T03:06:00,SIM,112.17
2020-01-02T03:07:00,SIM,113.15
2020-01-02T03:08:00,SIM,113.77
2020-01-02T03:09:00,SIM,114.16
2020-01-02T03:10:00,SIM,113.79
2020-01-02T03:11:00,SIM,113.8
2020-01-02T03:12:00,SIM,113.46
2020-01-02T03:13:00,SIM,113.05
2020-01-02T03:14:00,SIM,112.43
2020-01-02T03:15:00,SIM,112.61
2020-01-02T03:16:00,SIM,112.5
2020-01-02T03:17:00,SIM,113.04
2020-01-02T03:18:00,SIM,112.97
2020-01-02T03:19:00,SIM,112.7
2020-01-02T03:20:00,SIM,113.66
2020-01-02T03:21:00,SIM,114.07
2020-01-02T03:22:00,SIM,114.84
2020-01-02T03:23:00,SIM,115.34
2020-01-02T03:24:00,SIM,116.17
2020-01-02T03:25:00,SIM,116.83
2020-01-02T03:26:00,SIM,117.77
2020-01-02T03:27:00,SIM,117.93
2020-01-02T03:28:00,SIM,118.76
2020-01-02T03:29:00,SIM,118.85
2020-01-02T03:30:00,SIM,118.16
2020-01-02T03:31:00,SIM,117.18
2020-01-02T03:32:00,SIM,116.69
2020-01-02T03:33:00,SIM,116.96
2020-01-02T03:34:00,SIM,116.65
2020-01-02T03:35:00,SIM,116.41
2020-01-02T03:36:00,SIM,116.49
2020-01-02T03:37:00,SIM,117.35
2020-01-02T03:38:00,SIM,116.46
2020-01-02T03:39:00,SIM,116.59
2020-01-02T03:40:00,SIM,116.12
2020-01-02T03:41:00,SIM,115.39
2020-01-02T03:42:00,SIM,115.77
2020-01-02T03:43:00,SIM,115.73
2020-01-02T03:44:00,SIM,115.06
2020-01-02T03:45:00,SIM,115.16
2020-01-02T03:46:00,SIM,115.85
2020-01-02T03:47:00,SIM,115.49
2020-01-02T03:48:00,SIM,114.99
2020-01-02T03:49:00,SIM,115.97
2020-01-02T03:50:00,SIM,115.78
2020-01-02T03:51:00,SIM,116.24
2020-01-02T03:52:00,SIM,116.73
2020-01-02T03:53:00,SIM,117.44
2020-01-02T03:54:00,SIM,117.48
2020-01-02T03:55:00,SIM,118.13
2020-01-02T03:56:00,SIM,117.88
2020-01-02T03:57:00,SIM,118.75
2020-01-02T03:58:00,SIM,117.94
2020-01-02T03:59:00,SIM,118.07
2020-01-02T04:00:00,SIM,117.45
2020-01-02T04:01:00,SIM,118.26
2020-01-02T04:02:00,SIM,117.98
2020-01-02T04:03:00,SIM,118.07
2020-01-02T04:04:00,SIM,117.46
2020-01-02T04:05:00,SIM,118.11
2020-01-02T04:06:00,SIM,118.2
2020-01-02T04:07:00,SIM,117.28
2020-01-02T04:08:00,SIM,117.39
2020-01-02T04:09:00,SIM,116.79
2020-01-02T04:10:00,SIM,116.26
2020-01-02T04:11:00,SIM,115.87
2020-01-02T04:12:00,SIM,115.29
2020-01-02T04:13:00,SIM,115.91
2020-01-02T04:14:00,SIM,115.08
2020-01-02T04:15:00,SIM,115.28
2020-01-02T04:16:00,SIM,114.51
2020-01-02T04:17:00,SIM,114.78
2020-01-02T04:18:00,SIM,114.04
2020-01-02T04:19:00,SIM,115.01
2020-01-02T04:20:00,SIM,115.36
2020-01-02T04:21:00,SIM,114.9
2020-01-02T04:22:00,SIM,114.79
2020-01-02T04:23:00,SIM,114.65
2020-01-02T04:24:00,SIM,115.08
2020-01-02T04:25:00,SIM,115.03
2020-01-02T04:26:00,SIM,114.43
2020-01-02T04:27:00,SIM,114.84
2020-01-02T04:28:00,SIM,114.01
2020-01-02T04:29:00,SIM,114.32
2020-01-02T04:30:00,SIM,115.26
2020-01-02T04:31:00,SIM,114.41
2020-01-02T04:32:00,SIM,113.82
2020-01-02T04:33:00,SIM,114.04
2020-01-02T04:34:00,SIM,114.2
2020-01-02T04:35:00,SIM,114.94
2020-01-02T04:36:00,SIM,114.17
2020-01-02T04:37:00,SIM,114.61
2020-01-02T04:38:00,SIM,113.82
2020-01-02T04:39:00,SIM,114.47
2020-01-02T04:40:00,SIM,114.27
2020-01-02T04:41:00,SIM,113.65
2020-01-02T04:42:00,SIM,114.25
2020-01-02T04:43:00,SIM,114.59
2020-01-02T04:44:00,SIM,113.84
2020-01-02T04:45:00,SIM,114.12
2020-01-02T04:46:00,SIM,113.83
2020-01-02T04:47:00,SIM,114.01
2020-01-02T04:48:00,SIM,114.68
2020-01-02T04:49:00,SIM,114.91
2020-01-02T04:50:00,SIM,115.4
2020-01-02T04:51:00,SIM,114.89
2020-01-02T04:52:00,SIM,114.76
2020-01-02T04:53:00,SIM,114.1
2020-01-02T04:54:00,SIM,113.35
2020-01-02T04:55:00,SIM,112.8
2020-01-02T04:56:00,SIM,113.49
2020-01-02T04:57:00,SIM,113.33
2020-01-02T04:58:00,SIM,112.63
2020-01-02T04:59:00,SIM,111.79
2020-01-02T05:00:00,SIM,111.96
2020-01-02T05:01:00,SIM,112.01
2020-01-02T05:02:00,SIM,111.28
2020-01-02T05:03:00,SIM,110.6
2020-01-02T05:04:00,SIM,110.53
2020-01-02T05:05:00,SIM,109.74
2020-01-02T05:06:00,SIM,108.9
2020-01-02T05:07:00,SIM,108.58
2020-01-02T05:08:00,SIM,108.13
2020-01-02T05:09:00,SIM,107.5
2020-01-02T05:10:00,SIM,107.85
2020-01-02T05:11:00,SIM,107.43
2020-01-02T05:12:00,SIM,108.38
2020-01-02T05:13:00,SIM,109.19
2020-01-02T05:14:00,SIM,108.39
2020-01-02T05:15:00,SIM,109.07
2020-01-02T05:16:00,SIM,109.22
2020-01-02T05:17:00,SIM,108.56
2020-01-02T05:18:00,SIM,108.63
2020-01-02T05:19:00,SIM,107.81
2020-01-02T05:20:00,SIM,107.83
2020-01-02T05:21:00,SIM,106.88
2020-01-02T05:22:00,SIM,106.3
2020-01-02T05:23:00,SIM,106.51
2020-01-02T05:24:00,SIM,107.26
2020-01-02T05:25:00,SIM,106.33
2020-01-02T05:26:00,SIM,105.74
2020-01-02T05:27:00,SIM,106.13
2020-01-02T05:28:00,SIM,106.89
2020-01-02T05:29:00,SIM,105.97
2020-01-02T05:30:00,SIM,105.67
2020-01-02T05:31:00,SIM,106.19
2020-01-02T05:32:00,SIM,107.04
2020-01-02T05:33:00,SIM,107.18
2020-01-02T05:34:00,SIM,107.73
2020-01-02T05:35:00,SIM,107.78
2020-01-02T05:36:00,SIM,106.96
2020-01-02T05:37:00,SIM,107.08
2020-01-02T05:38:00,SIM,106.35
2020-01-02T05:39:00,SIM,105.99
2020-01-02T05:40:00,SIM,106.67
2020-01-02T05:41:00,SIM,106.69
2020-01-02T05:42:00,SIM,106.48
2020-01-02T05:43:00,SIM,105.89
2020-01-02T05:44:00,SIM,106.47
2020-01-02T05:45:00,SIM,106.29
2020-01-02T05:46:00,SIM,107.24
2020-01-02T05:47:00,SIM,107.96
2020-01-02T05:48:00,SIM,107.84
2020-01-02T05:49:00,SIM,108.72
2020-01-02T05:50:00,SIM,107.75
2020-01-02T05:51:00,SIM,107.13
2020-01-02T05:52:00,SIM,107.85
2020-01-02T05:53:00,SIM,106.85
2020-01-02T05:54:00,SIM,107.35
2020-01-02T05:55:00,SIM,107.11
2020-01-02T05:56:00,SIM,106.25
2020-01-02T05:57:00,SIM,106.04
2020-01-02T05:58:00,SIM,105.5
2020-01-02T05:59:00,SIM,106.05
2020-01-02T06:00:00,SIM,105.15
2020-01-02T06:01:00,SIM,104.48
2020-01-02T06:02:00,SIM,104.8
2020-01-02T06:03:00,SIM,104.51
2020-01-02T06:04:00,SIM,103.79
2020-01-02T06:05:00,SIM,103.03
2020-01-02T06:06:00,SIM,102.64
2020-01-02T06:07:00,SIM,103.31
2020-01-02T06:08:00,SIM,102.92
2020-01-02T06:09:00,SIM,103.32
2020-01-02T06:10:00,SIM,103.56
2020-01-02T06:11:00,SIM,102.6
2020-01-02T06:12:00,SIM,102.86
2020-01-02T06:13:00,SIM,103.75
2020-01-02T06:14:00,SIM,103.49
2020-01-02T06:15:00,SIM,102.71
2020-01-02T06:16:00,SIM,102.33
2020-01-02T06:17:00,SIM,102.23
2020-01-02T06:18:00,SIM,102.5
2020-01-02T06:19:00,SIM,103.3
2020-01-02T06:20:00,SIM,103.9
2020-01-02T06:21:00,SIM,104.42
2020-01-02T06:22:00,SIM,103.89
2020-01-02T06:23:00,SIM,103.82
2020-01-02T06:24:00,SIM,104.29
2020-01-02T06:25:00,SIM,104.41
2020-01-02T06:26:00,SIM,104.63
2020-01-02T06:27:00,SIM,103.87
2020-01-02T06:28:00,SIM,103.96
2020-01-02T06:29:00,SIM,102.98
2020-01-02T06:30:00,SIM,102.65
2020-01-02T06:31:00,SIM,103.25
2020-01-02T06:32:00,SIM,103.96
2020-01-02T06:33:00,SIM,103.54
2020-01-02T06:34:00,SIM,104.0
2020-01-02T06:35:00,SIM,104.61
2020-01-02T06:36:00,SIM,105.52
2020-01-02T06:37:00,SIM,106.08
2020-01-02T06:38:00,SIM,105.25
2020-01-02T06:39:00,SIM,104.5
2020-01-02T06:40:00,SIM,105.41
2020-01-02T06:41:00,SIM,104.89
2020-01-02T06:42:00,SIM,104.74
2020-01-02T06:43:00,SIM,104.46
2020-01-02T06:44:00,SIM,104.9
2020-01-02T06:45:00,SIM,105.32
2020-01-02T06:46:00,SIM,105.03
2020-01-02T06:47:00,SIM,104.71
2020-01-02T06:48:00,SIM,103.93
2020-01-02T06:49:00,SIM,103.34
2020-01-02T06:50:00,SIM,103.61
2020-01-02T06:51:00,SIM,102.95
2020-01-02T06:52:00,SIM,103.22
2020-01-02T06:53:00,SIM,103.57
2020-01-02T06:54:00,SIM,104.25
2020-01-02T06:55:00,SIM,104.07
2020-01-02T06:56:00,SIM,104.13
2020-01-02T06:57:00,SIM,104.17
2020-01-02T06:58:00,SIM,104.83
2020-01-02T06:59:00,SIM,105.3
2020-01-02T07:00:00,SIM,105.67
2020-01-02T07:01:00,SIM,106.67
2020-01-02T07:02:00,SIM,106.94
2020-01-02T07:03:00,SIM,107.5
2020-01-02T07:04:00,SIM,107.62
2020-01-02T07:05:00,SIM,106.63
2020-01-02T07:06:00,SIM,106.43
2020-01-02T07:07:00,SIM,107.33
2020-01-02T07:08:00,SIM,108.24
2020-01-02T07:09:00,SIM,108.16
2020-01-02T07:10:00,SIM,109.13
2020-01-02T07:11:00,SIM,108.17
2020-01-02T07:12:00,SIM,108.57
2020-01-02T07:13:00,SIM,109.55
2020-01-02T07:14:00,SIM,109.86
2020-01-02T07:15:00,SIM,110.57
2020-01-02T07:16:00,SIM,111.35
2020-01-02T07:17:00,SIM,111.89
2020-01-02T07:18:00,SIM,111.44
2020-01-02T07:19:00,SIM,111.78
2020-01-02T07:20:00,SIM,112.24
2020-01-02T07:21:00,SIM,112.64
2020-01-02T07:22:00,SIM,112.35
2020-01-02T07:23:00,SIM,112.65
2020-01-02T07:24:00,SIM,112.18
2020-01-02T07:25:00,SIM,112.63
2020-01-02T07:26:00,SIM,113.18
2020-01-02T07:27:00,SIM,113.58
2020-01-02T07:28:00,SIM,114.08
2020-01-02T07:29:00,SIM,113.54
2020-01-02T07:30:00,SIM,112.83
2020-01-02T07:31:00,SIM,113.5
2020-01-02T07:32:00,SIM,113.82
2020-01-02T07:33:00,SIM,114.09
2020-01-02T07:34:00,SIM,115.07
2020-01-02T07:35:00,SIM,114.41
2020-01-02T07:36:00,SIM,114.36
2020-01-02T07:37:00,SIM,115.08
2020-01-02T07:38:00,SIM,114.5
2020-01-02T07:39:00,SIM,115.31
2020-01-02T07:40:00,SIM,115.28
2020-01-02T07:41:00,SIM,115.88
2020-01-02T07:42:00,SIM,115.09
2020-01-02T07:43:00,SIM,114.52
2020-01-02T07:44:00,SIM,115.52
2020-01-02T07:45:00,SIM,114.84
2020-01-02T07:46:00,SIM,114.59
2020-01-02T07:47:00,SIM,113.99
2020-01-02T07:48:00,SIM,114.51
2020-01-02T07:49:00,SIM,114.81
2020-01-02T07:50:00,SIM,115.23
2020-01-02T07:51:00,SIM,115.0
2020-01-02T07:52:00,SIM,115.4
2020-01-02T07:53:00,SIM,115.57
2020-01-02T07:54:00,SIM,115.58
2020-01-02T07:55:00,SIM,114.77
2020-01-02T07:56:00,SIM,115.34
2020-01-02T07:57:00,SIM,114.61
2020-01-02T07:58:00,SIM,115.06
2020-01-02T07:59:00,SIM,114.72
2020-01-02T08:00:00,SIM,114.13
2020-01-02T08:01:00,SIM,113.4
2020-01-02T08:02:00,SIM,113.39
2020-01-02T08:03:00,SIM,113.8
2020-01-02T08:04:00,SIM,114.08
2020-01-02T08:05:00,SIM,113.15
2020-01-02T08:06:00,SIM,112.53
2020-01-02T08:07:00,SIM,112.79
2020-01-02T08:08:00,SIM,112.0
2020-01-02T08:09:00,SIM,112.97
2020-01-02T08:10:00,SIM,113.25
2020-01-02T08:11:00,SIM,113.84
2020-01-02T08:12:00,SIM,114.73
2020-01-02T08:13:00,SIM,115.55
2020-01-02T08:14:00,SIM,115.02
2020-01-02T08:15:00,SIM,114.87
2020-01-02T08:16:00,SIM,115.52
2020-01-02T08:17:00,SIM,115.44
2020-01-02T08:18:00,SIM,115.37
2020-01-02T08:19:00,SIM,116.12
2020-01-02T08:20:00,SIM,115.85
2020-01-02T08:21:00,SIM,115.35
2020-01-02T08:22:00,SIM,114.7
2020-01-02T08:23:00,SIM,114.55
2020-01-02T08:24:00,SIM,114.48
2020-01-02T08:25:00,SIM,115.3
2020-01-02T08:26:00,SIM,115.22
2020-01-02T08:27:00,SIM,115.07
2020-01-02T08:28:00,SIM,115.04
2020-01-02T08:29:00,SIM,114.87
2020-01-02T08:30:00,SIM,114.88
2020-01-02T08:31:00,SIM,114.08
2020-01-02T08:32:00,SIM,113.16
2020-01-02T08:33:00,SIM,112.97
2020-01-02T08:34:00,SIM,112.08
2020-01-02T08:35:00,SIM,111.2
2020-01-02T08:36:00,SIM,111.36
2020-01-02T08:37:00,SIM,110.99
2020-01-02T08:38:00,SIM,111.2
2020-01-02T08:39:00,SIM,112.1
2020-01-02T08:40:00,SIM,113.0
2020-01-02T08:41:00,SIM,113.81
2020-01-02T08:42:00,SIM,114.26
2020-01-02T08:43:00,SIM,114.36
2020-01-02T08:44:00,SIM,114.44
2020-01-02T08:45:00,SIM,113.64
2020-01-02T08:46:00,SIM,112.75
2020-01-02T08:47:00,SIM,112.88
2020-01-02T08:48:00,SIM,113.08
2020-01-02T08:49:00,SIM,112.57
2020-01-02T08:50:00,SIM,111.67
2020-01-02T08:51:00,SIM,112.33
2020-01-02T08:52:00,SIM,111.55
2020-01-02T08:53:00,SIM,112.53
2020-01-02T08:54:00,SIM,112.44
2020-01-02T08:55:00,SIM,111.84
2020-01-02T08:56:00,SIM,112.61
2020-01-02T08:57:00,SIM,111.61
2020-01-02T08:58:00,SIM,111.28
2020-01-02T08:59:00,SIM,112.05
2020-01-02T09:00:00,SIM,111.28
2020-01-02T09:01:00,SIM,110.59
2020-01-02T09:02:00,SIM,110.79
2020-01-02T09:03:00,SIM,111.14
2020-01-02T09:04:00,SIM,111.21
2020-01-02T09:05:00,SIM,111.1
2020-01-02T09:06:00,SIM,110.74
2020-01-02T09:07:00,SIM,111.46
2020-01-02T09:08:00,SIM,111.69
2020-01-02T09:09:00,SIM,111.03
2020-01-02T09:10:00,SIM,110.63
2020-01-02T09:11:00,SIM,109.93
2020-01-02T09:12:00,SIM,110.87
2020-01-02T09:13:00,SIM,111.63
2020-01-02T09:14:00,SIM,112.04
2020-01-02T09:15:00,SIM,111.51
2020-01-02T09:16:00,SIM,110.82
2020-01-02T09:17:00,SIM,109.87
2020-01-02T09:18:00,SIM,110.62
2020-01-02T09:19:00,SIM,109.9
2020-01-02T09:20:00,SIM,110.57
2020-01-02T09:21:00,SIM,109.86
2020-01-02T09:22:00,SIM,109.62
2020-01-02T09:23:00,SIM,109.1
2020-01-02T09:24:00,SIM,108.41
2020-01-02T09:25:00,SIM,108.81
2020-01-02T09:26:00,SIM,108.92
2020-01-02T09:27:00,SIM,109.78
2020-01-02T09:28:00,SIM,110.03
2020-01-02T09:29:00,SIM,110.01
2020-01-02T09:30:00,SIM,109.03
2020-01-02T09:31:00,SIM,109.12
2020-01-02T09:32:00,SIM,108.17
2020-01-02T09:33:00,SIM,107.85
2020-01-02T09:34:00,SIM,107.63
2020-01-02T09:35:00,SIM,106.66
2020-01-02T09:36:00,SIM,107.08
2020-01-02T09:37:00,SIM,108.0
2020-01-02T09:38:00,SIM,107.45
2020-01-02T09:39:00,SIM,108.08
2020-01-02T09:40:00,SIM,107.44
2020-01-02T09:41:00,SIM,108.4
2020-01-02T09:42:00,SIM,108.91
2020-01-02T09:43:00,SIM,109.14
2020-01-02T09:44:00,SIM,108.32
2020-01-02T09:45:00,SIM,108.96
2020-01-02T09:46:00,SIM,109.55
2020-01-02T09:47:00,SIM,108.72
2020-01-02T09:48:00,SIM,107.89
2020-01-02T09:49:00,SIM,108.0
2020-01-02T09:50:00,SIM,108.7
2020-01-02T09:51:00,SIM,109.38
2020-01-02T09:52:00,SIM,108.5
2020-01-02T09:53:00,SIM,107.68
2020-01-02T09:54:00,SIM,108.37
2020-01-02T09:55:00,SIM,107.94
2020-01-02T09:56:00,SIM,107.91
2020-01-02T09:57:00,SIM,107.38
2020-01-02T09:58:00,SIM,108.19
2020-01-02T09:59:00,SIM,107.74
2020-01-02T10:00:00,SIM,107.67
2020-01-02T10:01:00,SIM,108.27
2020-01-02T10:02:00,SIM,109.07
2020-01-02T10:03:00,SIM,108.19
2020-01-02T10:04:00,SIM,108.78
2020-01-02T10:05:00,SIM,108.53
2020-01-02T10:06:00,SIM,107.68
2020-01-02T10:07:00,SIM,107.08
2020-01-02T10:08:00,SIM,107.37
2020-01-02T10:09:00,SIM,107.04
2020-01-02T10:10:00,SIM,106.87
2020-01-02T10:11:00,SIM,105.95
2020-01-02T10:12:00,SIM,106.77
2020-01-02T10:13:00,SIM,106.22
2020-01-02T10:14:00,SIM,107.08
2020-01-02T10:15:00,SIM,107.79
2020-01-02T10:16:00,SIM,108.51
2020-01-02T10:17:00,SIM,108.91
2020-01-02T10:18:00,SIM,108.11
2020-01-02T10:19:00,SIM,108.14
2020-01-02T10:20:00,SIM,107.87
2020-01-02T10:21:00,SIM,107.22
2020-01-02T10:22:00,SIM,106.45
2020-01-02T10:23:00,SIM,105.88
2020-01-02T10:24:00,SIM,106.62
2020-01-02T10:25:00,SIM,107.32
2020-01-02T10:26:00,SIM,106.36
2020-01-02T10:27:00,SIM,105.46
2020-01-02T10:28:00,SIM,104.49
2020-01-02T10:29:00,SIM,104.73
2020-01-02T10:30:00,SIM,103.94
2020-01-02T10:31:00,SIM,104.2
2020-01-02T10:32:00,SIM,104.28
2020-01-02T10:33:00,SIM,105.02
2020-01-02T10:34:00,SIM,104.79
2020-01-02T10:35:00,SIM,104.66
2020-01-02T10:36:00,SIM,104.46
2020-01-02T10:37:00,SIM,103.58
2020-01-02T10:38:00,SIM,103.42
2020-01-02T10:39:00,SIM,104.39
2020-01-02T10:40:00,SIM,105.0
2020-01-02T10:41:00,SIM,104.11
2020-01-02T10:42:00,SIM,103.3
2020-01-02T10:43:00,SIM,103.64
2020-01-02T10:44:00,SIM,103.97
2020-01-02T10:45:00,SIM,103.93
2020-01-02T10:46:00,SIM,104.75
2020-01-02T10:47:00,SIM,105.31
2020-01-02T10:48:00,SIM,105.42
2020-01-02T10:49:00,SIM,105.32
2020-01-02T10:50:00,SIM,105.31
2020-01-02T10:51:00,SIM,106.1
2020-01-02T10:52:00,SIM,106.53
2020-01-02T10:53:00,SIM,107.2
2020-01-02T10:54:00,SIM,108.14
2020-01-02T10:55:00,SIM,108.15
2020-01-02T10:56:00,SIM,108.13
2020-01-02T10:57:00,SIM,108.73
2020-01-02T10:58:00,SIM,107.88
2020-01-02T10:59:00,SIM,107.28
2020-01-02T11:00:00,SIM,108.26
2020-01-02T11:01:00,SIM,108.49
2020-01-02T11:02:00,SIM,108.56
2020-01-02T11:03:00,SIM,109.21
2020-01-02T11:04:00,SIM,108.82
2020-01-02T11:05:00,SIM,108.51
2020-01-02T11:06:00,SIM,108.87
2020-01-02T11:07:00,SIM,108.7
2020-01-02T11:08:00,SIM,109.27
2020-01-02T11:09:00,SIM,109.85
2020-01-02T11:10:00,SIM,109.98
2020-01-02T11:11:00,SIM,109.26
2020-01-02T11:12:00,SIM,108.66
2020-01-02T11:13:00,SIM,109.54
2020-01-02T11:14:00,SIM,109.85
2020-01-02T11:15:00,SIM,110.28
2020-01-02T11:16:00,SIM,111.17
2020-01-02T11:17:00,SIM,110.81
2020-01-02T11:18:00,SIM,111.19
2020-01-02T11:19:00,SIM,111.58
2020-01-02T11:20:00,SIM,110.67
2020-01-02T11:21:00,SIM,110.08
2020-01-02T11:22:00,SIM,110.89
2020-01-02T11:23:00,SIM,110.82
2020-01-02T11:24:00,SIM,109.93
2020-01-02T11:25:00,SIM,110.78
2020-01-02T11:26:00,SIM,110.31
2020-01-02T11:27:00,SIM,110.79
2020-01-02T11:28:00,SIM,111.45
2020-01-02T11:29:00,SIM,112.07
2020-01-02T11:30:00,SIM,112.83
2020-01-02T11:31:00,SIM,112.63
2020-01-02T11:32:00,SIM,112.37
2020-01-02T11:33:00,SIM,113.3
2020-01-02T11:34:00,SIM,113.05
2020-01-02T11:35:00,SIM,113.42
2020-01-02T11:36:00,SIM,112.89
2020-01-02T11:37:00,SIM,112.38
2020-01-02T11:38:00,SIM,112.3
2020-01-02T11:39:00,SIM,111.9
2020-01-02T11:40:00,SIM,112.89
2020-01-02T11:41:00,SIM,113.37
2020-01-02T11:42:00,SIM,112.71
2020-01-02T11:43:00,SIM,112.22
2020-01-02T11:44:00,SIM,111.29
2020-01-02T11:45:00,SIM,111.4
2020-01-02T11:46:00,SIM,111.79
2020-01-02T11:47:00,SIM,111.63
2020-01-02T11:48:00,SIM,111.54
2020-01-02T11:49:00,SIM,110.95
2020-01-02T11:50:00,SIM,110.85
2020-01-02T11:51:00,SIM,110.23
2020-01-02T11:52:00,SIM,109.82
2020-01-02T11:53:00,SIM,110.8
2020-01-02T11:54:00,SIM,110.07
2020-01-02T11:55:00,SIM,109.2
2020-01-02T11:56:00,SIM,108.61
2020-01-02T11:57:00,SIM,109.58
2020-01-02T11:58:00,SIM,108.78
2020-01-02T11:59:00,SIM,108.11
2020-01-02T12:00:00,SIM,107.57
2020-01-02T12:01:00,SIM,108.41
2020-01-02T12:02:00,SIM,108.37
2020-01-02T12:03:00,SIM,109.17
2020-01-02T12:04:00,SIM,109.25
2020-01-02T12:05:00,SIM,108.81
2020-01-02T12:06:00,SIM,109.39
2020-01-02T12:07:00,SIM,109.74
2020-01-02T12:08:00,SIM,109.39
2020-01-02T12:09:00,SIM,108.42
2020-01-02T12:10:00,SIM,108.11
2020-01-02T12:11:00,SIM,109.0
2020-01-02T12:12:00,SIM,109.29
2020-01-02T12:13:00,SIM,108.43
2020-01-02T12:14:00,SIM,109.36
2020-01-02T12:15:00,SIM,110.29
2020-01-02T12:16:00,SIM,111.11
2020-01-02T12:17:00,SIM,110.68
2020-01-02T12:18:00,SIM,109.77
2020-01-02T12:19:00,SIM,109.27
2020-01-02T12:20:00,SIM,108.79
2020-01-02T12:21:00,SIM,109.48
2020-01-02T12:22:00,SIM,110.2
2020-01-02T12:23:00,SIM,109.36
2020-01-02T12:24:00,SIM,108.54
2020-01-02T12:25:00,SIM,107.69
2020-01-02T12:26:00,SIM,107.99
2020-01-02T12:27:00,SIM,108.92
2020-01-02T12:28:00,SIM,109.62
2020-01-02T12:29:00,SIM,109.0
2020-01-02T12:30:00,SIM,109.44
2020-01-02T12:31:00,SIM,109.27
2020-01-02T12:32:00,SIM,110.06
2020-01-02T12:33:00,SIM,109.62
2020-01-02T12:34:00,SIM,110.07
2020-01-02T12:35:00,SIM,110.12
2020-01-02T12:36:00,SIM,109.36
2020-01-02T12:37:00,SIM,109.48
2020-01-02T12:38:00,SIM,109.36
2020-01-02T12:39:00,SIM,109.7
2020-01-02T12:40:00,SIM,110.47
2020-01-02T12:41:00,SIM,109.52
2020-01-02T12:42:00,SIM,110.42
2020-01-02T12:43:00,SIM,111.2
2020-01-02T12:44:00,SIM,112.02
2020-01-02T12:45:00,SIM,112.47
2020-01-02T12:46:00,SIM,111.62
2020-01-02T12:47:00,SIM,111.34
2020-01-02T12:48:00,SIM,111.19
2020-01-02T12:49:00,SIM,110.71
2020-01-02T12:50:00,SIM,111.31
2020-01-02T12:51:00,SIM,111.38
2020-01-02T12:52:00,SIM,111.99
2020-01-02T12:53:00,SIM,112.85
2020-01-02T12:54:00,SIM,112.92
2020-01-02T12:55:00,SIM,113.53
2020-01-02T12:56:00,SIM,113.81
2020-01-02T12:57:00,SIM,113.86
2020-01-02T12:58:00,SIM,114.22
2020-01-02T12:59:00,SIM,113.35
2020-01-02T13:00:00,SIM,112.85
2020-01-02T13:01:00,SIM,113.76
2020-01-02T13:02:00,SIM,113.5
2020-01-02T13:03:00,SIM,114.36
2020-01-02T13:04:00,SIM,113.84
2020-01-02T13:05:00,SIM,113.61
2020-01-02T13:06:00,SIM,112.97
2020-01-02T13:07:00,SIM,113.01
2020-01-02T13:08:00,SIM,113.97
2020-01-02T13:09:00,SIM,113.14
2020-01-02T13:10:00,SIM,113.71
2020-01-02T13:11:00,SIM,112.74
2020-01-02T13:12:00,SIM,113.02
2020-01-02T13:13:00,SIM,112.58
2020-01-02T13:14:00,SIM,112.6
2020-01-02T13:15:00,SIM,112.07
2020-01-02T13:16:00,SIM,112.42
2020-01-02T13:17:00,SIM,113.23
2020-01-02T13:18:00,SIM,112.82
2020-01-02T13:19:00,SIM,111.97
2020-01-02T13:20:00,SIM,111.46
2020-01-02T13:21:00,SIM,111.02
2020-01-02T13:22:00,SIM,110.25
2020-01-02T13:23:00,SIM,110.51
2020-01-02T13:24:00,SIM,109.85
2020-01-02T13:25:00,SIM,110.2
2020-01-02T13:26:00,SIM,109.38
2020-01-02T13:27:00,SIM,109.13
2020-01-02T13:28:00,SIM,108.75
2020-01-02T13:29:00,SIM,109.62
2020-01-02T13:30:00,SIM,109.7
2020-01-02T13:31:00,SIM,110.46
2020-01-02T13:32:00,SIM,109.55
2020-01-02T13:33:00,SIM,109.61
2020-01-02T13:34:00,SIM,108.81
2020-01-02T13:35:00,SIM,109.77
2020-01-02T13:36:00,SIM,110.33
2020-01-02T13:37:00,SIM,111.08
2020-01-02T13:38:00,SIM,110.28
2020-01-02T13:39:00,SIM,110.87
2020-01-02T13:40:00,SIM,110.31
2020-01-02T13:41:00,SIM,110.52
2020-01-02T13:42:00,SIM,110.67
2020-01-02T13:43:00,SIM,110.17
2020-01-02T13:44:00,SIM,109.95
2020-01-02T13:45:00,SIM,109.07
2020-01-02T13:46:00,SIM,109.92
2020-01-02T13:47:00,SIM,109.78
2020-01-02T13:48:00,SIM,110.77
2020-01-02T13:49:00,SIM,110.0
2020-01-02T13:50:00,SIM,110.16
2020-01-02T13:51:00,SIM,110.49
2020-01-02T13:52:00,SIM,111.41
2020-01-02T13:53:00,SIM,111.49
2020-01-02T13:54:00,SIM,110.52
2020-01-02T13:55:00,SIM,110.51
2020-01-02T13:56:00,SIM,110.73
2020-01-02T13:57:00,SIM,110.02
2020-01-02T13:58:00,SIM,109.8
2020-01-02T13:59:00,SIM,110.26
2020-01-02T14:00:00,SIM,110.31
2020-01-02T14:01:00,SIM,110.08
2020-01-02T14:02:00,SIM,110.65
2020-01-02T14:03:00,SIM,111.26
2020-01-02T14:04:00,SIM,112.04
2020-01-02T14:05:00,SIM,111.77
2020-01-02T14:06:00,SIM,111.25
2020-01-02T14:07:00,SIM,110.42
2020-01-02T14:08:00,SIM,110.96
2020-01-02T14:09:00,SIM,111.73
2020-01-02T14:10:00,SIM,111.6
2020-01-02T14:11:00,SIM,111.31
2020-01-02T14:12:00,SIM,111.33
2020-01-02T14:13:00,SIM,110.83
2020-01-02T14:14:00,SIM,111.35
2020-01-02T14:15:00,SIM,111.99
2020-01-02T14:16:00,SIM,111.26
2020-01-02T14:17:00,SIM,110.98
2020-01-02T14:18:00,SIM,110.29
2020-01-02T14:19:00,SIM,109.44
2020-01-02T14:20:00,SIM,108.71
2020-01-02T14:21:00,SIM,108.93
2020-01-02T14:22:00,SIM,108.82
2020-01-02T14:23:00,SIM,108.78
2020-01-02T14:24:00,SIM,107.84
2020-01-02T14:25:00,SIM,107.75
2020-01-02T14:26:00,SIM,107.94
2020-01-02T14:27:00,SIM,108.5
2020-01-02T14:28:00,SIM,109.04
2020-01-02T14:29:00,SIM,109.97
2020-01-02T14:30:00,SIM,109.82
2020-01-02T14:31:00,SIM,109.68
2020-01-02T14:32:00,SIM,110.46
2020-01-02T14:33:00,SIM,110.62
2020-01-02T14:34:00,SIM,110.92
2020-01-02T14:35:00,SIM,110.84
2020-01-02T14:36:00,SIM,111.25
2020-01-02T14:37:00,SIM,111.01
2020-01-02T14:38:00,SIM,110.16
2020-01-02T14:39:00,SIM,111.1
2020-01-02T14:40:00,SIM,110.26
2020-01-02T14:41:00,SIM,111.03
2020-01-02T14:42:00,SIM,110.78
2020-01-02T14:43:00,SIM,110.25
2020-01-02T14:44:00,SIM,111.12
2020-01-02T14:45:00,SIM,111.95
2020-01-02T14:46:00,SIM,112.73
2020-01-02T14:47:00,SIM,112.43
2020-01-02T14:48:00,SIM,112.2
2020-01-02T14:49:00,SIM,112.65
2020-01-02T14:50:00,SIM,112.51
2020-01-02T14:51:00,SIM,113.37
2020-01-02T14:52:00,SIM,113.11
2020-01-02T14:53:00,SIM,112.69
2020-01-02T14:54:00,SIM,111.83
2020-01-02T14:55:00,SIM,111.64
2020-01-02T14:56:00,SIM,112.57
2020-01-02T14:57:00,SIM,113.18
2020-01-02T14:58:00,SIM,113.45
2020-01-02T14:59:00,SIM,114.43
2020-01-02T15:00:00,SIM,114.88
2020-01-02T15:01:00,SIM,114.05
2020-01-02T15:02:00,SIM,114.8
2020-01-02T15:03:00,SIM,114.98
2020-01-02T15:04:00,SIM,114.82
2020-01-02T15:05:00,SIM,115.04
2020-01-02T15:06:00,SIM,115.09
2020-01-02T15:07:00,SIM,115.35
2020-01-02T15:08:00,SIM,115.77
2020-01-02T15:09:00,SIM,115.51
2020-01-02T15:10:00,SIM,116.31
2020-01-02T15:11:00,SIM,115.47
2020-01-02T15:12:00,SIM,116.13
2020-01-02T15:13:00,SIM,115.22
2020-01-02T15:14:00,SIM,116.1
2020-01-02T15:15:00,SIM,115.43
2020-01-02T15:16:00,SIM,114.96
2020-01-02T15:17:00,SIM,115.68
2020-01-02T15:18:00,SIM,116.44
2020-01-02T15:19:00,SIM,116.4
2020-01-02T15:20:00,SIM,115.52
2020-01-02T15:21:00,SIM,116.35
2020-01-02T15:22:00,SIM,115.48
2020-01-02T15:23:00,SIM,116.02
2020-01-02T15:24:00,SIM,116.63
2020-01-02T15:25:00,SIM,115.86
2020-01-02T15:26:00,SIM,116.75
2020-01-02T15:27:00,SIM,116.43
2020-01-02T15:28:00,SIM,116.59
2020-01-02T15:29:00,SIM,116.97
2020-01-02T15:30:00,SIM,116.54
2020-01-02T15:31:00,SIM,116.72
2020-01-02T15:32:00,SIM,117.34
2020-01-02T15:33:00,SIM,118.29
2020-01-02T15:34:00,SIM,117.93
2020-01-02T15:35:00,SIM,117.12
2020-01-02T15:36:00,SIM,116.2
2020-01-02T15:37:00,SIM,117.14
2020-01-02T15:38:00,SIM,117.19
2020-01-02T15:39:00,SIM,116.39
2020-01-02T15:40:00,SIM,117.27
2020-01-02T15:41:00,SIM,116.48
2020-01-02T15:42:00,SIM,115.96
2020-01-02T15:43:00,SIM,115.59
2020-01-02T15:44:00,SIM,114.65
2020-01-02T15:45:00,SIM,113.77
2020-01-02T15:46:00,SIM,114.2
2020-01-02T15:47:00,SIM,114.91
2020-01-02T15:48:00,SIM,114.46
2020-01-02T15:49:00,SIM,114.8
2020-01-02T15:50:00,SIM,114.87
2020-01-02T15:51:00,SIM,114.83
2020-01-02T15:52:00,SIM,114.59
2020-01-02T15:53:00,SIM,114.5
2020-01-02T15:54:00,SIM,114.09
2020-01-02T15:55:00,SIM,113.63
2020-01-02T15:56:00,SIM,114.44
2020-01-02T15:57:00,SIM,115.27
2020-01-02T15:58:00,SIM,114.39
2020-01-02T15:59:00,SIM,113.81
2020-01-02T16:00:00,SIM,114.37
2020-01-02T16:01:00,SIM,113.77
2020-01-02T16:02:00,SIM,114.68
2020-01-02T16:03:00,SIM,114.18
2020-01-02T16:04:00,SIM,114.77
2020-01-02T16:05:00,SIM,114.93
2020-01-02T16:06:00,SIM,115.16
2020-01-02T16:07:00,SIM,115.55
2020-01-02T16:08:00,SIM,115.47
2020-01-02T16:09:00,SIM,115.76
2020-01-02T16:10:00,SIM,116.4
2020-01-02T16:11:00,SIM,117.01
2020-01-02T16:12:00,SIM,116.46
2020-01-02T16:13:00,SIM,117.14
2020-01-02T16:14:00,SIM,116.44
2020-01-02T16:15:00,SIM,116.97
2020-01-02T16:16:00,SIM,116.72
2020-01-02T16:17:00,SIM,115.9
2020-01-02T16:18:00,SIM,115.05
2020-01-02T16:19:00,SIM,115.55
2020-01-02T16:20:00,SIM,116.4
2020-01-02T16:21:00,SIM,116.5
2020-01-02T16:22:00,SIM,115.72
2020-01-02T16:23:00,SIM,115.85
2020-01-02T16:24:00,SIM,116.46
2020-01-02T16:25:00,SIM,115.47
2020-01-02T16:26:00,SIM,116.11
2020-01-02T16:27:00,SIM,117.06
2020-01-02T16:28:00,SIM,117.82
2020-01-02T16:29:00,SIM,117.36
2020-01-02T16:30:00,SIM,117.11
2020-01-02T16:31:00,SIM,117.79
2020-01-02T16:32:00,SIM,118.3
2020-01-02T16:33:00,SIM,117.98
2020-01-02T16:34:00,SIM,118.23
2020-01-02T16:35:00,SIM,117.25
2020-01-02T16:36:00,SIM,117.26
2020-01-02T16:37:00,SIM,118.03
2020-01-02T16:38:00,SIM,118.87
2020-01-02T16:39:00,SIM,118.29
2020-01-02T16:40:00,SIM,119.02
2020-01-02T16:41:00,SIM,119.13
2020-01-02T16:42:00,SIM,120.01
2020-01-02T16:43:00,SIM,120.62
2020-01-02T16:44:00,SIM,120.79
2020-01-02T16:45:00,SIM,121.53
2020-01-02T16:46:00,SIM,121.42
2020-01-02T16:47:00,SIM,122.4
2020-01-02T16:48:00,SIM,121.73
2020-01-02T16:49:00,SIM,121.7
2020-01-02T16:50:00,SIM,122.18
2020-01-02T16:51:00,SIM,122.33
2020-01-02T16:52:00,SIM,122.25
2020-01-02T16:53:00,SIM,122.67
2020-01-02T16:54:00,SIM,123.28
2020-01-02T16:55:00,SIM,122.74
2020-01-02T16:56:00,SIM,123.58
2020-01-02T16:57:00,SIM,123.22
2020-01-02T16:58:00,SIM,124.22
2020-01-02T16:59:00,SIM,123.59
2020-01-02T17:00:00,SIM,122.59
2020-01-02T17:01:00,SIM,122.94
2020-01-02T17:02:00,SIM,123.08
2020-01-02T17:03:00,SIM,123.52
2020-01-02T17:04:00,SIM,123.32
2020-01-02T17:05:00,SIM,123.17
2020-01-02T17:06:00,SIM,122.3
2020-01-02T17:07:00,SIM,121.72
2020-01-02T17:08:00,SIM,122.7
2020-01-02T17:09:00,SIM,122.07
2020-01-02T17:10:00,SIM,121.36
2020-01-02T17:11:00,SIM,120.8
2020-01-02T17:12:00,SIM,120.34
2020-01-02T17:13:00,SIM,119.47
2020-01-02T17:14:00,SIM,119.95
2020-01-02T17:15:00,SIM,120.32
2020-01-02T17:16:00,SIM,119.97
2020-01-02T17:17:00,SIM,120.14
2020-01-02T17:18:00,SIM,119.86
2020-01-02T17:19:00,SIM,120.12
2020-01-02T17:20:00,SIM,120.22
2020-01-02T17:21:00,SIM,119.5
2020-01-02T17:22:00,SIM,118.85
2020-01-02T17:23:00,SIM,119.42
2020-01-02T17:24:00,SIM,118.6
2020-01-02T17:25:00,SIM,118.92
2020-01-02T17:26:00,SIM,118.01
2020-01-02T17:27:00,SIM,118.05
2020-01-02T17:28:00,SIM,117.78
2020-01-02T17:29:00,SIM,118.65
2020-01-02T17:30:00,SIM,119.02
2020-01-02T17:31:00,SIM,119.31
2020-01-02T17:32:00,SIM,120.29
2020-01-02T17:33:00,SIM,119.81
2020-01-02T17:34:00,SIM,119.14
2020-01-02T17:35:00,SIM,118.18
2020-01-02T17:36:00,SIM,119.1
2020-01-02T17:37:00,SIM,118.94
2020-01-02T17:38:00,SIM,118.88
2020-01-02T17:39:00,SIM,118.68
2020-01-02T17:40:00,SIM,117.91
2020-01-02T17:41:00,SIM,118.75
2020-01-02T17:42:00,SIM,118.24
2020-01-02T17:43:00,SIM,118.85
2020-01-02T17:44:00,SIM,119.73
2020-01-02T17:45:00,SIM,119.56
2020-01-02T17:46:00,SIM,119.68
2020-01-02T17:47:00,SIM,118.75
2020-01-02T17:48:00,SIM,119.59
2020-01-02T17:49:00,SIM,120.15
2020-01-02T17:50:00,SIM,120.98
2020-01-02T17:51:00,SIM,120.47
2020-01-02T17:52:00,SIM,120.9
2020-01-02T17:53:00,SIM,120.51
2020-01-02T17:54:00,SIM,121.32
2020-01-02T17:55:00,SIM,121.82
2020-01-02T17:56:00,SIM,121.26
2020-01-02T17:57:00,SIM,120.47
2020-01-02T17:58:00,SIM,119.52
2020-01-02T17:59:00,SIM,118.57
2020-01-02T18:00:00,SIM,118.93
2020-01-02T18:01:00,SIM,119.34
2020-01-02T18:02:00,SIM,118.78
2020-01-02T18:03:00,SIM,119.1
2020-01-02T18:04:00,SIM,118.44
2020-01-02T18:05:00,SIM,118.05
2020-01-02T18:06:00,SIM,118.84
2020-01-02T18:07:00,SIM,118.18
2020-01-02T18:08:00,SIM,117.72
2020-01-02T18:09:00,SIM,118.27
2020-01-02T18:10:00,SIM,119.01
2020-01-02T18:11:00,SIM,118.74
2020-01-02T18:12:00,SIM,119.52
2020-01-02T18:13:00,SIM,118.85
2020-01-02T18:14:00,SIM,119.18
2020-01-02T18:15:00,SIM,118.68
2020-01-02T18:16:00,SIM,119.03
2020-01-02T18:17:00,SIM,119.53
2020-01-02T18:18:00,SIM,119.96
2020-01-02T18:19:00,SIM,120.29
2020-01-02T18:20:00,SIM,120.39
2020-01-02T18:21:00,SIM,121.3
2020-01-02T18:22:00,SIM,120.77
2020-01-02T18:23:00,SIM,121.31
2020-01-02T18:24:00,SIM,121.47
2020-01-02T18:25:00,SIM,121.0
2020-01-02T18:26:00,SIM,120.99
2020-01-02T18:27:00,SIM,120.95
2020-01-02T18:28:00,SIM,120.22
2020-01-02T18:29:00,SIM,120.17
2020-01-02T18:30:00,SIM,120.24
2020-01-02T18:31:00,SIM,119.55
2020-01-02T18:32:00,SIM,119.99
2020-01-02T18:33:00,SIM,119.65
2020-01-02T18:34:00,SIM,119.76
2020-01-02T18:35:00,SIM,119.75
2020-01-02T18:36:00,SIM,119.75
2020-01-02T18:37:00,SIM,119.94
2020-01-02T18:38:00,SIM,120.34
2020-01-02T18:39:00,SIM,119.79
2020-01-02T18:40:00,SIM,119.27
2020-01-02T18:41:00,SIM,118.38
2020-01-02T18:42:00,SIM,117.96
2020-01-02T18:43:00,SIM,118.63
2020-01-02T18:44:00,SIM,118.0
2020-01-02T18:45:00,SIM,117.91
2020-01-02T18:46:00,SIM,118.55
2020-01-02T18:47:00,SIM,118.22
2020-01-02T18:48:00,SIM,118.16
2020-01-02T18:49:00,SIM,118.89
2020-01-02T18:50:00,SIM,119.46
2020-01-02T18:51:00,SIM,118.89
2020-01-02T18:52:00,SIM,117.97
2020-01-02T18:53:00,SIM,118.48
2020-01-02T18:54:00,SIM,117.66
2020-01-02T18:55:00,SIM,116.74
2020-01-02T18:56:00,SIM,115.9
2020-01-02T18:57:00,SIM,116.74
2020-01-02T18:58:00,SIM,116.95
2020-01-02T18:59:00,SIM,116.59
2020-01-02T19:00:00,SIM,116.49
2020-01-02T19:01:00,SIM,115.57
2020-01-02T19:02:00,SIM,115.56
2020-01-02T19:03:00,SIM,115.07
2020-01-02T19:04:00,SIM,115.6
2020-01-02T19:05:00,SIM,115.43
2020-01-02T19:06:00,SIM,115.96
2020-01-02T19:07:00,SIM,116.08
2020-01-02T19:08:00,SIM,116.55
2020-01-02T19:09:00,SIM,116.04
2020-01-02T19:10:00,SIM,115.73
2020-01-02T19:11:00,SIM,115.96
2020-01-02T19:12:00,SIM,115.4
2020-01-02T19:13:00,SIM,116.13
2020-01-02T19:14:00,SIM,115.52
2020-01-02T19:15:00,SIM,115.73
2020-01-02T19:16:00,SIM,114.8
2020-01-02T19:17:00,SIM,114.71
2020-01-02T19:18:00,SIM,115.57
2020-01-02T19:19:00,SIM,115.51
2020-01-02T19:20:00,SIM,115.76
2020-01-02T19:21:00,SIM,116.37
2020-01-02T19:22:00,SIM,116.54
2020-01-02T19:23:00,SIM,116.36
2020-01-02T19:24:00,SIM,116.18
2020-01-02T19:25:00,SIM,116.33
2020-01-02T19:26:00,SIM,117.25
2020-01-02T19:27:00,SIM,117.95
2020-01-02T19:28:00,SIM,117.48
2020-01-02T19:29:00,SIM,116.78
2020-01-02T19:30:00,SIM,116.77
2020-01-02T19:31:00,SIM,117.07
2020-01-02T19:32:00,SIM,117.61
2020-01-02T19:33:00,SIM,116.68
2020-01-02T19:34:00,SIM,117.65
2020-01-02T19:35:00,SIM,117.23
2020-01-02T19:36:00,SIM,117.95
2020-01-02T19:37:00,SIM,117.73
2020-01-02T19:38:00,SIM,117.94
2020-01-02T19:39:00,SIM,118.92
2020-01-02T19:40:00,SIM,119.4
2020-01-02T19:41:00,SIM,120.17
2020-01-02T19:42:00,SIM,120.15
2020-01-02T19:43:00,SIM,119.68
2020-01-02T19:44:00,SIM,119.6
2020-01-02T19:45:00,SIM,119.4
2020-01-02T19:46:00,SIM,119.91
2020-01-02T19:47:00,SIM,120.57
2020-01-02T19:48:00,SIM,120.91
2020-01-02T19:49:00,SIM,120.78
2020-01-02T19:50:00,SIM,121.32
2020-01-02T19:51:00,SIM,121.06
2020-01-02T19:52:00,SIM,121.19
2020-01-02T19:53:00,SIM,121.14
2020-01-02T19:54:00,SIM,121.48
2020-01-02T19:55:00,SIM,120.85
2020-01-02T19:56:00,SIM,121.45
2020-01-02T19:57:00,SIM,121.41
2020-01-02T19:58:00,SIM,121.38
2020-01-02T19:59:00,SIM,120.96
2020-01-02T20:00:00,SIM,121.19
2020-01-02T20:01:00,SIM,121.39
2020-01-02T20:02:00,SIM,120.72
2020-01-02T20:03:00,SIM,120.53
2020-01-02T20:04:00,SIM,120.18
2020-01-02T20:05:00,SIM,119.41
2020-01-02T20:06:00,SIM,118.97
2020-01-02T20:07:00,SIM,119.09
2020-01-02T20:08:00,SIM,118.35
2020-01-02T20:09:00,SIM,117.62
2020-01-02T20:10:00,SIM,117.36
2020-01-02T20:11:00,SIM,117.19
2020-01-02T20:12:00,SIM,117.72
2020-01-02T20:13:00,SIM,118.42
2020-01-02T20:14:00,SIM,118.42
2020-01-02T20:15:00,SIM,118.91
2020-01-02T20:16:00,SIM,118.6
2020-01-02T20:17:00,SIM,118.34
2020-01-02T20:18:00,SIM,118.9
2020-01-02T20:19:00,SIM,118.44
2020-01-02T20:20:00,SIM,119.21
2020-01-02T20:21:00,SIM,119.52
2020-01-02T20:22:00,SIM,118.59
2020-01-02T20:23:00,SIM,119.34
2020-01-02T20:24:00,SIM,120.29
2020-01-02T20:25:00,SIM,120.0
2020-01-02T20:26:00,SIM,120.38
2020-01-02T20:27:00,SIM,120.6
2020-01-02T20:28:00,SIM,119.75
2020-01-02T20:29:00,SIM,118.97
2020-01-02T20:30:00,SIM,119.52
2020-01-02T20:31:00,SIM,120.39
2020-01-02T20:32:00,SIM,120.71
2020-01-02T20:33:00,SIM,121.44
2020-01-02T20:34:00,SIM,122.06
2020-01-02T20:35:00,SIM,122.28
2020-01-02T20:36:00,SIM,121.81
2020-01-02T20:37:00,SIM,120.84
2020-01-02T20:38:00,SIM,121.61
2020-01-02T20:39:00,SIM,121.95
2020-01-02T20:40:00,SIM,121.7
2020-01-02T20:41:00,SIM,121.82
2020-01-02T20:42:00,SIM,122.19
2020-01-02T20:43:00,SIM,121.31
2020-01-02T20:44:00,SIM,121.47
2020-01-02T20:45:00,SIM,122.42
2020-01-02T20:46:00,SIM,122.15
2020-01-02T20:47:00,SIM,122.44
2020-01-02T20:48:00,SIM,121.71
2020-01-02T20:49:00,SIM,122.26
2020-01-02T20:50:00,SIM,121.55
2020-01-02T20:51:00,SIM,120.73
2020-01-02T20:52:00,SIM,120.18
2020-01-02T20:53:00,SIM,121.17
2020-01-02T20:54:00,SIM,120.28
2020-01-02T20:55:00,SIM,121.24
2020-01-02T20:56:00,SIM,120.48
2020-01-02T20:57:00,SIM,119.7
2020-01-02T20:58:00,SIM,120.22
2020-01-02T20:59:00,SIM,120.05
2020-01-02T21:00:00,SIM,119.77
2020-01-02T21:01:00,SIM,118.83
2020-01-02T21:02:00,SIM,118.43
2020-01-02T21:03:00,SIM,118.73
2020-01-02T21:04:00,SIM,118.63
2020-01-02T21:05:00,SIM,118.61
2020-01-02T21:06:00,SIM,118.03
2020-01-02T21:07:00,SIM,118.13
2020-01-02T21:08:00,SIM,117.53
2020-01-02T21:09:00,SIM,118.32
2020-01-02T21:10:00,SIM,119.16
2020-01-02T21:11:00,SIM,119.78
2020-01-02T21:12:00,SIM,119.52
2020-01-02T21:13:00,SIM,118.56
2020-01-02T21:14:00,SIM,117.87
2020-01-02T21:15:00,SIM,116.88
2020-01-02T21:16:00,SIM,116.86
2020-01-02T21:17:00,SIM,116.86
2020-01-02T21:18:00,SIM,116.98
2020-01-02T21:19:00,SIM,117.5
2020-01-02T21:20:00,SIM,116.71
2020-01-02T21:21:00,SIM,117.34
2020-01-02T21:22:00,SIM,118.21
2020-01-02T21:23:00,SIM,117.9
2020-01-02T21:24:00,SIM,118.56
2020-01-02T21:25:00,SIM,118.06
2020-01-02T21:26:00,SIM,118.06
2020-01-02T21:27:00,SIM,118.79
2020-01-02T21:28:00,SIM,119.25
2020-01-02T21:29:00,SIM,119.09
2020-01-02T21:30:00,SIM,119.09
2020-01-02T21:31:00,SIM,119.85
2020-01-02T21:32:00,SIM,119.52
2020-01-02T21:33:00,SIM,118.62
2020-01-02T21:34:00,SIM,118.83
2020-01-02T21:35:00,SIM,118.78
2020-01-02T21:36:00,SIM,118.04
2020-01-02T21:37:00,SIM,118.08
2020-01-02T21:38:00,SIM,118.47
2020-01-02T21:39:00,SIM,119.34
2020-01-02T21:40:00,SIM,119.08
2020-01-02T21:41:00,SIM,119.69
2020-01-02T21:42:00,SIM,119.72
2020-01-02T21:43:00,SIM,118.88
2020-01-02T21:44:00,SIM,119.07
2020-01-02T21:45:00,SIM,119.68
2020-01-02T21:46:00,SIM,119.05
2020-01-02T21:47:00,SIM,119.5
2020-01-02T21:48:00,SIM,119.99
2020-01-02T21:49:00,SIM,120.24
2020-01-02T21:50:00,SIM,120.38
2020-01-02T21:51:00,SIM,119.81
2020-01-02T21:52:00,SIM,119.63
2020-01-02T21:53:00,SIM,119.85
2020-01-02T21:54:00,SIM,119.46
2020-01-02T21:55:00,SIM,119.31
2020-01-02T21:56:00,SIM,118.94
2020-01-02T21:57:00,SIM,118.22
2020-01-02T21:58:00,SIM,118.82
2020-01-02T21:59:00,SIM,119.23
2020-01-02T22:00:00,SIM,118.61
2020-01-02T22:01:00,SIM,119.24
2020-01-02T22:02:00,SIM,120.04
2020-01-02T22:03:00,SIM,119.58
2020-01-02T22:04:00,SIM,118.78
2020-01-02T22:05:00,SIM,118.59
2020-01-02T22:06:00,SIM,118.68
2020-01-02T22:07:00,SIM,117.75
2020-01-02T22:08:00,SIM,117.99
2020-01-02T22:09:00,SIM,117.43
2020-01-02T22:10:00,SIM,117.13
2020-01-02T22:11:00,SIM,116.77
2020-01-02T22:12:00,SIM,116.56
2020-01-02T22:13:00,SIM,116.84
2020-01-02T22:14:00,SIM,117.73
2020-01-02T22:15:00,SIM,117.35
2020-01-02T22:16:00,SIM,117.14
2020-01-02T22:17:00,SIM,117.25
2020-01-02T22:18:00,SIM,117.61
2020-01-02T22:19:00,SIM,118.49
2020-01-02T22:20:00,SIM,118.93
2020-01-02T22:21:00,SIM,119.49
2020-01-02T22:22:00,SIM,119.85
2020-01-02T22:23:00,SIM,120.24
2020-01-02T22:24:00,SIM,120.83
2020-01-02T22:25:00,SIM,121.77
2020-01-02T22:26:00,SIM,121.56
2020-01-02T22:27:00,SIM,120.75
2020-01-02T22:28:00,SIM,119.99
2020-01-02T22:29:00,SIM,119.55
2020-01-02T22:30:00,SIM,119.35
2020-01-02T22:31:00,SIM,118.82
2020-01-02T22:32:00,SIM,118.67
2020-01-02T22:33:00,SIM,119.01
2020-01-02T22:34:00,SIM,118.7
2020-01-02T22:35:00,SIM,118.14
2020-01-02T22:36:00,SIM,117.61
2020-01-02T22:37:00,SIM,116.81
2020-01-02T22:38:00,SIM,115.9
2020-01-02T22:39:00,SIM,116.7
2020-01-02T22:40:00,SIM,115.72
2020-01-02T22:41:00,SIM,115.12
2020-01-02T22:42:00,SIM,115.65
2020-01-02T22:43:00,SIM,114.66
2020-01-02T22:44:00,SIM,115.44
2020-01-02T22:45:00,SIM,114.56
2020-01-02T22:46:00,SIM,114.58
2020-01-02T22:47:00,SIM,114.19
2020-01-02T22:48:00,SIM,115.17
2020-01-02T22:49:00,SIM,115.11
2020-01-02T22:50:00,SIM,116.03
2020-01-02T22:51:00,SIM,115.25
2020-01-02T22:52:00,SIM,116.04
2020-01-02T22:53:00,SIM,115.22
2020-01-02T22:54:00,SIM,115.67
2020-01-02T22:55:00,SIM,115.52
2020-01-02T22:56:00,SIM,115.24
2020-01-02T22:57:00,SIM,114.77
2020-01-02T22:58:00,SIM,114.3
2020-01-02T22:59:00,SIM,115.04
2020-01-02T23:00:00,SIM,114.39
2020-01-02T23:01:00,SIM,114.93
2020-01-02T23:02:00,SIM,114.24
2020-01-02T23:03:00,SIM,115.03
2020-01-02T23:04:00,SIM,115.26
2020-01-02T23:05:00,SIM,116.14
2020-01-02T23:06:00,SIM,116.35
2020-01-02T23:07:00,SIM,115.83
2020-01-02T23:08:00,SIM,116.28
2020-01-02T23:09:00,SIM,115.78
2020-01-02T23:10:00,SIM,115.73
2020-01-02T23:11:00,SIM,116.3
2020-01-02T23:12:00,SIM,117.19
2020-01-02T23:13:00,SIM,117.2
2020-01-02T23:14:00,SIM,116.27
2020-01-02T23:15:00,SIM,116.08
2020-01-02T23:16:00,SIM,116.09
2020-01-02T23:17:00,SIM,115.58
2020-01-02T23:18:00,SIM,116.14
2020-01-02T23:19:00,SIM,116.5
2020-01-02T23:20:00,SIM,115.55
2020-01-02T23:21:00,SIM,114.96
2020-01-02T23:22:00,SIM,114.22
2020-01-02T23:23:00,SIM,113.42
2020-01-02T23:24:00,SIM,112.7
2020-01-02T23:25:00,SIM,113.52
2020-01-02T23:26:00,SIM,114.18
2020-01-02T23:27:00,SIM,114.79
2020-01-02T23:28:00,SIM,114.32
2020-01-02T23:29:00,SIM,114.7
2020-01-02T23:30:00,SIM,113.85
2020-01-02T23:31:00,SIM,113.21
2020-01-02T23:32:00,SIM,113.66
2020-01-02T23:33:00,SIM,113.16
2020-01-02T23:34:00,SIM,113.31
2020-01-02T23:35:00,SIM,114.3
2020-01-02T23:36:00,SIM,114.06
2020-01-02T23:37:00,SIM,113.84
2020-01-02T23:38:00,SIM,114.77
2020-01-02T23:39:00,SIM,113.85
2020-01-02T23:40:00,SIM,113.36
2020-01-02T23:41:00,SIM,112.6
2020-01-02T23:42:00,SIM,112.21
2020-01-02T23:43:00,SIM,111.79
2020-01-02T23:44:00,SIM,111.73
2020-01-02T23:45:00,SIM,111.89
2020-01-02T23:46:00,SIM,112.04
2020-01-02T23:47:00,SIM,112.71
2020-01-02T23:48:00,SIM,112.01
2020-01-02T23:49:00,SIM,112.89
2020-01-02T23:50:00,SIM,113.02
2020-01-02T23:51:00,SIM,112.24
2020-01-02T23:52:00,SIM,111.88
2020-01-02T23:53:00,SIM,112.76
2020-01-02T23:54:00,SIM,113.48
2020-01-02T23:55:00,SIM,112.58
2020-01-02T23:56:00,SIM,113.09
2020-01-02T23:57:00,SIM,112.49
2020-01-02T23:58:00,SIM,112.97
2020-01-02T23:59:00,SIM,112.87
2020-01-03T00:00:00,SIM,111.89
2020-01-03T00:01:00,SIM,111.21
2020-01-03T00:02:00,SIM,112.19
2020-01-03T00:03:00,SIM,111.56
2020-01-03T00:04:00,SIM,111.34
2020-01-03T00:05:00,SIM,111.86
2020-01-03T00:06:00,SIM,111.88
2020-01-03T00:07:00,SIM,111.5
2020-01-03T00:08:00,SIM,112.05
2020-01-03T00:09:00,SIM,111.49
2020-01-03T00:10:00,SIM,112.07
2020-01-03T00:11:00,SIM,112.45
2020-01-03T00:12:00,SIM,111.55
2020-01-03T00:13:00,SIM,110.68
2020-01-03T00:14:00,SIM,110.08
2020-01-03T00:15:00,SIM,110.92
2020-01-03T00:16:00,SIM,110.03
2020-01-03T00:17:00,SIM,109.51
2020-01-03T00:18:00,SIM,110.49
2020-01-03T00:19:00,SIM,109.89
2020-01-03T00:20:00,SIM,109.0
2020-01-03T00:21:00,SIM,109.85
2020-01-03T00:22:00,SIM,109.29
2020-01-03T00:23:00,SIM,109.34
2020-01-03T00:24:00,SIM,108.38
2020-01-03T00:25:00,SIM,107.66
2020-01-03T00:26:00,SIM,108.37
2020-01-03T00:27:00,SIM,108.58
2020-01-03T00:28:00,SIM,109.04
2020-01-03T00:29:00,SIM,108.98
2020-01-03T00:30:00,SIM,108.09
2020-01-03T00:31:00,SIM,107.92
2020-01-03T00:32:00,SIM,107.19
2020-01-03T00:33:00,SIM,108.11
2020-01-03T00:34:00,SIM,107.3
2020-01-03T00:35:00,SIM,106.59
2020-01-03T00:36:00,SIM,105.68
2020-01-03T00:37:00,SIM,106.07
2020-01-03T00:38:00,SIM,105.29
2020-01-03T00:39:00,SIM,104.8
2020-01-03T00:40:00,SIM,105.37
2020-01-03T00:41:00,SIM,105.14
2020-01-03T00:42:00,SIM,105.48
2020-01-03T00:43:00,SIM,105.77
2020-01-03T00:44:00,SIM,106.27
2020-01-03T00:45:00,SIM,106.75
2020-01-03T00:46:00,SIM,107.31
2020-01-03T00:47:00,SIM,106.61
2020-01-03T00:48:00,SIM,105.9
2020-01-03T00:49:00,SIM,105.89
2020-01-03T00:50:00,SIM,105.49
2020-01-03T00:51:00,SIM,105.82
2020-01-03T00:52:00,SIM,105.2
2020-01-03T00:53:00,SIM,105.32
2020-01-03T00:54:00,SIM,104.34
2020-01-03T00:55:00,SIM,105.26
2020-01-03T00:56:00,SIM,106.2
2020-01-03T00:57:00,SIM,106.8
2020-01-03T00:58:00,SIM,107.16
2020-01-03T00:59:00,SIM,108.11
2020-01-03T01:00:00,SIM,107.85
2020-01-03T01:01:00,SIM,107.36
2020-01-03T01:02:00,SIM,106.41
2020-01-03T01:03:00,SIM,107.22
2020-01-03T01:04:00,SIM,108.05
2020-01-03T01:05:00,SIM,108.33
2020-01-03T01:06:00,SIM,107.43
2020-01-03T01:07:00,SIM,107.68
2020-01-03T01:08:00,SIM,107.19
2020-01-03T01:09:00,SIM,106.36
2020-01-03T01:10:00,SIM,105.81
2020-01-03T01:11:00,SIM,105.18
2020-01-03T01:12:00,SIM,106.05
2020-01-03T01:13:00,SIM,106.45
2020-01-03T01:14:00,SIM,105.49
2020-01-03T01:15:00,SIM,105.27
2020-01-03T01:16:00,SIM,104.27
2020-01-03T01:17:00,SIM,104.8
2020-01-03T01:18:00,SIM,104.14
2020-01-03T01:19:00,SIM,103.64
2020-01-03T01:20:00,SIM,103.2
2020-01-03T01:21:00,SIM,103.33
2020-01-03T01:22:00,SIM,102.52
2020-01-03T01:23:00,SIM,101.86
2020-01-03T01:24:00,SIM,101.41
2020-01-03T01:25:00,SIM,101.61
2020-01-03T01:26:00,SIM,101.98
2020-01-03T01:27:00,SIM,101.17
2020-01-03T01:28:00,SIM,101.34
2020-01-03T01:29:00,SIM,101.47
2020-01-03T01:30:00,SIM,100.88
2020-01-03T01:31:00,SIM,100.73
2020-01-03T01:32:00,SIM,100.81
2020-01-03T01:33:00,SIM,101.66
2020-01-03T01:34:00,SIM,101.6
2020-01-03T01:35:00,SIM,101.9
2020-01-03T01:36:00,SIM,101.53
2020-01-03T01:37:00,SIM,101.95
2020-01-03T01:38:00,SIM,101.27
2020-01-03T01:39:00,SIM,102.11
2020-01-03T01:40:00,SIM,101.29
2020-01-03T01:41:00,SIM,102.28
2020-01-03T01:42:00,SIM,103.09
2020-01-03T01:43:00,SIM,102.71
2020-01-03T01:44:00,SIM,102.47
2020-01-03T01:45:00,SIM,102.52
2020-01-03T01:46:00,SIM,102.57
2020-01-03T01:47:00,SIM,102.97
2020-01-03T01:48:00,SIM,102.17
2020-01-03T01:49:00,SIM,102.44
2020-01-03T01:50:00,SIM,103.24
2020-01-03T01:51:00,SIM,103.31
2020-01-03T01:52:00,SIM,102.4
2020-01-03T01:53:00,SIM,102.45
2020-01-03T01:54:00,SIM,103.24
2020-01-03T01:55:00,SIM,103.32
2020-01-03T01:56:00,SIM,102.62
2020-01-03T01:57:00,SIM,101.83
2020-01-03T01:58:00,SIM,100.85
2020-01-03T01:59:00,SIM,100.58
2020-01-03T02:00:00,SIM,100.93
2020-01-03T02:01:00,SIM,100.44
2020-01-03T02:02:00,SIM,99.95
2020-01-03T02:03:00,SIM,100.12
2020-01-03T02:04:00,SIM,100.26
2020-01-03T02:05:00,SIM,100.09
2020-01-03T02:06:00,SIM,99.45
2020-01-03T02:07:00,SIM,98.55
2020-01-03T02:08:00,SIM,97.66
2020-01-03T02:09:00,SIM,96.9
2020-01-03T02:10:00,SIM,96.28
2020-01-03T02:11:00,SIM,96.83
2020-01-03T02:12:00,SIM,97.16
2020-01-03T02:13:00,SIM,97.74
2020-01-03T02:14:00,SIM,97.92
2020-01-03T02:15:00,SIM,97.95
2020-01-03T02:16:00,SIM,98.35
2020-01-03T02:17:00,SIM,98.18
2020-01-03T02:18:00,SIM,97.68
2020-01-03T02:19:00,SIM,98.03
2020-01-03T02:20:00,SIM,98.0
2020-01-03T02:21:00,SIM,98.66
2020-01-03T02:22:00,SIM,97.96
2020-01-03T02:23:00,SIM,97.39
2020-01-03T02:24:00,SIM,97.74
2020-01-03T02:25:00,SIM,97.14
2020-01-03T02:26:00,SIM,98.03
2020-01-03T02:27:00,SIM,97.33
2020-01-03T02:28:00,SIM,97.29
2020-01-03T02:29:00,SIM,97.84
2020-01-03T02:30:00,SIM,97.04
2020-01-03T02:31:00,SIM,96.18
2020-01-03T02:32:00,SIM,97.11
2020-01-03T02:33:00,SIM,96.55
2020-01-03T02:34:00,SIM,97.05
2020-01-03T02:35:00,SIM,97.56
2020-01-03T02:36:00,SIM,96.73
2020-01-03T02:37:00,SIM,96.8
2020-01-03T02:38:00,SIM,96.86
2020-01-03T02:39:00,SIM,96.13
2020-01-03T02:40:00,SIM,95.97
2020-01-03T02:41:00,SIM,95.52
2020-01-03T02:42:00,SIM,95.26
2020-01-03T02:43:00,SIM,95.61
2020-01-03T02:44:00,SIM,95.91
2020-01-03T02:45:00,SIM,96.21
2020-01-03T02:46:00,SIM,96.72
2020-01-03T02:47:00,SIM,97.61
2020-01-03T02:48:00,SIM,97.12
2020-01-03T02:49:00,SIM,96.81
2020-01-03T02:50:00,SIM,97.32
2020-01-03T02:51:00,SIM,97.17
2020-01-03T02:52:00,SIM,97.26
2020-01-03T02:53:00,SIM,96.65
2020-01-03T02:54:00,SIM,96.15
2020-01-03T02:55:00,SIM,96.06
2020-01-03T02:56:00,SIM,95.37
2020-01-03T02:57:00,SIM,94.67
2020-01-03T02:58:00,SIM,94.23
2020-01-03T02:59:00,SIM,94.03
2020-01-03T03:00:00,SIM,93.8
2020-01-03T03:01:00,SIM,93.49
2020-01-03T03:02:00,SIM,92.97
2020-01-03T03:03:00,SIM,93.14
2020-01-03T03:04:00,SIM,94.02
2020-01-03T03:05:00,SIM,94.82
2020-01-03T03:06:00,SIM,95.58
2020-01-03T03:07:00,SIM,94.75
2020-01-03T03:08:00,SIM,94.9
2020-01-03T03:09:00,SIM,95.05
2020-01-03T03:10:00,SIM,95.8
2020-01-03T03:11:00,SIM,95.36
2020-01-03T03:12:00,SIM,95.97
2020-01-03T03:13:00,SIM,96.46
2020-01-03T03:14:00,SIM,97.39
2020-01-03T03:15:00,SIM,97.31
2020-01-03T03:16:00,SIM,97.93
2020-01-03T03:17:00,SIM,97.38
2020-01-03T03:18:00,SIM,96.75
2020-01-03T03:19:00,SIM,96.58
2020-01-03T03:20:00,SIM,97.45
2020-01-03T03:21:00,SIM,98.35
2020-01-03T03:22:00,SIM,97.65
2020-01-03T03:23:00,SIM,97.65
2020-01-03T03:24:00,SIM,97.73
2020-01-03T03:25:00,SIM,98.39
2020-01-03T03:26:00,SIM,99.03
2020-01-03T03:27:00,SIM,99.11
2020-01-03T03:28:00,SIM,98.35
2020-01-03T03:29:00,SIM,98.42
2020-01-03T03:30:00,SIM,98.66
2020-01-03T03:31:00,SIM,99.05
2020-01-03T03:32:00,SIM,99.59
2020-01-03T03:33:00,SIM,100.37
2020-01-03T03:34:00,SIM,99.57
2020-01-03T03:35:00,SIM,99.93
2020-01-03T03:36:00,SIM,100.85
2020-01-03T03:37:00,SIM,99.93
2020-01-03T03:38:00,SIM,99.35
2020-01-03T03:39:00,SIM,99.12
2020-01-03T03:40:00,SIM,98.48
2020-01-03T03:41:00,SIM,99.2
2020-01-03T03:42:00,SIM,99.06
2020-01-03T03:43:00,SIM,99.5
2020-01-03T03:44:00,SIM,98.84
2020-01-03T03:45:00,SIM,98.22
2020-01-03T03:46:00,SIM,98.2
2020-01-03T03:47:00,SIM,98.91
2020-01-03T03:48:00,SIM,98.73
2020-01-03T03:49:00,SIM,98.61
2020-01-03T03:50:00,SIM,98.33
2020-01-03T03:51:00,SIM,97.92
2020-01-03T03:52:00,SIM,97.18
2020-01-03T03:53:00,SIM,97.59
2020-01-03T03:54:00,SIM,97.17
2020-01-03T03:55:00,SIM,96.23
2020-01-03T03:56:00,SIM,96.83
2020-01-03T03:57:00,SIM,97.69
2020-01-03T03:58:00,SIM,97.01
2020-01-03T03:59:00,SIM,97.83
2020-01-03T04:00:00,SIM,98.73
2020-01-03T04:01:00,SIM,98.6
2020-01-03T04:02:00,SIM,99.48
2020-01-03T04:03:00,SIM,98.92
2020-01-03T04:04:00,SIM,99.8
2020-01-03T04:05:00,SIM,99.4
2020-01-03T04:06:00,SIM,100.1
2020-01-03T04:07:00,SIM,100.71
2020-01-03T04:08:00,SIM,100.93
2020-01-03T04:09:00,SIM,100.89
2020-01-03T04:10:00,SIM,101.06
2020-01-03T04:11:00,SIM,101.36
2020-01-03T04:12:00,SIM,100.38
2020-01-03T04:13:00,SIM,99.93
2020-01-03T04:14:00,SIM,100.27
2020-01-03T04:15:00,SIM,99.69
2020-01-03T04:16:00,SIM,100.55
2020-01-03T04:17:00,SIM,100.34
2020-01-03T04:18:00,SIM,100.46
2020-01-03T04:19:00,SIM,100.77
2020-01-03T04:20:00,SIM,101.58
2020-01-03T04:21:00,SIM,100.91
2020-01-03T04:22:00,SIM,99.98
2020-01-03T04:23:00,SIM,99.68
2020-01-03T04:24:00,SIM,100.29
2020-01-03T04:25:00,SIM,101.23
2020-01-03T04:26:00,SIM,100.73
2020-01-03T04:27:00,SIM,101.4
2020-01-03T04:28:00,SIM,102.23
2020-01-03T04:29:00,SIM,101.93
2020-01-03T04:30:00,SIM,102.39
2020-01-03T04:31:00,SIM,102.69
2020-01-03T04:32:00,SIM,102.58
2020-01-03T04:33:00,SIM,103.07
2020-01-03T04:34:00,SIM,103.5
2020-01-03T04:35:00,SIM,102.94
2020-01-03T04:36:00,SIM,101.99
2020-01-03T04:37:00,SIM,101.79
2020-01-03T04:38:00,SIM,101.37
2020-01-03T04:39:00,SIM,102.18
2020-01-03T04:40:00,SIM,102.22
2020-01-03T04:41:00,SIM,102.0
2020-01-03T04:42:00,SIM,102.81
2020-01-03T04:43:00,SIM,102.23
2020-01-03T04:44:00,SIM,102.43
2020-01-03T04:45:00,SIM,103.37
2020-01-03T04:46:00,SIM,102.98
2020-01-03T04:47:00,SIM,103.56
2020-01-03T04:48:00,SIM,103.62
2020-01-03T04:49:00,SIM,103.8
2020-01-03T04:50:00,SIM,104.56
2020-01-03T04:51:00,SIM,104.56
2020-01-03T04:52:00,SIM,105.51
2020-01-03T04:53:00,SIM,105.45
2020-01-03T04:54:00,SIM,104.74
2020-01-03T04:55:00,SIM,105.34
2020-01-03T04:56:00,SIM,105.41
2020-01-03T04:57:00,SIM,106.09
2020-01-03T04:58:00,SIM,106.92
2020-01-03T04:59:00,SIM,106.2
2020-01-03T05:00:00,SIM,106.48
2020-01-03T05:01:00,SIM,105.67
2020-01-03T05:02:00,SIM,104.79
2020-01-03T05:03:00,SIM,104.26
2020-01-03T05:04:00,SIM,104.43
2020-01-03T05:05:00,SIM,103.54
2020-01-03T05:06:00,SIM,103.84
2020-01-03T05:07:00,SIM,103.82
2020-01-03T05:08:00,SIM,104.33
2020-01-03T05:09:00,SIM,103.61
2020-01-03T05:10:00,SIM,103.2
2020-01-03T05:11:00,SIM,103.32
2020-01-03T05:12:00,SIM,103.79
2020-01-03T05:13:00,SIM,103.72
2020-01-03T05:14:00,SIM,103.44
2020-01-03T05:15:00,SIM,103.68
2020-01-03T05:16:00,SIM,103.56
2020-01-03T05:17:00,SIM,103.73
2020-01-03T05:18:00,SIM,102.96
2020-01-03T05:19:00,SIM,102.27
2020-01-03T05:20:00,SIM,101.65
2020-01-03T05:21:00,SIM,101.25
2020-01-03T05:22:00,SIM,100.97
2020-01-03T05:23:00,SIM,100.03
2020-01-03T05:24:00,SIM,100.06
2020-01-03T05:25:00,SIM,99.31
2020-01-03T05:26:00,SIM,99.52
2020-01-03T05:27:00,SIM,100.01
2020-01-03T05:28:00,SIM,99.58
2020-01-03T05:29:00,SIM,98.91
2020-01-03T05:30:00,SIM,99.8
2020-01-03T05:31:00,SIM,99.46
2020-01-03T05:32:00,SIM,98.62
2020-01-03T05:33:00,SIM,98.21
2020-01-03T05:34:00,SIM,98.63
2020-01-03T05:35:00,SIM,97.8
2020-01-03T05:36:00,SIM,98.47
2020-01-03T05:37:00,SIM,98.75
2020-01-03T05:38:00,SIM,99.44
2020-01-03T05:39:00,SIM,100.41
2020-01-03T05:40:00,SIM,99.99
2020-01-03T05:41:00,SIM,99.7
2020-01-03T05:42:00,SIM,100.37
2020-01-03T05:43:00,SIM,100.07
2020-01-03T05:44:00,SIM,100.16
2020-01-03T05:45:00,SIM,100.4
2020-01-03T05:46:00,SIM,99.87
2020-01-03T05:47:00,SIM,99.52
2020-01-03T05:48:00,SIM,99.56
2020-01-03T05:49:00,SIM,98.72
2020-01-03T05:50:00,SIM,99.14
2020-01-03T05:51:00,SIM,99.97
2020-01-03T05:52:00,SIM,99.62
2020-01-03T05:53:00,SIM,98.64
2020-01-03T05:54:00,SIM,99.63
2020-01-03T05:55:00,SIM,98.68
2020-01-03T05:56:00,SIM,99.36
2020-01-03T05:57:00,SIM,99.8
2020-01-03T05:58:00,SIM,98.93
2020-01-03T05:59:00,SIM,98.86
2020-01-03T06:00:00,SIM,98.56
2020-01-03T06:01:00,SIM,99.55
2020-01-03T06:02:00,SIM,98.57
2020-01-03T06:03:00,SIM,98.54
2020-01-03T06:04:00,SIM,98.88
2020-01-03T06:05:00,SIM,98.48
2020-01-03T06:06:00,SIM,97.87
2020-01-03T06:07:00,SIM,97.78
2020-01-03T06:08:00,SIM,97.37
2020-01-03T06:09:00,SIM,97.09
2020-01-03T06:10:00,SIM,96.65
2020-01-03T06:11:00,SIM,97.24
2020-01-03T06:12:00,SIM,96.47
2020-01-03T06:13:00,SIM,95.93
2020-01-03T06:14:00,SIM,96.84
2020-01-03T06:15:00,SIM,97.7
2020-01-03T06:16:00,SIM,97.55
2020-01-03T06:17:00,SIM,97.17
2020-01-03T06:18:00,SIM,97.56
2020-01-03T06:19:00,SIM,96.7
2020-01-03T06:20:00,SIM,97.36
2020-01-03T06:21:00,SIM,98.28
2020-01-03T06:22:00,SIM,99.15
2020-01-03T06:23:00,SIM,98.84
2020-01-03T06:24:00,SIM,98.89
2020-01-03T06:25:00,SIM,98.37
2020-01-03T06:26:00,SIM,97.46
2020-01-03T06:27:00,SIM,96.81
2020-01-03T06:28:00,SIM,97.19
2020-01-03T06:29:00,SIM,97.81
2020-01-03T06:30:00,SIM,97.27
2020-01-03T06:31:00,SIM,97.75
2020-01-03T06:32:00,SIM,96.82
2020-01-03T06:33:00,SIM,97.7
2020-01-03T06:34:00,SIM,97.54
2020-01-03T06:35:00,SIM,96.61
2020-01-03T06:36:00,SIM,95.82
2020-01-03T06:37:00,SIM,95.0
2020-01-03T06:38:00,SIM,95.39
2020-01-03T06:39:00,SIM,96.19
2020-01-03T06:40:00,SIM,96.48
2020-01-03T06:41:00,SIM,95.87
2020-01-03T06:42:00,SIM,95.45
2020-01-03T06:43:00,SIM,94.88
2020-01-03T06:44:00,SIM,95.81
2020-01-03T06:45:00,SIM,96.14
2020-01-03T06:46:00,SIM,96.22
2020-01-03T06:47:00,SIM,96.55
2020-01-03T06:48:00,SIM,95.55
2020-01-03T06:49:00,SIM,95.17
2020-01-03T06:50:00,SIM,95.44
2020-01-03T06:51:00,SIM,96.42
2020-01-03T06:52:00,SIM,95.93
2020-01-03T06:53:00,SIM,95.99
2020-01-03T06:54:00,SIM,95.75
2020-01-03T06:55:00,SIM,96.44
2020-01-03T06:56:00,SIM,96.03
2020-01-03T06:57:00,SIM,96.73
2020-01-03T06:58:00,SIM,95.75
2020-01-03T06:59:00,SIM,96.53
2020-01-03T07:00:00,SIM,95.92
2020-01-03T07:01:00,SIM,96.66
2020-01-03T07:02:00,SIM,96.25
2020-01-03T07:03:00,SIM,96.49
2020-01-03T07:04:00,SIM,96.44
2020-01-03T07:05:00,SIM,96.88
2020-01-03T07:06:00,SIM,96.77
2020-01-03T07:07:00,SIM,97.68
2020-01-03T07:08:00,SIM,97.28
2020-01-03T07:09:00,SIM,97.9
2020-01-03T07:10:00,SIM,97.41
2020-01-03T07:11:00,SIM,98.13
2020-01-03T07:12:00,SIM,98.34
2020-01-03T07:13:00,SIM,98.33
2020-01-03T07:14:00,SIM,97.52
2020-01-03T07:15:00,SIM,96.86
2020-01-03T07:16:00,SIM,95.99
2020-01-03T07:17:00,SIM,96.02
2020-01-03T07:18:00,SIM,96.08
2020-01-03T07:19:00,SIM,95.27
2020-01-03T07:20:00,SIM,95.3
2020-01-03T07:21:00,SIM,95.01
2020-01-03T07:22:00,SIM,94.24
2020-01-03T07:23:00,SIM,93.5
2020-01-03T07:24:00,SIM,93.89
2020-01-03T07:25:00,SIM,93.66
2020-01-03T07:26:00,SIM,93.47
2020-01-03T07:27:00,SIM,93.32
2020-01-03T07:28:00,SIM,93.63
2020-01-03T07:29:00,SIM,93.63
2020-01-03T07:30:00,SIM,94.49
2020-01-03T07:31:00,SIM,94.53
2020-01-03T07:32:00,SIM,95.01
2020-01-03T07:33:00,SIM,95.05
2020-01-03T07:34:00,SIM,94.38
2020-01-03T07:35:00,SIM,93.45
2020-01-03T07:36:00,SIM,94.44
2020-01-03T07:37:00,SIM,95.06
2020-01-03T07:38:00,SIM,94.14
2020-01-03T07:39:00,SIM,94.35
2020-01-03T07:40:00,SIM,93.61
2020-01-03T07:41:00,SIM,93.75
2020-01-03T07:42:00,SIM,93.85
2020-01-03T07:43:00,SIM,92.94
2020-01-03T07:44:00,SIM,93.37
2020-01-03T07:45:00,SIM,93.06
2020-01-03T07:46:00,SIM,92.44
2020-01-03T07:47:00,SIM,92.57
2020-01-03T07:48:00,SIM,93.03
2020-01-03T07:49:00,SIM,94.01
2020-01-03T07:50:00,SIM,93.84
2020-01-03T07:51:00,SIM,94.28
2020-01-03T07:52:00,SIM,93.74
2020-01-03T07:53:00,SIM,94.02
2020-01-03T07:54:00,SIM,94.83
2020-01-03T07:55:00,SIM,95.3
2020-01-03T07:56:00,SIM,95.42
2020-01-03T07:57:00,SIM,95.02
2020-01-03T07:58:00,SIM,95.09
2020-01-03T07:59:00,SIM,95.38
2020-01-03T08:00:00,SIM,94.51
2020-01-03T08:01:00,SIM,93.67
2020-01-03T08:02:00,SIM,94.67
2020-01-03T08:03:00,SIM,93.72
2020-01-03T08:04:00,SIM,94.16
2020-01-03T08:05:00,SIM,93.81
2020-01-03T08:06:00,SIM,94.56
2020-01-03T08:07:00,SIM,94.71
2020-01-03T08:08:00,SIM,94.92
2020-01-03T08:09:00,SIM,94.88
2020-01-03T08:10:00,SIM,94.69
2020-01-03T08:11:00,SIM,93.94
2020-01-03T08:12:00,SIM,94.3
2020-01-03T08:13:00,SIM,95.24
2020-01-03T08:14:00,SIM,94.7
2020-01-03T08:15:00,SIM,94.2
2020-01-03T08:16:00,SIM,93.23
2020-01-03T08:17:00,SIM,92.94
2020-01-03T08:18:00,SIM,93.13
2020-01-03T08:19:00,SIM,93.23
2020-01-03T08:20:00,SIM,93.56
2020-01-03T08:21:00,SIM,94.2
2020-01-03T08:22:00,SIM,94.0
2020-01-03T08:23:00,SIM,94.41
2020-01-03T08:24:00,SIM,95.39
2020-01-03T08:25:00,SIM,96.16
2020-01-03T08:26:00,SIM,96.35
2020-01-03T08:27:00,SIM,96.75
2020-01-03T08:28:00,SIM,96.12
2020-01-03T08:29:00,SIM,95.94
2020-01-03T08:30:00,SIM,95.95
2020-01-03T08:31:00,SIM,96.86
2020-01-03T08:32:00,SIM,96.86
2020-01-03T08:33:00,SIM,97.29
2020-01-03T08:34:00,SIM,98.14
2020-01-03T08:35:00,SIM,97.38
2020-01-03T08:36:00,SIM,98.04
2020-01-03T08:37:00,SIM,97.62
2020-01-03T08:38:00,SIM,96.7
2020-01-03T08:39:00,SIM,96.98
2020-01-03T08:40:00,SIM,97.71
2020-01-03T08:41:00,SIM,98.51
2020-01-03T08:42:00,SIM,99.29
2020-01-03T08:43:00,SIM,99.69
2020-01-03T08:44:00,SIM,98.71
2020-01-03T08:45:00,SIM,99.51
2020-01-03T08:46:00,SIM,100.3
2020-01-03T08:47:00,SIM,99.91
2020-01-03T08:48:00,SIM,100.51
2020-01-03T08:49:00,SIM,100.11
2020-01-03T08:50:00,SIM,99.35
2020-01-03T08:51:00,SIM,100.02
2020-01-03T08:52:00,SIM,100.69
2020-01-03T08:53:00,SIM,100.32
2020-01-03T08:54:00,SIM,100.71
2020-01-03T08:55:00,SIM,100.86
2020-01-03T08:56:00,SIM,101.07
2020-01-03T08:57:00,SIM,101.08
2020-01-03T08:58:00,SIM,101.08
2020-01-03T08:59:00,SIM,100.77
2020-01-03T09:00:00,SIM,101.35
2020-01-03T09:01:00,SIM,100.36
2020-01-03T09:02:00,SIM,100.78
2020-01-03T09:03:00,SIM,101.41
2020-01-03T09:04:00,SIM,101.66
2020-01-03T09:05:00,SIM,100.87
2020-01-03T09:06:00,SIM,100.51
2020-01-03T09:07:00,SIM,101.3
2020-01-03T09:08:00,SIM,100.89
2020-01-03T09:09:00,SIM,100.21
2020-01-03T09:10:00,SIM,100.04
2020-01-03T09:11:00,SIM,100.44
2020-01-03T09:12:00,SIM,100.9
2020-01-03T09:13:00,SIM,101.11
2020-01-03T09:14:00,SIM,101.07
2020-01-03T09:15:00,SIM,100.57
2020-01-03T09:16:00,SIM,101.37
2020-01-03T09:17:00,SIM,101.77
2020-01-03T09:18:00,SIM,101.8
2020-01-03T09:19:00,SIM,102.64
2020-01-03T09:20:00,SIM,102.89
2020-01-03T09:21:00,SIM,103.25
2020-01-03T09:22:00,SIM,103.23
2020-01-03T09:23:00,SIM,102.86
2020-01-03T09:24:00,SIM,103.63
2020-01-03T09:25:00,SIM,104.03
2020-01-03T09:26:00,SIM,104.32
2020-01-03T09:27:00,SIM,103.44
2020-01-03T09:28:00,SIM,102.44
2020-01-03T09:29:00,SIM,101.78
2020-01-03T09:30:00,SIM,102.38
2020-01-03T09:31:00,SIM,103.11
2020-01-03T09:32:00,SIM,103.48
2020-01-03T09:33:00,SIM,103.82
2020-01-03T09:34:00,SIM,103.0
2020-01-03T09:35:00,SIM,102.97
2020-01-03T09:36:00,SIM,103.54
2020-01-03T09:37:00,SIM,103.04
2020-01-03T09:38:00,SIM,103.18
2020-01-03T09:39:00,SIM,103.9
2020-01-03T09:40:00,SIM,103.94
2020-01-03T09:41:00,SIM,103.4
2020-01-03T09:42:00,SIM,103.44
2020-01-03T09:43:00,SIM,103.02
2020-01-03T09:44:00,SIM,103.54
2020-01-03T09:45:00,SIM,104.28
2020-01-03T09:46:00,SIM,104.8
2020-01-03T09:47:00,SIM,104.93
2020-01-03T09:48:00,SIM,105.65
2020-01-03T09:49:00,SIM,106.47
2020-01-03T09:50:00,SIM,106.38
2020-01-03T09:51:00,SIM,106.09
2020-01-03T09:52:00,SIM,106.25
2020-01-03T09:53:00,SIM,106.8
2020-01-03T09:54:00,SIM,107.27
2020-01-03T09:55:00,SIM,106.77
2020-01-03T09:56:00,SIM,106.4
2020-01-03T09:57:00,SIM,106.83
2020-01-03T09:58:00,SIM,106.22
2020-01-03T09:59:00,SIM,105.59
2020-01-03T10:00:00,SIM,104.65
2020-01-03T10:01:00,SIM,105.13
2020-01-03T10:02:00,SIM,104.95
2020-01-03T10:03:00,SIM,105.07
2020-01-03T10:04:00,SIM,104.73
2020-01-03T10:05:00,SIM,103.77
2020-01-03T10:06:00,SIM,103.73
2020-01-03T10:07:00,SIM,104.72
2020-01-03T10:08:00,SIM,103.87
2020-01-03T10:09:00,SIM,104.19
2020-01-03T10:10:00,SIM,103.34
2020-01-03T10:11:00,SIM,102.56
2020-01-03T10:12:00,SIM,102.62
2020-01-03T10:13:00,SIM,101.62
2020-01-03T10:14:00,SIM,101.23
2020-01-03T10:15:00,SIM,101.27
2020-01-03T10:16:00,SIM,102.25
2020-01-03T10:17:00,SIM,102.47
2020-01-03T10:18:00,SIM,103.38
2020-01-03T10:19:00,SIM,104.14
2020-01-03T10:20:00,SIM,104.4
2020-01-03T10:21:00,SIM,105.16
2020-01-03T10:22:00,SIM,104.68
2020-01-03T10:23:00,SIM,104.79
2020-01-03T10:24:00,SIM,105.12
2020-01-03T10:25:00,SIM,105.65
2020-01-03T10:26:00,SIM,106.17
2020-01-03T10:27:00,SIM,106.45
2020-01-03T10:28:00,SIM,105.5
2020-01-03T10:29:00,SIM,105.73
2020-01-03T10:30:00,SIM,105.93
2020-01-03T10:31:00,SIM,104.97
2020-01-03T10:32:00,SIM,105.02
2020-01-03T10:33:00,SIM,104.68
2020-01-03T10:34:00,SIM,104.19
2020-01-03T10:35:00,SIM,104.75
2020-01-03T10:36:00,SIM,105.49
2020-01-03T10:37:00,SIM,105.92
2020-01-03T10:38:00,SIM,106.57
2020-01-03T10:39:00,SIM,106.49
2020-01-03T10:40:00,SIM,107.43
2020-01-03T10:41:00,SIM,107.51
2020-01-03T10:42:00,SIM,108.06
2020-01-03T10:43:00,SIM,108.59
2020-01-03T10:44:00,SIM,108.47
2020-01-03T10:45:00,SIM,107.71
2020-01-03T10:46:00,SIM,108.55
2020-01-03T10:47:00,SIM,108.27
2020-01-03T10:48:00,SIM,107.87
2020-01-03T10:49:00,SIM,108.07
2020-01-03T10:50:00,SIM,107.75
2020-01-03T10:51:00,SIM,107.17
2020-01-03T10:52:00,SIM,106.39
2020-01-03T10:53:00,SIM,106.0
2020-01-03T10:54:00,SIM,106.66
2020-01-03T10:55:00,SIM,105.83
2020-01-03T10:56:00,SIM,106.0
2020-01-03T10:57:00,SIM,106.61
2020-01-03T10:58:00,SIM,106.59
2020-01-03T10:59:00,SIM,107.26
2020-01-03T11:00:00,SIM,107.19
2020-01-03T11:01:00,SIM,107.74
2020-01-03T11:02:00,SIM,107.23
2020-01-03T11:03:00,SIM,107.9
2020-01-03T11:04:00,SIM,107.01
2020-01-03T11:05:00,SIM,107.83
2020-01-03T11:06:00,SIM,108.05
2020-01-03T11:07:00,SIM,108.28
2020-01-03T11:08:00,SIM,108.68
2020-01-03T11:09:00,SIM,109.47
2020-01-03T11:10:00,SIM,109.12
2020-01-03T11:11:00,SIM,109.07
2020-01-03T11:12:00,SIM,109.98
2020-01-03T11:13:00,SIM,110.05
2020-01-03T11:14:00,SIM,109.47
2020-01-03T11:15:00,SIM,108.86
2020-01-03T11:16:00,SIM,108.75
2020-01-03T11:17:00,SIM,109.25
2020-01-03T11:18:00,SIM,108.58
2020-01-03T11:19:00,SIM,109.26
2020-01-03T11:20:00,SIM,108.52
2020-01-03T11:21:00,SIM,107.74
2020-01-03T11:22:00,SIM,107.41
2020-01-03T11:23:00,SIM,107.14
2020-01-03T11:24:00,SIM,108.03
2020-01-03T11:25:00,SIM,108.7
2020-01-03T11:26:00,SIM,108.45
2020-01-03T11:27:00,SIM,107.77
2020-01-03T11:28:00,SIM,106.91
2020-01-03T11:29:00,SIM,107.1
2020-01-03T11:30:00,SIM,106.99
2020-01-03T11:31:00,SIM,106.15
2020-01-03T11:32:00,SIM,106.84
2020-01-03T11:33:00,SIM,107.6
2020-01-03T11:34:00,SIM,106.96
2020-01-03T11:35:00,SIM,107.69
2020-01-03T11:36:00,SIM,107.56
2020-01-03T11:37:00,SIM,107.45
2020-01-03T11:38:00,SIM,107.51
2020-01-03T11:39:00,SIM,108.07
2020-01-03T11:40:00,SIM,108.84
2020-01-03T11:41:00,SIM,108.6
2020-01-03T11:42:00,SIM,108.07
2020-01-03T11:43:00,SIM,108.82
2020-01-03T11:44:00,SIM,108.0
2020-01-03T11:45:00,SIM,107.33
2020-01-03T11:46:00,SIM,107.95
2020-01-03T11:47:00,SIM,107.69
2020-01-03T11:48:00,SIM,107.98
2020-01-03T11:49:00,SIM,107.5
2020-01-03T11:50:00,SIM,107.62
2020-01-03T11:51:00,SIM,106.78
2020-01-03T11:52:00,SIM,106.4
2020-01-03T11:53:00,SIM,106.54
2020-01-03T11:54:00,SIM,106.49
2020-01-03T11:55:00,SIM,107.36
2020-01-03T11:56:00,SIM,106.37
2020-01-03T11:57:00,SIM,107.24
2020-01-03T11:58:00,SIM,106.86
2020-01-03T11:59:00,SIM,106.26
2020-01-03T12:00:00,SIM,106.8
2020-01-03T12:01:00,SIM,107.63
2020-01-03T12:02:00,SIM,106.67
2020-01-03T12:03:00,SIM,106.89
2020-01-03T12:04:00,SIM,107.8
2020-01-03T12:05:00,SIM,106.94
2020-01-03T12:06:00,SIM,106.46
2020-01-03T12:07:00,SIM,107.02
2020-01-03T12:08:00,SIM,106.45
2020-01-03T12:09:00,SIM,106.56
2020-01-03T12:10:00,SIM,107.11
2020-01-03T12:11:00,SIM,107.24
2020-01-03T12:12:00,SIM,107.93
2020-01-03T12:13:00,SIM,108.3
2020-01-03T12:14:00,SIM,107.31
2020-01-03T12:15:00,SIM,106.6
2020-01-03T12:16:00,SIM,105.87
2020-01-03T12:17:00,SIM,106.69
2020-01-03T12:18:00,SIM,106.92
2020-01-03T12:19:00,SIM,106.77
2020-01-03T12:20:00,SIM,107.75
2020-01-03T12:21:00,SIM,106.79
2020-01-03T12:22:00,SIM,106.84
2020-01-03T12:23:00,SIM,106.29
2020-01-03T12:24:00,SIM,107.15
2020-01-03T12:25:00,SIM,106.7
2020-01-03T12:26:00,SIM,107.29
2020-01-03T12:27:00,SIM,107.04
2020-01-03T12:28:00,SIM,106.96
2020-01-03T12:29:00,SIM,107.1
2020-01-03T12:30:00,SIM,108.03
2020-01-03T12:31:00,SIM,108.51
2020-01-03T12:32:00,SIM,107.61
2020-01-03T12:33:00,SIM,108.5
2020-01-03T12:34:00,SIM,107.75
2020-01-03T12:35:00,SIM,108.4
2020-01-03T12:36:00,SIM,108.98
2020-01-03T12:37:00,SIM,109.3
2020-01-03T12:38:00,SIM,109.78
2020-01-03T12:39:00,SIM,109.47
2020-01-03T12:40:00,SIM,109.25
2020-01-03T12:41:00,SIM,109.82
2020-01-03T12:42:00,SIM,109.89
2020-01-03T12:43:00,SIM,109.71
2020-01-03T12:44:00,SIM,109.67
2020-01-03T12:45:00,SIM,109.57
2020-01-03T12:46:00,SIM,108.84
2020-01-03T12:47:00,SIM,108.17
2020-01-03T12:48:00,SIM,107.4
2020-01-03T12:49:00,SIM,107.45
2020-01-03T12:50:00,SIM,107.84
2020-01-03T12:51:00,SIM,108.61
2020-01-03T12:52:00,SIM,108.94
2020-01-03T12:53:00,SIM,109.27
2020-01-03T12:54:00,SIM,109.58
2020-01-03T12:55:00,SIM,108.73
2020-01-03T12:56:00,SIM,108.42
2020-01-03T12:57:00,SIM,109.11
2020-01-03T12:58:00,SIM,109.48
2020-01-03T12:59:00,SIM,108.92
2020-01-03T13:00:00,SIM,108.13
2020-01-03T13:01:00,SIM,107.95
2020-01-03T13:02:00,SIM,108.52
2020-01-03T13:03:00,SIM,108.82
2020-01-03T13:04:00,SIM,108.19
2020-01-03T13:05:00,SIM,107.44
2020-01-03T13:06:00,SIM,107.3
2020-01-03T13:07:00,SIM,108.22
2020-01-03T13:08:00,SIM,108.9
2020-01-03T13:09:00,SIM,108.83
2020-01-03T13:10:00,SIM,108.69
2020-01-03T13:11:00,SIM,107.81
2020-01-03T13:12:00,SIM,107.53
2020-01-03T13:13:00,SIM,107.0
2020-01-03T13:14:00,SIM,106.97
2020-01-03T13:15:00,SIM,107.36
2020-01-03T13:16:00,SIM,106.56
2020-01-03T13:17:00,SIM,107.26
2020-01-03T13:18:00,SIM,108.08
2020-01-03T13:19:00,SIM,109.03
2020-01-03T13:20:00,SIM,108.48
2020-01-03T13:21:00,SIM,108.56
2020-01-03T13:22:00,SIM,109.52
2020-01-03T13:23:00,SIM,109.56
2020-01-03T13:24:00,SIM,108.56
2020-01-03T13:25:00,SIM,109.24
2020-01-03T13:26:00,SIM,109.05
2020-01-03T13:27:00,SIM,108.31
2020-01-03T13:28:00,SIM,107.9
2020-01-03T13:29:00,SIM,107.95
2020-01-03T13:30:00,SIM,108.17
2020-01-03T13:31:00,SIM,108.77
2020-01-03T13:32:00,SIM,109.3
2020-01-03T13:33:00,SIM,109.62
2020-01-03T13:34:00,SIM,109.24
2020-01-03T13:35:00,SIM,109.83
2020-01-03T13:36:00,SIM,110.38
2020-01-03T13:37:00,SIM,109.74
2020-01-03T13:38:00,SIM,110.13
2020-01-03T13:39:00,SIM,110.71
2020-01-03T13:40:00,SIM,110.92
2020-01-03T13:41:00,SIM,111.44
2020-01-03T13:42:00,SIM,111.4
2020-01-03T13:43:00,SIM,110.63
2020-01-03T13:44:00,SIM,109.86
2020-01-03T13:45:00,SIM,110.48
2020-01-03T13:46:00,SIM,111.44
2020-01-03T13:47:00,SIM,110.54
2020-01-03T13:48:00,SIM,111.07
2020-01-03T13:49:00,SIM,111.93
2020-01-03T13:50:00,SIM,111.05
2020-01-03T13:51:00,SIM,111.37
2020-01-03T13:52:00,SIM,112.29
2020-01-03T13:53:00,SIM,111.39
2020-01-03T13:54:00,SIM,111.72
2020-01-03T13:55:00,SIM,110.98
2020-01-03T13:56:00,SIM,110.27
2020-01-03T13:57:00,SIM,111.25
2020-01-03T13:58:00,SIM,111.7
2020-01-03T13:59:00,SIM,111.57
2020-01-03T14:00:00,SIM,112.47
2020-01-03T14:01:00,SIM,111.94
2020-01-03T14:02:00,SIM,111.41
2020-01-03T14:03:00,SIM,112.07
2020-01-03T14:04:00,SIM,111.77
2020-01-03T14:05:00,SIM,112.58
2020-01-03T14:06:00,SIM,113.31
2020-01-03T14:07:00,SIM,112.74
2020-01-03T14:08:00,SIM,113.54
2020-01-03T14:09:00,SIM,112.84
2020-01-03T14:10:00,SIM,113.04
2020-01-03T14:11:00,SIM,113.03
2020-01-03T14:12:00,SIM,112.22
2020-01-03T14:13:00,SIM,111.44
2020-01-03T14:14:00,SIM,112.23
2020-01-03T14:15:00,SIM,111.57
2020-01-03T14:16:00,SIM,112.25
2020-01-03T14:17:00,SIM,111.95
2020-01-03T14:18:00,SIM,111.51
2020-01-03T14:19:00,SIM,111.96
2020-01-03T14:20:00,SIM,111.98
2020-01-03T14:21:00,SIM,112.09
2020-01-03T14:22:00,SIM,112.73
2020-01-03T14:23:00,SIM,111.99
2020-01-03T14:24:00,SIM,112.48
2020-01-03T14:25:00,SIM,112.24
2020-01-03T14:26:00,SIM,111.6
2020-01-03T14:27:00,SIM,110.91
2020-01-03T14:28:00,SIM,111.75
2020-01-03T14:29:00,SIM,111.93
2020-01-03T14:30:00,SIM,110.98
2020-01-03T14:31:00,SIM,110.69
2020-01-03T14:32:00,SIM,109.78
2020-01-03T14:33:00,SIM,110.71
2020-01-03T14:34:00,SIM,111.51
2020-01-03T14:35:00,SIM,111.83
2020-01-03T14:36:00,SIM,111.76
2020-01-03T14:37:00,SIM,112.53
2020-01-03T14:38:00,SIM,112.22
2020-01-03T14:39:00,SIM,112.16
2020-01-03T14:40:00,SIM,112.65
2020-01-03T14:41:00,SIM,112.04
2020-01-03T14:42:00,SIM,111.39
2020-01-03T14:43:00,SIM,112.02
2020-01-03T14:44:00,SIM,112.1
2020-01-03T14:45:00,SIM,111.31
2020-01-03T14:46:00,SIM,111.22
2020-01-03T14:47:00,SIM,111.24
2020-01-03T14:48:00,SIM,110.3
2020-01-03T14:49:00,SIM,109.62
2020-01-03T14:50:00,SIM,109.0
2020-01-03T14:51:00,SIM,109.12
2020-01-03T14:52:00,SIM,108.27
2020-01-03T14:53:00,SIM,107.33
2020-01-03T14:54:00,SIM,106.92
2020-01-03T14:55:00,SIM,107.04
2020-01-03T14:56:00,SIM,106.93
2020-01-03T14:57:00,SIM,106.28
2020-01-03T14:58:00,SIM,105.48
2020-01-03T14:59:00,SIM,106.39
2020-01-03T15:00:00,SIM,106.95
2020-01-03T15:01:00,SIM,107.43
2020-01-03T15:02:00,SIM,106.87
2020-01-03T15:03:00,SIM,107.58
2020-01-03T15:04:00,SIM,106.64
2020-01-03T15:05:00,SIM,106.67
2020-01-03T15:06:00,SIM,107.27
2020-01-03T15:07:00,SIM,108.19
2020-01-03T15:08:00,SIM,107.9
2020-01-03T15:09:00,SIM,107.74
2020-01-03T15:10:00,SIM,107.32
2020-01-03T15:11:00,SIM,107.06
2020-01-03T15:12:00,SIM,107.52
2020-01-03T15:13:00,SIM,106.63
2020-01-03T15:14:00,SIM,106.79
2020-01-03T15:15:00,SIM,107.48
2020-01-03T15:16:00,SIM,106.99
2020-01-03T15:17:00,SIM,107.39
2020-01-03T15:18:00,SIM,107.57
2020-01-03T15:19:00,SIM,108.22
2020-01-03T15:20:00,SIM,109.1
2020-01-03T15:21:00,SIM,109.34
2020-01-03T15:22:00,SIM,108.87
2020-01-03T15:23:00,SIM,108.24
2020-01-03T15:24:00,SIM,107.62
2020-01-03T15:25:00,SIM,106.69
2020-01-03T15:26:00,SIM,106.7
2020-01-03T15:27:00,SIM,105.85
2020-01-03T15:28:00,SIM,104.88
2020-01-03T15:29:00,SIM,105.74
2020-01-03T15:30:00,SIM,106.68
2020-01-03T15:31:00,SIM,106.69
2020-01-03T15:32:00,SIM,106.14
2020-01-03T15:33:00,SIM,106.58
2020-01-03T15:34:00,SIM,105.93
2020-01-03T15:35:00,SIM,106.59
2020-01-03T15:36:00,SIM,105.94
2020-01-03T15:37:00,SIM,105.72
2020-01-03T15:38:00,SIM,105.08
2020-01-03T15:39:00,SIM,104.7
2020-01-03T15:40:00,SIM,105.33
2020-01-03T15:41:00,SIM,104.56
2020-01-03T15:42:00,SIM,104.6
2020-01-03T15:43:00,SIM,104.64
2020-01-03T15:44:00,SIM,105.23
2020-01-03T15:45:00,SIM,104.61
2020-01-03T15:46:00,SIM,104.74
2020-01-03T15:47:00,SIM,104.3
2020-01-03T15:48:00,SIM,103.5
2020-01-03T15:49:00,SIM,102.77
2020-01-03T15:50:00,SIM,103.28
2020-01-03T15:51:00,SIM,104.18
2020-01-03T15:52:00,SIM,103.24
2020-01-03T15:53:00,SIM,103.53
2020-01-03T15:54:00,SIM,103.27
2020-01-03T15:55:00,SIM,103.83
2020-01-03T15:56:00,SIM,103.11
2020-01-03T15:57:00,SIM,102.93
2020-01-03T15:58:00,SIM,102.1
2020-01-03T15:59:00,SIM,101.75
2020-01-03T16:00:00,SIM,101.02
2020-01-03T16:01:00,SIM,101.31
2020-01-03T16:02:00,SIM,101.65
2020-01-03T16:03:00,SIM,102.38
2020-01-03T16:04:00,SIM,101.63
2020-01-03T16:05:00,SIM,100.87
2020-01-03T16:06:00,SIM,100.58
2020-01-03T16:07:00,SIM,101.18
2020-01-03T16:08:00,SIM,102.07
2020-01-03T16:09:00,SIM,102.14
2020-01-03T16:10:00,SIM,101.15
2020-01-03T16:11:00,SIM,100.81
2020-01-03T16:12:00,SIM,100.46
2020-01-03T16:13:00,SIM,100.59
2020-01-03T16:14:00,SIM,99.85
2020-01-03T16:15:00,SIM,98.88
2020-01-03T16:16:00,SIM,98.74
2020-01-03T16:17:00,SIM,99.68
2020-01-03T16:18:00,SIM,100.66
2020-01-03T16:19:00,SIM,101.65
2020-01-03T16:20:00,SIM,101.05
2020-01-03T16:21:00,SIM,101.0
2020-01-03T16:22:00,SIM,100.72
2020-01-03T16:23:00,SIM,100.94
2020-01-03T16:24:00,SIM,101.77
2020-01-03T16:25:00,SIM,101.3
2020-01-03T16:26:00,SIM,100.54
2020-01-03T16:27:00,SIM,100.31
2020-01-03T16:28:00,SIM,100.4
2020-01-03T16:29:00,SIM,100.95
2020-01-03T16:30:00,SIM,101.37
2020-01-03T16:31:00,SIM,102.23
2020-01-03T16:32:00,SIM,101.38
2020-01-03T16:33:00,SIM,101.18
2020-01-03T16:34:00,SIM,100.45
2020-01-03T16:35:00,SIM,101.12
2020-01-03T16:36:00,SIM,100.44
2020-01-03T16:37:00,SIM,100.77
2020-01-03T16:38:00,SIM,100.0
2020-01-03T16:39:00,SIM,100.06
2020-01-03T16:40:00,SIM,99.86
2020-01-03T16:41:00,SIM,99.58
2020-01-03T16:42:00,SIM,99.85
2020-01-03T16:43:00,SIM,99.5
2020-01-03T16:44:00,SIM,99.44
2020-01-03T16:45:00,SIM,99.4
2020-01-03T16:46:00,SIM,99.06
2020-01-03T16:47:00,SIM,98.81
2020-01-03T16:48:00,SIM,98.2
2020-01-03T16:49:00,SIM,98.88
2020-01-03T16:50:00,SIM,98.53
2020-01-03T16:51:00,SIM,97.97
2020-01-03T16:52:00,SIM,97.83
2020-01-03T16:53:00,SIM,98.74
2020-01-03T16:54:00,SIM,99.28
2020-01-03T16:55:00,SIM,99.9
2020-01-03T16:56:00,SIM,99.29
2020-01-03T16:57:00,SIM,100.16
2020-01-03T16:58:00,SIM,99.19
2020-01-03T16:59:00,SIM,98.26
2020-01-03T17:00:00,SIM,97.59
2020-01-03T17:01:00,SIM,98.27
2020-01-03T17:02:00,SIM,99.19
2020-01-03T17:03:00,SIM,99.68
2020-01-03T17:04:00,SIM,100.56
2020-01-03T17:05:00,SIM,100.7
2020-01-03T17:06:00,SIM,101.53
2020-01-03T17:07:00,SIM,100.67
2020-01-03T17:08:00,SIM,100.78
2020-01-03T17:09:00,SIM,101.57
2020-01-03T17:10:00,SIM,100.76
2020-01-03T17:11:00,SIM,99.79
2020-01-03T17:12:00,SIM,99.16
2020-01-03T17:13:00,SIM,98.51
2020-01-03T17:14:00,SIM,98.66
2020-01-03T17:15:00,SIM,97.77
2020-01-03T17:16:00,SIM,98.45
2020-01-03T17:17:00,SIM,97.55
2020-01-03T17:18:00,SIM,97.52
2020-01-03T17:19:00,SIM,96.97
2020-01-03T17:20:00,SIM,97.01
2020-01-03T17:21:00,SIM,97.48
2020-01-03T17:22:00,SIM,97.78
2020-01-03T17:23:00,SIM,97.67
2020-01-03T17:24:00,SIM,97.6
2020-01-03T17:25:00,SIM,98.26
2020-01-03T17:26:00,SIM,98.7
2020-01-03T17:27:00,SIM,98.79
2020-01-03T17:28:00,SIM,98.85
2020-01-03T17:29:00,SIM,99.01
2020-01-03T17:30:00,SIM,98.33
2020-01-03T17:31:00,SIM,98.83
2020-01-03T17:32:00,SIM,98.49
2020-01-03T17:33:00,SIM,98.94
2020-01-03T17:34:00,SIM,99.26
2020-01-03T17:35:00,SIM,99.72
2020-01-03T17:36:00,SIM,100.26
2020-01-03T17:37:00,SIM,100.7
2020-01-03T17:38:00,SIM,100.87
2020-01-03T17:39:00,SIM,100.9
2020-01-03T17:40:00,SIM,101.0
2020-01-03T17:41:00,SIM,101.69
2020-01-03T17:42:00,SIM,101.19
2020-01-03T17:43:00,SIM,100.55
2020-01-03T17:44:00,SIM,101.23
2020-01-03T17:45:00,SIM,100.91
2020-01-03T17:46:00,SIM,100.62
2020-01-03T17:47:00,SIM,100.28
2020-01-03T17:48:00,SIM,100.23
2020-01-03T17:49:00,SIM,99.5
2020-01-03T17:50:00,SIM,99.98
2020-01-03T17:51:00,SIM,100.49
2020-01-03T17:52:00,SIM,100.84
2020-01-03T17:53:00,SIM,100.04
2020-01-03T17:54:00,SIM,99.56
2020-01-03T17:55:00,SIM,99.97
2020-01-03T17:56:00,SIM,100.11
2020-01-03T17:57:00,SIM,100.76
2020-01-03T17:58:00,SIM,101.2
2020-01-03T17:59:00,SIM,101.95
2020-01-03T18:00:00,SIM,102.65
2020-01-03T18:01:00,SIM,102.58
2020-01-03T18:02:00,SIM,101.98
2020-01-03T18:03:00,SIM,102.26
2020-01-03T18:04:00,SIM,102.7
2020-01-03T18:05:00,SIM,102.42
2020-01-03T18:06:00,SIM,102.28
2020-01-03T18:07:00,SIM,102.51
2020-01-03T18:08:00,SIM,101.6
2020-01-03T18:09:00,SIM,102.31
2020-01-03T18:10:00,SIM,103.29
2020-01-03T18:11:00,SIM,103.45
2020-01-03T18:12:00,SIM,103.97
2020-01-03T18:13:00,SIM,104.7
2020-01-03T18:14:00,SIM,103.75
2020-01-03T18:15:00,SIM,104.36
2020-01-03T18:16:00,SIM,104.19
2020-01-03T18:17:00,SIM,104.94
2020-01-03T18:18:00,SIM,105.61
2020-01-03T18:19:00,SIM,105.26
2020-01-03T18:20:00,SIM,104.48
2020-01-03T18:21:00,SIM,104.65
2020-01-03T18:22:00,SIM,104.68
2020-01-03T18:23:00,SIM,105.62
2020-01-03T18:24:00,SIM,106.39
2020-01-03T18:25:00,SIM,107.03
2020-01-03T18:26:00,SIM,106.45
2020-01-03T18:27:00,SIM,107.39
2020-01-03T18:28:00,SIM,106.53
2020-01-03T18:29:00,SIM,106.86
2020-01-03T18:30:00,SIM,107.75
2020-01-03T18:31:00,SIM,107.37
2020-01-03T18:32:00,SIM,107.37
2020-01-03T18:33:00,SIM,108.27
2020-01-03T18:34:00,SIM,107.3
2020-01-03T18:35:00,SIM,108.24
2020-01-03T18:36:00,SIM,107.92
2020-01-03T18:37:00,SIM,107.46
2020-01-03T18:38:00,SIM,106.97
2020-01-03T18:39:00,SIM,106.15
2020-01-03T18:40:00,SIM,106.6
2020-01-03T18:41:00,SIM,106.5
2020-01-03T18:42:00,SIM,106.44
2020-01-03T18:43:00,SIM,107.28
2020-01-03T18:44:00,SIM,107.04
2020-01-03T18:45:00,SIM,107.37
2020-01-03T18:46:00,SIM,107.28
2020-01-03T18:47:00,SIM,106.88
2020-01-03T18:48:00,SIM,106.87
2020-01-03T18:49:00,SIM,107.34
2020-01-03T18:50:00,SIM,106.92
2020-01-03T18:51:00,SIM,107.82
2020-01-03T18:52:00,SIM,107.43
2020-01-03T18:53:00,SIM,107.0
2020-01-03T18:54:00,SIM,106.5
2020-01-03T18:55:00,SIM,106.1
2020-01-03T18:56:00,SIM,105.44
2020-01-03T18:57:00,SIM,104.49
2020-01-03T18:58:00,SIM,105.12
2020-01-03T18:59:00,SIM,105.13
2020-01-03T19:00:00,SIM,105.21
2020-01-03T19:01:00,SIM,106.17
2020-01-03T19:02:00,SIM,106.19
2020-01-03T19:03:00,SIM,105.92
2020-01-03T19:04:00,SIM,105.18
2020-01-03T19:05:00,SIM,104.23
2020-01-03T19:06:00,SIM,103.55
2020-01-03T19:07:00,SIM,103.93
2020-01-03T19:08:00,SIM,104.44
2020-01-03T19:09:00,SIM,105.18
2020-01-03T19:10:00,SIM,104.87
2020-01-03T19:11:00,SIM,105.8
2020-01-03T19:12:00,SIM,105.14
2020-01-03T19:13:00,SIM,105.16
2020-01-03T19:14:00,SIM,105.19
2020-01-03T19:15:00,SIM,104.56
2020-01-03T19:16:00,SIM,103.78
2020-01-03T19:17:00,SIM,104.27
2020-01-03T19:18:00,SIM,103.35
2020-01-03T19:19:00,SIM,103.8
2020-01-03T19:20:00,SIM,102.84
2020-01-03T19:21:00,SIM,102.34
2020-01-03T19:22:00,SIM,101.49
2020-01-03T19:23:00,SIM,101.78
2020-01-03T19:24:00,SIM,101.99
2020-01-03T19:25:00,SIM,102.95
2020-01-03T19:26:00,SIM,103.6
2020-01-03T19:27:00,SIM,103.82
2020-01-03T19:28:00,SIM,103.68
2020-01-03T19:29:00,SIM,103.17
2020-01-03T19:30:00,SIM,103.54
2020-01-03T19:31:00,SIM,104.17
2020-01-03T19:32:00,SIM,104.06
2020-01-03T19:33:00,SIM,103.39
2020-01-03T19:34:00,SIM,102.54
2020-01-03T19:35:00,SIM,102.57
2020-01-03T19:36:00,SIM,103.29
2020-01-03T19:37:00,SIM,103.85
2020-01-03T19:38:00,SIM,104.67
2020-01-03T19:39:00,SIM,105.31
2020-01-03T19:40:00,SIM,106.14
2020-01-03T19:41:00,SIM,106.27
2020-01-03T19:42:00,SIM,106.8
2020-01-03T19:43:00,SIM,106.44
2020-01-03T19:44:00,SIM,105.47
2020-01-03T19:45:00,SIM,105.5
2020-01-03T19:46:00,SIM,106.2
2020-01-03T19:47:00,SIM,105.6
2020-01-03T19:48:00,SIM,105.37
2020-01-03T19:49:00,SIM,104.71
2020-01-03T19:50:00,SIM,105.03
2020-01-03T19:51:00,SIM,105.0
2020-01-03T19:52:00,SIM,105.54
2020-01-03T19:53:00,SIM,105.2
2020-01-03T19:54:00,SIM,104.69
2020-01-03T19:55:00,SIM,104.35
2020-01-03T19:56:00,SIM,103.77
2020-01-03T19:57:00,SIM,102.9
2020-01-03T19:58:00,SIM,103.52
2020-01-03T19:59:00,SIM,104.12
2020-01-03T20:00:00,SIM,104.52
2020-01-03T20:01:00,SIM,105.41
2020-01-03T20:02:00,SIM,105.82
2020-01-03T20:03:00,SIM,105.19
2020-01-03T20:04:00,SIM,106.06
2020-01-03T20:05:00,SIM,106.52
2020-01-03T20:06:00,SIM,105.89
2020-01-03T20:07:00,SIM,105.19
2020-01-03T20:08:00,SIM,104.48
2020-01-03T20:09:00,SIM,105.31
2020-01-03T20:10:00,SIM,104.88
2020-01-03T20:11:00,SIM,105.02
2020-01-03T20:12:00,SIM,104.18
2020-01-03T20:13:00,SIM,103.44
2020-01-03T20:14:00,SIM,103.42
2020-01-03T20:15:00,SIM,103.19
2020-01-03T20:16:00,SIM,103.79
2020-01-03T20:17:00,SIM,102.81
2020-01-03T20:18:00,SIM,103.1
2020-01-03T20:19:00,SIM,102.88
2020-01-03T20:20:00,SIM,103.0
2020-01-03T20:21:00,SIM,103.59
2020-01-03T20:22:00,SIM,102.69
2020-01-03T20:23:00,SIM,103.1
2020-01-03T20:24:00,SIM,102.44
2020-01-03T20:25:00,SIM,102.65
2020-01-03T20:26:00,SIM,102.37
2020-01-03T20:27:00,SIM,101.45
2020-01-03T20:28:00,SIM,100.58
2020-01-03T20:29:00,SIM,99.71
2020-01-03T20:30:00,SIM,99.32
2020-01-03T20:31:00,SIM,99.64
2020-01-03T20:32:00,SIM,99.03
2020-01-03T20:33:00,SIM,98.66
2020-01-03T20:34:00,SIM,99.33
2020-01-03T20:35:00,SIM,99.94
2020-01-03T20:36:00,SIM,100.03
2020-01-03T20:37:00,SIM,99.78
2020-01-03T20:38:00,SIM,98.78
2020-01-03T20:39:00,SIM,97.94
2020-01-03T20:40:00,SIM,97.37
2020-01-03T20:41:00,SIM,96.57
2020-01-03T20:42:00,SIM,97.25
2020-01-03T20:43:00,SIM,97.1
2020-01-03T20:44:00,SIM,97.25
2020-01-03T20:45:00,SIM,97.36
2020-01-03T20:46:00,SIM,97.17
2020-01-03T20:47:00,SIM,97.22
2020-01-03T20:48:00,SIM,96.34
2020-01-03T20:49:00,SIM,97.14
2020-01-03T20:50:00,SIM,96.67
2020-01-03T20:51:00,SIM,96.2
2020-01-03T20:52:00,SIM,96.27
2020-01-03T20:53:00,SIM,96.0
2020-01-03T20:54:00,SIM,96.47
2020-01-03T20:55:00,SIM,95.65
2020-01-03T20:56:00,SIM,96.33
2020-01-03T20:57:00,SIM,95.57
2020-01-03T20:58:00,SIM,95.75
2020-01-03T20:59:00,SIM,96.44
2020-01-03T21:00:00,SIM,96.98
2020-01-03T21:01:00,SIM,96.12
2020-01-03T21:02:00,SIM,96.48
2020-01-03T21:03:00,SIM,95.68
2020-01-03T21:04:00,SIM,94.94
2020-01-03T21:05:00,SIM,95.69
2020-01-03T21:06:00,SIM,95.66
2020-01-03T21:07:00,SIM,94.85
2020-01-03T21:08:00,SIM,94.15
2020-01-03T21:09:00,SIM,94.16
2020-01-03T21:10:00,SIM,94.3
2020-01-03T21:11:00,SIM,93.99
2020-01-03T21:12:00,SIM,94.34
2020-01-03T21:13:00,SIM,93.72
2020-01-03T21:14:00,SIM,92.9
2020-01-03T21:15:00,SIM,92.11
2020-01-03T21:16:00,SIM,91.35
2020-01-03T21:17:00,SIM,91.25
2020-01-03T21:18:00,SIM,92.06
2020-01-03T21:19:00,SIM,92.96
2020-01-03T21:20:00,SIM,93.63
2020-01-03T21:21:00,SIM,93.25
2020-01-03T21:22:00,SIM,93.22
2020-01-03T21:23:00,SIM,93.75
2020-01-03T21:24:00,SIM,93.65
2020-01-03T21:25:00,SIM,92.67
2020-01-03T21:26:00,SIM,92.83
2020-01-03T21:27:00,SIM,93.78
2020-01-03T21:28:00,SIM,94.59
2020-01-03T21:29:00,SIM,93.98
2020-01-03T21:30:00,SIM,93.3
2020-01-03T21:31:00,SIM,93.02
2020-01-03T21:32:00,SIM,93.91
2020-01-03T21:33:00,SIM,93.89
2020-01-03T21:34:00,SIM,93.65
2020-01-03T21:35:00,SIM,93.58
2020-01-03T21:36:00,SIM,94.38
2020-01-03T21:37:00,SIM,93.99
2020-01-03T21:38:00,SIM,93.28
2020-01-03T21:39:00,SIM,94.15
2020-01-03T21:40:00,SIM,93.59
2020-01-03T21:41:00,SIM,93.38
2020-01-03T21:42:00,SIM,93.32
2020-01-03T21:43:00,SIM,94.07
2020-01-03T21:44:00,SIM,93.37
2020-01-03T21:45:00,SIM,94.08
2020-01-03T21:46:00,SIM,94.75
2020-01-03T21:47:00,SIM,94.37
2020-01-03T21:48:00,SIM,94.19
2020-01-03T21:49:00,SIM,94.97
2020-01-03T21:50:00,SIM,95.77
2020-01-03T21:51:00,SIM,95.1
2020-01-03T21:52:00,SIM,95.13
2020-01-03T21:53:00,SIM,94.61
2020-01-03T21:54:00,SIM,93.83
2020-01-03T21:55:00,SIM,93.08
2020-01-03T21:56:00,SIM,92.24
2020-01-03T21:57:00,SIM,92.36
2020-01-03T21:58:00,SIM,93.18
2020-01-03T21:59:00,SIM,93.9
2020-01-03T22:00:00,SIM,93.33
2020-01-03T22:01:00,SIM,93.66
2020-01-03T22:02:00,SIM,93.75
2020-01-03T22:03:00,SIM,94.26
2020-01-03T22:04:00,SIM,93.65
2020-01-03T22:05:00,SIM,94.61
2020-01-03T22:06:00,SIM,95.43
2020-01-03T22:07:00,SIM,95.34
2020-01-03T22:08:00,SIM,96.25
2020-01-03T22:09:00,SIM,95.78
2020-01-03T22:10:00,SIM,96.0
2020-01-03T22:11:00,SIM,96.55
2020-01-03T22:12:00,SIM,96.7
2020-01-03T22:13:00,SIM,97.13
2020-01-03T22:14:00,SIM,96.69
2020-01-03T22:15:00,SIM,96.37
2020-01-03T22:16:00,SIM,96.27
2020-01-03T22:17:00,SIM,96.26
2020-01-03T22:18:00,SIM,96.0
2020-01-03T22:19:00,SIM,96.33
2020-01-03T22:20:00,SIM,96.85
2020-01-03T22:21:00,SIM,97.54
2020-01-03T22:22:00,SIM,98.01
2020-01-03T22:23:00,SIM,98.14
2020-01-03T22:24:00,SIM,97.77
2020-01-03T22:25:00,SIM,97.44
2020-01-03T22:26:00,SIM,98.26
2020-01-03T22:27:00,SIM,98.17
2020-01-03T22:28:00,SIM,98.06
2020-01-03T22:29:00,SIM,98.73
2020-01-03T22:30:00,SIM,98.05
2020-01-03T22:31:00,SIM,98.43
2020-01-03T22:32:00,SIM,97.69
2020-01-03T22:33:00,SIM,97.16
2020-01-03T22:34:00,SIM,97.12
2020-01-03T22:35:00,SIM,96.5
2020-01-03T22:36:00,SIM,96.55
2020-01-03T22:37:00,SIM,97.24
2020-01-03T22:38:00,SIM,97.73
2020-01-03T22:39:00,SIM,98.56
2020-01-03T22:40:00,SIM,99.04
2020-01-03T22:41:00,SIM,98.55
2020-01-03T22:42:00,SIM,97.71
2020-01-03T22:43:00,SIM,98.16
2020-01-03T22:44:00,SIM,98.49
2020-01-03T22:45:00,SIM,97.92
2020-01-03T22:46:00,SIM,96.94
2020-01-03T22:47:00,SIM,96.16
2020-01-03T22:48:00,SIM,95.63
2020-01-03T22:49:00,SIM,96.0
2020-01-03T22:50:00,SIM,96.38
2020-01-03T22:51:00,SIM,96.73
2020-01-03T22:52:00,SIM,97.25
2020-01-03T22:53:00,SIM,98.1
2020-01-03T22:54:00,SIM,98.05
2020-01-03T22:55:00,SIM,97.08
2020-01-03T22:56:00,SIM,97.79
2020-01-03T22:57:00,SIM,98.76
2020-01-03T22:58:00,SIM,98.95
2020-01-03T22:59:00,SIM,99.27
2020-01-03T23:00:00,SIM,99.69
2020-01-03T23:01:00,SIM,99.97
2020-01-03T23:02:00,SIM,99.34
2020-01-03T23:03:00,SIM,100.24
2020-01-03T23:04:00,SIM,100.54
2020-01-03T23:05:00,SIM,100.49
2020-01-03T23:06:00,SIM,100.8
2020-01-03T23:07:00,SIM,99.91
2020-01-03T23:08:00,SIM,99.16
2020-01-03T23:09:00,SIM,98.49
2020-01-03T23:10:00,SIM,98.65
2020-01-03T23:11:00,SIM,99.17
2020-01-03T23:12:00,SIM,98.6
2020-01-03T23:13:00,SIM,98.47
2020-01-03T23:14:00,SIM,98.19
2020-01-03T23:15:00,SIM,98.37
2020-01-03T23:16:00,SIM,97.61
2020-01-03T23:17:00,SIM,98.31
2020-01-03T23:18:00,SIM,98.59
2020-01-03T23:19:00,SIM,98.04
2020-01-03T23:20:00,SIM,98.34
2020-01-03T23:21:00,SIM,97.9
2020-01-03T23:22:00,SIM,98.7
2020-01-03T23:23:00,SIM,98.77
2020-01-03T23:24:00,SIM,99.67
2020-01-03T23:25:00,SIM,99.78
2020-01-03T23:26:00,SIM,100.47
2020-01-03T23:27:00,SIM,99.99
2020-01-03T23:28:00,SIM,99.06
2020-01-03T23:29:00,SIM,99.4
2020-01-03T23:30:00,SIM,99.2
2020-01-03T23:31:00,SIM,99.07
2020-01-03T23:32:00,SIM,98.12
2020-01-03T23:33:00,SIM,97.47
2020-01-03T23:34:00,SIM,98.46
2020-01-03T23:35:00,SIM,99.34
2020-01-03T23:36:00,SIM,98.86
2020-01-03T23:37:00,SIM,99.84
2020-01-03T23:38:00,SIM,100.8
2020-01-03T23:39:00,SIM,100.6
2020-01-03T23:40:00,SIM,101.27
2020-01-03T23:41:00,SIM,100.77
2020-01-03T23:42:00,SIM,100.25
2020-01-03T23:43:00,SIM,99.49
2020-01-03T23:44:00,SIM,98.99
2020-01-03T23:45:00,SIM,99.07
2020-01-03T23:46:00,SIM,99.73
2020-01-03T23:47:00,SIM,100.4
2020-01-03T23:48:00,SIM,99.74
2020-01-03T23:49:00,SIM,99.91
2020-01-03T23:50:00,SIM,99.45
2020-01-03T23:51:00,SIM,98.73
2020-01-03T23:52:00,SIM,99.61
2020-01-03T23:53:00,SIM,99.65
2020-01-03T23:54:00,SIM,98.68
2020-01-03T23:55:00,SIM,99.59
2020-01-03T23:56:00,SIM,99.74
2020-01-03T23:57:00,SIM,100.34
2020-01-03T23:58:00,SIM,101.01
2020-01-03T23:59:00,SIM,100.09
2020-01-04T00:00:00,SIM,99.21
2020-01-04T00:01:00,SIM,99.67
2020-01-04T00:02:00,SIM,99.55
2020-01-04T00:03:00,SIM,99.42
2020-01-04T00:04:00,SIM,98.47
2020-01-04T00:05:00,SIM,99.08
2020-01-04T00:06:00,SIM,99.56
2020-01-04T00:07:00,SIM,98.77
2020-01-04T00:08:00,SIM,99.63
2020-01-04T00:09:00,SIM,99.47
2020-01-04T00:10:00,SIM,99.54
2020-01-04T00:11:00,SIM,100.45
2020-01-04T00:12:00,SIM,99.8
2020-01-04T00:13:00,SIM,99.29
2020-01-04T00:14:00,SIM,98.58
2020-01-04T00:15:00,SIM,97.78
2020-01-04T00:16:00,SIM,97.87
2020-01-04T00:17:00,SIM,98.6
2020-01-04T00:18:00,SIM,99.39
2020-01-04T00:19:00,SIM,100.3
2020-01-04T00:20:00,SIM,100.76
2020-01-04T00:21:00,SIM,100.84
2020-01-04T00:22:00,SIM,101.42
2020-01-04T00:23:00,SIM,101.26
2020-01-04T00:24:00,SIM,100.92
2020-01-04T00:25:00,SIM,100.85
2020-01-04T00:26:00,SIM,100.24
2020-01-04T00:27:00,SIM,100.3
2020-01-04T00:28:00,SIM,100.44
2020-01-04T00:29:00,SIM,100.23
2020-01-04T00:30:00,SIM,99.77
2020-01-04T00:31:00,SIM,100.54
2020-01-04T00:32:00,SIM,101.48
2020-01-04T00:33:00,SIM,101.48
2020-01-04T00:34:00,SIM,100.56
2020-01-04T00:35:00,SIM,99.68
2020-01-04T00:36:00,SIM,99.83
2020-01-04T00:37:00,SIM,100.23
2020-01-04T00:38:00,SIM,101.19
2020-01-04T00:39:00,SIM,101.16
2020-01-04T00:40:00,SIM,102.07
2020-01-04T00:41:00,SIM,101.93
2020-01-04T00:42:00,SIM,101.55
2020-01-04T00:43:00,SIM,102.47
2020-01-04T00:44:00,SIM,102.75
2020-01-04T00:45:00,SIM,103.48
2020-01-04T00:46:00,SIM,103.39
2020-01-04T00:47:00,SIM,103.67
2020-01-04T00:48:00,SIM,104.3
2020-01-04T00:49:00,SIM,104.68
2020-01-04T00:50:00,SIM,105.65
2020-01-04T00:51:00,SIM,105.19
2020-01-04T00:52:00,SIM,104.25
2020-01-04T00:53:00,SIM,103.78
2020-01-04T00:54:00,SIM,102.93
2020-01-04T00:55:00,SIM,103.2
2020-01-04T00:56:00,SIM,103.73
2020-01-04T00:57:00,SIM,102.85
2020-01-04T00:58:00,SIM,102.52
2020-01-04T00:59:00,SIM,102.48
2020-01-04T01:00:00,SIM,103.02
2020-01-04T01:01:00,SIM,102.09
2020-01-04T01:02:00,SIM,102.84
2020-01-04T01:03:00,SIM,103.17
2020-01-04T01:04:00,SIM,103.61
2020-01-04T01:05:00,SIM,104.06
2020-01-04T01:06:00,SIM,103.48
2020-01-04T01:07:00,SIM,104.0
2020-01-04T01:08:00,SIM,103.41
2020-01-04T01:09:00,SIM,102.98
2020-01-04T01:10:00,SIM,103.39
2020-01-04T01:11:00,SIM,104.14
2020-01-04T01:12:00,SIM,104.38
2020-01-04T01:13:00,SIM,103.59
2020-01-04T01:14:00,SIM,102.99
2020-01-04T01:15:00,SIM,102.69
2020-01-04T01:16:00,SIM,102.01
2020-01-04T01:17:00,SIM,101.87
2020-01-04T01:18:00,SIM,102.82
2020-01-04T01:19:00,SIM,103.24
2020-01-04T01:20:00,SIM,103.67
2020-01-04T01:21:00,SIM,103.63
2020-01-04T01:22:00,SIM,104.18
2020-01-04T01:23:00,SIM,104.1
2020-01-04T01:24:00,SIM,104.91
2020-01-04T01:25:00,SIM,105.01
2020-01-04T01:26:00,SIM,105.85
2020-01-04T01:27:00,SIM,105.51
2020-01-04T01:28:00,SIM,106.38
2020-01-04T01:29:00,SIM,106.7
2020-01-04T01:30:00,SIM,106.19
2020-01-04T01:31:00,SIM,105.99
2020-01-04T01:32:00,SIM,105.44
2020-01-04T01:33:00,SIM,104.72
2020-01-04T01:34:00,SIM,104.63
2020-01-04T01:35:00,SIM,103.99
2020-01-04T01:36:00,SIM,104.4
2020-01-04T01:37:00,SIM,104.91
2020-01-04T01:38:00,SIM,104.4
2020-01-04T01:39:00,SIM,104.95
2020-01-04T01:40:00,SIM,105.61
2020-01-04T01:41:00,SIM,106.05
2020-01-04T01:42:00,SIM,105.93
2020-01-04T01:43:00,SIM,105.9
2020-01-04T01:44:00,SIM,105.1
2020-01-04T01:45:00,SIM,105.0
2020-01-04T01:46:00,SIM,104.55
2020-01-04T01:47:00,SIM,104.86
2020-01-04T01:48:00,SIM,105.6
2020-01-04T01:49:00,SIM,105.3
2020-01-04T01:50:00,SIM,105.92
2020-01-04T01:51:00,SIM,106.25
2020-01-04T01:52:00,SIM,105.35
2020-01-04T01:53:00,SIM,104.44
2020-01-04T01:54:00,SIM,103.79
2020-01-04T01:55:00,SIM,102.95
2020-01-04T01:56:00,SIM,103.64
2020-01-04T01:57:00,SIM,103.32
2020-01-04T01:58:00,SIM,102.63
2020-01-04T01:59:00,SIM,102.2
2020-01-04T02:00:00,SIM,102.97
2020-01-04T02:01:00,SIM,102.75
2020-01-04T02:02:00,SIM,101.93
2020-01-04T02:03:00,SIM,101.95
2020-01-04T02:04:00,SIM,102.28
2020-01-04T02:05:00,SIM,101.54
2020-01-04T02:06:00,SIM,100.82
2020-01-04T02:07:00,SIM,100.74
2020-01-04T02:08:00,SIM,100.9
2020-01-04T02:09:00,SIM,101.1
2020-01-04T02:10:00,SIM,101.98
2020-01-04T02:11:00,SIM,101.58
2020-01-04T02:12:00,SIM,101.1
2020-01-04T02:13:00,SIM,101.6
2020-01-04T02:14:00,SIM,101.58
2020-01-04T02:15:00,SIM,102.4
2020-01-04T02:16:00,SIM,101.77
2020-01-04T02:17:00,SIM,100.85
2020-01-04T02:18:00,SIM,100.32
2020-01-04T02:19:00,SIM,101.26
2020-01-04T02:20:00,SIM,100.3
2020-01-04T02:21:00,SIM,100.76
2020-01-04T02:22:00,SIM,101.4
2020-01-04T02:23:00,SIM,101.53
2020-01-04T02:24:00,SIM,101.49
2020-01-04T02:25:00,SIM,100.88
2020-01-04T02:26:00,SIM,100.21
2020-01-04T02:27:00,SIM,101.0
2020-01-04T02:28:00,SIM,100.34
2020-01-04T02:29:00,SIM,100.98
2020-01-04T02:30:00,SIM,100.88
2020-01-04T02:31:00,SIM,101.83
2020-01-04T02:32:00,SIM,101.8
2020-01-04T02:33:00,SIM,102.11
2020-01-04T02:34:00,SIM,102.81
2020-01-04T02:35:00,SIM,101.93
2020-01-04T02:36:00,SIM,101.68
2020-01-04T02:37:00,SIM,100.95
2020-01-04T02:38:00,SIM,100.38
2020-01-04T02:39:00,SIM,100.7
2020-01-04T02:40:00,SIM,100.45
2020-01-04T02:41:00,SIM,101.36
2020-01-04T02:42:00,SIM,100.79
2020-01-04T02:43:00,SIM,100.38
2020-01-04T02:44:00,SIM,100.44
2020-01-04T02:45:00,SIM,99.65
2020-01-04T02:46:00,SIM,99.42
2020-01-04T02:47:00,SIM,99.15
2020-01-04T02:48:00,SIM,98.83
2020-01-04T02:49:00,SIM,99.73
2020-01-04T02:50:00,SIM,100.03
2020-01-04T02:51:00,SIM,100.06
2020-01-04T02:52:00,SIM,101.05
2020-01-04T02:53:00,SIM,100.6
2020-01-04T02:54:00,SIM,100.25
2020-01-04T02:55:00,SIM,99.34
2020-01-04T02:56:00,SIM,100.02
2020-01-04T02:57:00,SIM,99.19
2020-01-04T02:58:00,SIM,99.33
2020-01-04T02:59:00,SIM,99.48
2020-01-04T03:00:00,SIM,99.16
2020-01-04T03:01:00,SIM,98.25
2020-01-04T03:02:00,SIM,99.14
2020-01-04T03:03:00,SIM,99.68
2020-01-04T03:04:00,SIM,100.31
2020-01-04T03:05:00,SIM,101.25
2020-01-04T03:06:00,SIM,101.22
2020-01-04T03:07:00,SIM,102.19
2020-01-04T03:08:00,SIM,102.15
2020-01-04T03:09:00,SIM,102.95
2020-01-04T03:10:00,SIM,102.02
2020-01-04T03:11:00,SIM,101.74
2020-01-04T03:12:00,SIM,102.39
2020-01-04T03:13:00,SIM,102.92
2020-01-04T03:14:00,SIM,102.2
2020-01-04T03:15:00,SIM,101.56
2020-01-04T03:16:00,SIM,102.41
2020-01-04T03:17:00,SIM,103.11
2020-01-04T03:18:00,SIM,102.56
2020-01-04T03:19:00,SIM,102.5
2020-01-04T03:20:00,SIM,101.9
2020-01-04T03:21:00,SIM,102.87
2020-01-04T03:22:00,SIM,103.15
2020-01-04T03:23:00,SIM,103.46
2020-01-04T03:24:00,SIM,104.01
2020-01-04T03:25:00,SIM,104.4
2020-01-04T03:26:00,SIM,104.51
2020-01-04T03:27:00,SIM,105.2
2020-01-04T03:28:00,SIM,106.16
2020-01-04T03:29:00,SIM,105.25
2020-01-04T03:30:00,SIM,105.64
2020-01-04T03:31:00,SIM,105.43
2020-01-04T03:32:00,SIM,106.26
2020-01-04T03:33:00,SIM,106.52
2020-01-04T03:34:00,SIM,105.61
2020-01-04T03:35:00,SIM,105.79
2020-01-04T03:36:00,SIM,105.74
2020-01-04T03:37:00,SIM,105.7
2020-01-04T03:38:00,SIM,104.9
2020-01-04T03:39:00,SIM,105.7
2020-01-04T03:40:00,SIM,106.11
2020-01-04T03:41:00,SIM,106.32
2020-01-04T03:42:00,SIM,107.07
2020-01-04T03:43:00,SIM,107.66
2020-01-04T03:44:00,SIM,107.35
2020-01-04T03:45:00,SIM,106.42
2020-01-04T03:46:00,SIM,107.29
2020-01-04T03:47:00,SIM,106.65
2020-01-04T03:48:00,SIM,105.95
2020-01-04T03:49:00,SIM,106.08
2020-01-04T03:50:00,SIM,106.46
2020-01-04T03:51:00,SIM,105.72
2020-01-04T03:52:00,SIM,106.15
2020-01-04T03:53:00,SIM,106.6
2020-01-04T03:54:00,SIM,106.24
2020-01-04T03:55:00,SIM,106.28
2020-01-04T03:56:00,SIM,106.82
2020-01-04T03:57:00,SIM,107.42
2020-01-04T03:58:00,SIM,108.16
2020-01-04T03:59:00,SIM,107.89
2020-01-04T04:00:00,SIM,108.19
2020-01-04T04:01:00,SIM,109.0
2020-01-04T04:02:00,SIM,108.31
2020-01-04T04:03:00,SIM,107.68
2020-01-04T04:04:00,SIM,107.15
2020-01-04T04:05:00,SIM,107.75
2020-01-04T04:06:00,SIM,107.81
2020-01-04T04:07:00,SIM,108.27
2020-01-04T04:08:00,SIM,108.45
2020-01-04T04:09:00,SIM,108.16
2020-01-04T04:10:00,SIM,108.6
2020-01-04T04:11:00,SIM,109.28
2020-01-04T04:12:00,SIM,108.41
2020-01-04T04:13:00,SIM,109.13
2020-01-04T04:14:00,SIM,108.59
2020-01-04T04:15:00,SIM,109.41
2020-01-04T04:16:00,SIM,110.15
2020-01-04T04:17:00,SIM,110.8
2020-01-04T04:18:00,SIM,110.8
2020-01-04T04:19:00,SIM,109.8
2020-01-04T04:20:00,SIM,109.91
2020-01-04T04:21:00,SIM,109.92
2020-01-04T04:22:00,SIM,110.75
2020-01-04T04:23:00,SIM,111.63
2020-01-04T04:24:00,SIM,112.14
2020-01-04T04:25:00,SIM,112.66
2020-01-04T04:26:00,SIM,113.4
2020-01-04T04:27:00,SIM,112.85
2020-01-04T04:28:00,SIM,113.09
2020-01-04T04:29:00,SIM,113.2
2020-01-04T04:30:00,SIM,113.5
2020-01-04T04:31:00,SIM,114.17
2020-01-04T04:32:00,SIM,113.85
2020-01-04T04:33:00,SIM,113.18
2020-01-04T04:34:00,SIM,113.3
2020-01-04T04:35:00,SIM,112.87
2020-01-04T04:36:00,SIM,113.68
2020-01-04T04:37:00,SIM,114.2
2020-01-04T04:38:00,SIM,113.8
2020-01-04T04:39:00,SIM,114.22
2020-01-04T04:40:00,SIM,113.99
2020-01-04T04:41:00,SIM,114.94
2020-01-04T04:42:00,SIM,114.59
2020-01-04T04:43:00,SIM,114.72
2020-01-04T04:44:00,SIM,115.53
2020-01-04T04:45:00,SIM,116.14
2020-01-04T04:46:00,SIM,115.88
2020-01-04T04:47:00,SIM,116.08
2020-01-04T04:48:00,SIM,115.67
2020-01-04T04:49:00,SIM,115.05
2020-01-04T04:50:00,SIM,114.13
2020-01-04T04:51:00,SIM,114.5
2020-01-04T04:52:00,SIM,114.11
2020-01-04T04:53:00,SIM,113.32
2020-01-04T04:54:00,SIM,112.47
2020-01-04T04:55:00,SIM,112.22
2020-01-04T04:56:00,SIM,111.75
2020-01-04T04:57:00,SIM,111.66
2020-01-04T04:58:00,SIM,111.54
2020-01-04T04:59:00,SIM,110.88
2020-01-04T05:00:00,SIM,110.26
2020-01-04T05:01:00,SIM,110.03
2020-01-04T05:02:00,SIM,110.92
2020-01-04T05:03:00,SIM,111.14
2020-01-04T05:04:00,SIM,111.77
2020-01-04T05:05:00,SIM,111.08
2020-01-04T05:06:00,SIM,111.03
2020-01-04T05:07:00,SIM,110.54
2020-01-04T05:08:00,SIM,109.56
2020-01-04T05:09:00,SIM,109.12
2020-01-04T05:10:00,SIM,108.26
2020-01-04T05:11:00,SIM,109.09
2020-01-04T05:12:00,SIM,109.53
2020-01-04T05:13:00,SIM,109.93
2020-01-04T05:14:00,SIM,110.15
2020-01-04T05:15:00,SIM,109.19
2020-01-04T05:16:00,SIM,109.31
2020-01-04T05:17:00,SIM,109.86
2020-01-04T05:18:00,SIM,109.35
2020-01-04T05:19:00,SIM,108.95
2020-01-04T05:20:00,SIM,108.17
2020-01-04T05:21:00,SIM,108.74
2020-01-04T05:22:00,SIM,108.81
2020-01-04T05:23:00,SIM,109.04
2020-01-04T05:24:00,SIM,109.42
2020-01-04T05:25:00,SIM,110.33
2020-01-04T05:26:00,SIM,111.17
2020-01-04T05:27:00,SIM,112.09
2020-01-04T05:28:00,SIM,112.02
2020-01-04T05:29:00,SIM,112.19
2020-01-04T05:30:00,SIM,111.66
2020-01-04T05:31:00,SIM,111.87
2020-01-04T05:32:00,SIM,110.99
2020-01-04T05:33:00,SIM,110.38
2020-01-04T05:34:00,SIM,111.15
2020-01-04T05:35:00,SIM,111.39
2020-01-04T05:36:00,SIM,111.0
2020-01-04T05:37:00,SIM,110.32
2020-01-04T05:38:00,SIM,110.83
2020-01-04T05:39:00,SIM,110.07
2020-01-04T05:40:00,SIM,109.31
2020-01-04T05:41:00,SIM,109.98
2020-01-04T05:42:00,SIM,109.43
2020-01-04T05:43:00,SIM,108.55
2020-01-04T05:44:00,SIM,109.48
2020-01-04T05:45:00,SIM,109.33
2020-01-04T05:46:00,SIM,108.94
2020-01-04T05:47:00,SIM,108.37
2020-01-04T05:48:00,SIM,108.25
2020-01-04T05:49:00,SIM,107.62
2020-01-04T05:50:00,SIM,108.19
2020-01-04T05:51:00,SIM,107.2
2020-01-04T05:52:00,SIM,107.82
2020-01-04T05:53:00,SIM,107.45
2020-01-04T05:54:00,SIM,107.38
2020-01-04T05:55:00,SIM,108.38
2020-01-04T05:56:00,SIM,108.02
2020-01-04T05:57:00,SIM,107.36
2020-01-04T05:58:00,SIM,106.58
2020-01-04T05:59:00,SIM,107.47
2020-01-04T06:00:00,SIM,107.65
2020-01-04T06:01:00,SIM,108.35
2020-01-04T06:02:00,SIM,108.12
2020-01-04T06:03:00,SIM,107.66
2020-01-04T06:04:00,SIM,108.16
2020-01-04T06:05:00,SIM,107.51
2020-01-04T06:06:00,SIM,107.08
2020-01-04T06:07:00,SIM,108.01
2020-01-04T06:08:00,SIM,107.61
2020-01-04T06:09:00,SIM,107.44
2020-01-04T06:10:00,SIM,107.1
2020-01-04T06:11:00,SIM,107.77
2020-01-04T06:12:00,SIM,108.07
2020-01-04T06:13:00,SIM,108.8
2020-01-04T06:14:00,SIM,108.32
2020-01-04T06:15:00,SIM,108.8
2020-01-04T06:16:00,SIM,109.72
2020-01-04T06:17:00,SIM,108.93
2020-01-04T06:18:00,SIM,109.82
2020-01-04T06:19:00,SIM,110.33
2020-01-04T06:20:00,SIM,110.62
2020-01-04T06:21:00,SIM,110.66
2020-01-04T06:22:00,SIM,110.29
2020-01-04T06:23:00,SIM,110.73
2020-01-04T06:24:00,SIM,110.04
2020-01-04T06:25:00,SIM,110.25
2020-01-04T06:26:00,SIM,110.42
2020-01-04T06:27:00,SIM,111.36
2020-01-04T06:28:00,SIM,110.4
2020-01-04T06:29:00,SIM,109.44
2020-01-04T06:30:00,SIM,108.84
2020-01-04T06:31:00,SIM,109.72
2020-01-04T06:32:00,SIM,109.27
2020-01-04T06:33:00,SIM,109.79
2020-01-04T06:34:00,SIM,110.2
2020-01-04T06:35:00,SIM,109.38
2020-01-04T06:36:00,SIM,108.68
2020-01-04T06:37:00,SIM,109.4
2020-01-04T06:38:00,SIM,108.46
2020-01-04T06:39:00,SIM,108.49
2020-01-04T06:40:00,SIM,108.07
2020-01-04T06:41:00,SIM,107.75
2020-01-04T06:42:00,SIM,107.42
2020-01-04T06:43:00,SIM,108.29
2020-01-04T06:44:00,SIM,107.83
2020-01-04T06:45:00,SIM,107.59
2020-01-04T06:46:00,SIM,107.78
2020-01-04T06:47:00,SIM,108.49
2020-01-04T06:48:00,SIM,107.6
2020-01-04T06:49:00,SIM,108.47
2020-01-04T06:50:00,SIM,108.84
2020-01-04T06:51:00,SIM,109.4
2020-01-04T06:52:00,SIM,110.12
2020-01-04T06:53:00,SIM,110.7
2020-01-04T06:54:00,SIM,110.32
2020-01-04T06:55:00,SIM,111.05
2020-01-04T06:56:00,SIM,111.66
2020-01-04T06:57:00,SIM,110.7
2020-01-04T06:58:00,SIM,110.69
2020-01-04T06:59:00,SIM,110.35
2020-01-04T07:00:00,SIM,111.1
2020-01-04T07:01:00,SIM,110.14
2020-01-04T07:02:00,SIM,109.55
2020-01-04T07:03:00,SIM,109.25
2020-01-04T07:04:00,SIM,109.7
2020-01-04T07:05:00,SIM,110.52
2020-01-04T07:06:00,SIM,110.03
2020-01-04T07:07:00,SIM,110.39
2020-01-04T07:08:00,SIM,110.6
2020-01-04T07:09:00,SIM,111.14
2020-01-04T07:10:00,SIM,111.2
2020-01-04T07:11:00,SIM,111.58
2020-01-04T07:12:00,SIM,111.8
2020-01-04T07:13:00,SIM,111.25
2020-01-04T07:14:00,SIM,111.27
2020-01-04T07:15:00,SIM,111.71
2020-01-04T07:16:00,SIM,110.73
2020-01-04T07:17:00,SIM,109.87
2020-01-04T07:18:00,SIM,109.71
2020-01-04T07:19:00,SIM,108.96
2020-01-04T07:20:00,SIM,108.14
2020-01-04T07:21:00,SIM,107.53
2020-01-04T07:22:00,SIM,108.26
2020-01-04T07:23:00,SIM,108.95
2020-01-04T07:24:00,SIM,109.37
2020-01-04T07:25:00,SIM,109.01
2020-01-04T07:26:00,SIM,109.99
2020-01-04T07:27:00,SIM,109.86
2020-01-04T07:28:00,SIM,110.71
2020-01-04T07:29:00,SIM,110.88
2020-01-04T07:30:00,SIM,111.64
2020-01-04T07:31:00,SIM,111.68
2020-01-04T07:32:00,SIM,112.58
2020-01-04T07:33:00,SIM,111.88
2020-01-04T07:34:00,SIM,111.94
2020-01-04T07:35:00,SIM,111.63
2020-01-04T07:36:00,SIM,112.61
2020-01-04T07:37:00,SIM,112.92
2020-01-04T07:38:00,SIM,112.73
2020-01-04T07:39:00,SIM,111.75
2020-01-04T07:40:00,SIM,112.61
2020-01-04T07:41:00,SIM,111.95
2020-01-04T07:42:00,SIM,111.64
2020-01-04T07:43:00,SIM,111.98
2020-01-04T07:44:00,SIM,112.45
2020-01-04T07:45:00,SIM,113.0
2020-01-04T07:46:00,SIM,113.8
2020-01-04T07:47:00,SIM,113.62
2020-01-04T07:48:00,SIM,112.63
2020-01-04T07:49:00,SIM,112.37
2020-01-04T07:50:00,SIM,112.12
2020-01-04T07:51:00,SIM,111.42
2020-01-04T07:52:00,SIM,110.8
2020-01-04T07:53:00,SIM,111.25
2020-01-04T07:54:00,SIM,111.85
2020-01-04T07:55:00,SIM,111.97
2020-01-04T07:56:00,SIM,112.06
2020-01-04T07:57:00,SIM,112.13
2020-01-04T07:58:00,SIM,111.77
2020-01-04T07:59:00,SIM,111.44
2020-01-04T08:00:00,SIM,111.53
2020-01-04T08:01:00,SIM,111.38
2020-01-04T08:02:00,SIM,111.43
2020-01-04T08:03:00,SIM,110.7
2020-01-04T08:04:00,SIM,109.78
2020-01-04T08:05:00,SIM,109.73
2020-01-04T08:06:00,SIM,110.1
2020-01-04T08:07:00,SIM,110.5
2020-01-04T08:08:00,SIM,109.5
2020-01-04T08:09:00,SIM,108.95
2020-01-04T08:10:00,SIM,109.78
2020-01-04T08:11:00,SIM,109.98
2020-01-04T08:12:00,SIM,110.38
2020-01-04T08:13:00,SIM,109.52
2020-01-04T08:14:00,SIM,110.21
2020-01-04T08:15:00,SIM,110.74
2020-01-04T08:16:00,SIM,110.17
2020-01-04T08:17:00,SIM,109.58
2020-01-04T08:18:00,SIM,110.21
2020-01-04T08:19:00,SIM,109.68
2020-01-04T08:20:00,SIM,108.82
2020-01-04T08:21:00,SIM,108.78
2020-01-04T08:22:00,SIM,109.47
2020-01-04T08:23:00,SIM,109.45
2020-01-04T08:24:00,SIM,108.85
2020-01-04T08:25:00,SIM,108.28
2020-01-04T08:26:00,SIM,109.05
2020-01-04T08:27:00,SIM,108.72
2020-01-04T08:28:00,SIM,109.59
2020-01-04T08:29:00,SIM,109.08
2020-01-04T08:30:00,SIM,109.96
2020-01-04T08:31:00,SIM,110.82
2020-01-04T08:32:00,SIM,110.04
2020-01-04T08:33:00,SIM,109.85
2020-01-04T08:34:00,SIM,108.92
2020-01-04T08:35:00,SIM,109.76
2020-01-04T08:36:00,SIM,109.9
2020-01-04T08:37:00,SIM,110.3
2020-01-04T08:38:00,SIM,110.49
2020-01-04T08:39:00,SIM,109.83
2020-01-04T08:40:00,SIM,108.85
2020-01-04T08:41:00,SIM,109.03
2020-01-04T08:42:00,SIM,108.15
2020-01-04T08:43:00,SIM,108.84
2020-01-04T08:44:00,SIM,108.63
2020-01-04T08:45:00,SIM,109.52
2020-01-04T08:46:00,SIM,110.25
2020-01-04T08:47:00,SIM,110.13
2020-01-04T08:48:00,SIM,110.38
2020-01-04T08:49:00,SIM,110.93
2020-01-04T08:50:00,SIM,110.09
2020-01-04T08:51:00,SIM,109.16
2020-01-04T08:52:00,SIM,108.56
2020-01-04T08:53:00,SIM,107.63
2020-01-04T08:54:00,SIM,108.34
2020-01-04T08:55:00,SIM,109.21
2020-01-04T08:56:00,SIM,109.32
2020-01-04T08:57:00,SIM,109.66
2020-01-04T08:58:00,SIM,108.87
2020-01-04T08:59:00,SIM,108.17
2020-01-04T09:00:00,SIM,108.01
2020-01-04T09:01:00,SIM,108.84
2020-01-04T09:02:00,SIM,109.15
2020-01-04T09:03:00,SIM,109.72
2020-01-04T09:04:00,SIM,109.58
2020-01-04T09:05:00,SIM,108.9
2020-01-04T09:06:00,SIM,109.68
2020-01-04T09:07:00,SIM,110.53
2020-01-04T09:08:00,SIM,110.48
2020-01-04T09:09:00,SIM,110.94
2020-01-04T09:10:00,SIM,111.04
2020-01-04T09:11:00,SIM,110.37
2020-01-04T09:12:00,SIM,110.78
2020-01-04T09:13:00,SIM,111.73
2020-01-04T09:14:00,SIM,112.69
2020-01-04T09:15:00,SIM,112.6
2020-01-04T09:16:00,SIM,113.35
2020-01-04T09:17:00,SIM,113.76
2020-01-04T09:18:00,SIM,113.46
2020-01-04T09:19:00,SIM,113.59
2020-01-04T09:20:00,SIM,113.18
2020-01-04T09:21:00,SIM,113.49
2020-01-04T09:22:00,SIM,112.57
2020-01-04T09:23:00,SIM,112.2
2020-01-04T09:24:00,SIM,111.49
2020-01-04T09:25:00,SIM,111.33
2020-01-04T09:26:00,SIM,111.98
2020-01-04T09:27:00,SIM,111.52
2020-01-04T09:28:00,SIM,111.01
2020-01-04T09:29:00,SIM,110.57
2020-01-04T09:30:00,SIM,110.3
2020-01-04T09:31:00,SIM,110.66
2020-01-04T09:32:00,SIM,111.61
2020-01-04T09:33:00,SIM,111.98
2020-01-04T09:34:00,SIM,111.0
2020-01-04T09:35:00,SIM,110.59
2020-01-04T09:36:00,SIM,110.1
2020-01-04T09:37:00,SIM,109.49
2020-01-04T09:38:00,SIM,108.53
2020-01-04T09:39:00,SIM,108.31
2020-01-04T09:40:00,SIM,107.96
2020-01-04T09:41:00,SIM,107.13
2020-01-04T09:42:00,SIM,106.43
2020-01-04T09:43:00,SIM,106.38
2020-01-04T09:44:00,SIM,107.31
2020-01-04T09:45:00,SIM,107.28
2020-01-04T09:46:00,SIM,107.95
2020-01-04T09:47:00,SIM,108.9
2020-01-04T09:48:00,SIM,109.25
2020-01-04T09:49:00,SIM,108.79
2020-01-04T09:50:00,SIM,108.32
2020-01-04T09:51:00,SIM,108.75
2020-01-04T09:52:00,SIM,108.09
2020-01-04T09:53:00,SIM,107.96
2020-01-04T09:54:00,SIM,107.23
2020-01-04T09:55:00,SIM,106.28
2020-01-04T09:56:00,SIM,105.36
2020-01-04T09:57:00,SIM,105.93
2020-01-04T09:58:00,SIM,106.21
2020-01-04T09:59:00,SIM,105.4
2020-01-04T10:00:00,SIM,104.91
2020-01-04T10:01:00,SIM,104.48
2020-01-04T10:02:00,SIM,103.57
2020-01-04T10:03:00,SIM,104.09
2020-01-04T10:04:00,SIM,103.77
2020-01-04T10:05:00,SIM,104.37
2020-01-04T10:06:00,SIM,104.77
2020-01-04T10:07:00,SIM,105.08
2020-01-04T10:08:00,SIM,105.13
2020-01-04T10:09:00,SIM,105.1
2020-01-04T10:10:00,SIM,104.62
2020-01-04T10:11:00,SIM,105.59
2020-01-04T10:12:00,SIM,104.95
2020-01-04T10:13:00,SIM,105.94
2020-01-04T10:14:00,SIM,106.7
2020-01-04T10:15:00,SIM,106.02
2020-01-04T10:16:00,SIM,106.61
2020-01-04T10:17:00,SIM,106.76
2020-01-04T10:18:00,SIM,106.44
2020-01-04T10:19:00,SIM,105.54
2020-01-04T10:20:00,SIM,106.52
2020-01-04T10:21:00,SIM,106.43
2020-01-04T10:22:00,SIM,106.24
2020-01-04T10:23:00,SIM,105.93
2020-01-04T10:24:00,SIM,104.98
2020-01-04T10:25:00,SIM,105.79
2020-01-04T10:26:00,SIM,106.17
2020-01-04T10:27:00,SIM,105.76
2020-01-04T10:28:00,SIM,105.22
2020-01-04T10:29:00,SIM,104.49
2020-01-04T10:30:00,SIM,104.45
2020-01-04T10:31:00,SIM,105.3
2020-01-04T10:32:00,SIM,104.95
2020-01-04T10:33:00,SIM,104.59
2020-01-04T10:34:00,SIM,105.01
2020-01-04T10:35:00,SIM,104.53
2020-01-04T10:36:00,SIM,104.08
2020-01-04T10:37:00,SIM,103.21
2020-01-04T10:38:00,SIM,103.34
2020-01-04T10:39:00,SIM,104.02
2020-01-04T10:40:00,SIM,103.37
2020-01-04T10:41:00,SIM,102.52
2020-01-04T10:42:00,SIM,102.34
2020-01-04T10:43:00,SIM,102.04
2020-01-04T10:44:00,SIM,102.37
2020-01-04T10:45:00,SIM,101.57
2020-01-04T10:46:00,SIM,101.09
2020-01-04T10:47:00,SIM,100.69
2020-01-04T10:48:00,SIM,99.93
2020-01-04T10:49:00,SIM,100.1
2020-01-04T10:50:00,SIM,100.48
2020-01-04T10:51:00,SIM,99.96
2020-01-04T10:52:00,SIM,99.46
2020-01-04T10:53:00,SIM,98.67
2020-01-04T10:54:00,SIM,98.02
2020-01-04T10:55:00,SIM,98.1
2020-01-04T10:56:00,SIM,97.71
2020-01-04T10:57:00,SIM,98.48
2020-01-04T10:58:00,SIM,99.24
2020-01-04T10:59:00,SIM,100.11
2020-01-04T11:00:00,SIM,99.26
2020-01-04T11:01:00,SIM,99.88
2020-01-04T11:02:00,SIM,99.32
2020-01-04T11:03:00,SIM,100.27
2020-01-04T11:04:00,SIM,101.21
2020-01-04T11:05:00,SIM,101.32
2020-01-04T11:06:00,SIM,102.28
2020-01-04T11:07:00,SIM,102.6
2020-01-04T11:08:00,SIM,101.6
2020-01-04T11:09:00,SIM,100.8
2020-01-04T11:10:00,SIM,100.31
2020-01-04T11:11:00,SIM,100.06
2020-01-04T11:12:00,SIM,100.38
2020-01-04T11:13:00,SIM,100.13
2020-01-04T11:14:00,SIM,99.17
2020-01-04T11:15:00,SIM,99.15
2020-01-04T11:16:00,SIM,98.23
2020-01-04T11:17:00,SIM,97.48
2020-01-04T11:18:00,SIM,96.81
2020-01-04T11:19:00,SIM,96.97
2020-01-04T11:20:00,SIM,96.5
2020-01-04T11:21:00,SIM,97.29
2020-01-04T11:22:00,SIM,96.35
2020-01-04T11:23:00,SIM,95.87
2020-01-04T11:24:00,SIM,95.09
2020-01-04T11:25:00,SIM,96.07
2020-01-04T11:26:00,SIM,95.52
2020-01-04T11:27:00,SIM,95.7
2020-01-04T11:28:00,SIM,94.82
2020-01-04T11:29:00,SIM,94.39
2020-01-04T11:30:00,SIM,93.71
2020-01-04T11:31:00,SIM,94.71
2020-01-04T11:32:00,SIM,95.39
2020-01-04T11:33:00,SIM,95.69
2020-01-04T11:34:00,SIM,95.61
2020-01-04T11:35:00,SIM,95.23
2020-01-04T11:36:00,SIM,94.54
2020-01-04T11:37:00,SIM,94.51
2020-01-04T11:38:00,SIM,95.37
2020-01-04T11:39:00,SIM,96.12
2020-01-04T11:40:00,SIM,96.0
2020-01-04T11:41:00,SIM,96.94
2020-01-04T11:42:00,SIM,96.71
2020-01-04T11:43:00,SIM,96.68
2020-01-04T11:44:00,SIM,97.53
2020-01-04T11:45:00,SIM,97.26
2020-01-04T11:46:00,SIM,96.87
2020-01-04T11:47:00,SIM,97.07
2020-01-04T11:48:00,SIM,96.8
2020-01-04T11:49:00,SIM,97.12
2020-01-04T11:50:00,SIM,98.0
2020-01-04T11:51:00,SIM,97.23
2020-01-04T11:52:00,SIM,96.47
2020-01-04T11:53:00,SIM,95.71
2020-01-04T11:54:00,SIM,94.77
2020-01-04T11:55:00,SIM,95.48
2020-01-04T11:56:00,SIM,96.47
2020-01-04T11:57:00,SIM,97.36
2020-01-04T11:58:00,SIM,98.04
2020-01-04T11:59:00,SIM,97.28
2020-01-04T12:00:00,SIM,96.43
2020-01-04T12:01:00,SIM,96.36
2020-01-04T12:02:00,SIM,95.86
2020-01-04T12:03:00,SIM,95.19
2020-01-04T12:04:00,SIM,95.52
2020-01-04T12:05:00,SIM,94.67
2020-01-04T12:06:00,SIM,94.05
2020-01-04T12:07:00,SIM,94.92
2020-01-04T12:08:00,SIM,95.7
2020-01-04T12:09:00,SIM,95.0
2020-01-04T12:10:00,SIM,95.85
2020-01-04T12:11:00,SIM,95.18
2020-01-04T12:12:00,SIM,95.39
2020-01-04T12:13:00,SIM,95.58
2020-01-04T12:14:00,SIM,95.77
2020-01-04T12:15:00,SIM,94.89
2020-01-04T12:16:00,SIM,95.13
2020-01-04T12:17:00,SIM,94.76
2020-01-04T12:18:00,SIM,93.82
2020-01-04T12:19:00,SIM,93.95
2020-01-04T12:20:00,SIM,94.58
2020-01-04T12:21:00,SIM,94.09
2020-01-04T12:22:00,SIM,94.87
2020-01-04T12:23:00,SIM,95.36
2020-01-04T12:24:00,SIM,95.06
2020-01-04T12:25:00,SIM,95.33
2020-01-04T12:26:00,SIM,96.16
2020-01-04T12:27:00,SIM,96.52
2020-01-04T12:28:00,SIM,96.31
2020-01-04T12:29:00,SIM,96.73
2020-01-04T12:30:00,SIM,97.12
2020-01-04T12:31:00,SIM,96.17
2020-01-04T12:32:00,SIM,96.38
2020-01-04T12:33:00,SIM,97.23
2020-01-04T12:34:00,SIM,97.82
2020-01-04T12:35:00,SIM,97.92
2020-01-04T12:36:00,SIM,98.85
2020-01-04T12:37:00,SIM,99.81
2020-01-04T12:38:00,SIM,99.99
2020-01-04T12:39:00,SIM,100.28
2020-01-04T12:40:00,SIM,99.79
2020-01-04T12:41:00,SIM,99.52
2020-01-04T12:42:00,SIM,100.4
2020-01-04T12:43:00,SIM,100.63
2020-01-04T12:44:00,SIM,100.7
2020-01-04T12:45:00,SIM,101.39
2020-01-04T12:46:00,SIM,101.47
2020-01-04T12:47:00,SIM,101.62
2020-01-04T12:48:00,SIM,101.09
2020-01-04T12:49:00,SIM,100.1
2020-01-04T12:50:00,SIM,100.23
2020-01-04T12:51:00,SIM,100.13
2020-01-04T12:52:00,SIM,99.13
2020-01-04T12:53:00,SIM,99.52
2020-01-04T12:54:00,SIM,98.96
2020-01-04T12:55:00,SIM,98.88
2020-01-04T12:56:00,SIM,99.45
2020-01-04T12:57:00,SIM,100.14
2020-01-04T12:58:00,SIM,100.65
2020-01-04T12:59:00,SIM,100.42
2020-01-04T13:00:00,SIM,99.78
2020-01-04T13:01:00,SIM,99.95
2020-01-04T13:02:00,SIM,99.03
2020-01-04T13:03:00,SIM,99.1
2020-01-04T13:04:00,SIM,99.01
2020-01-04T13:05:00,SIM,99.37
2020-01-04T13:06:00,SIM,99.25
2020-01-04T13:07:00,SIM,99.55
2020-01-04T13:08:00,SIM,100.47
2020-01-04T13:09:00,SIM,101.24
2020-01-04T13:10:00,SIM,102.11
2020-01-04T13:11:00,SIM,101.79
2020-01-04T13:12:00,SIM,102.01
2020-01-04T13:13:00,SIM,101.1
2020-01-04T13:14:00,SIM,101.8
2020-01-04T13:15:00,SIM,100.92
2020-01-04T13:16:00,SIM,101.74
2020-01-04T13:17:00,SIM,102.3
2020-01-04T13:18:00,SIM,102.39
2020-01-04T13:19:00,SIM,101.87
2020-01-04T13:20:00,SIM,101.76
2020-01-04T13:21:00,SIM,102.15
2020-01-04T13:22:00,SIM,102.45
2020-01-04T13:23:00,SIM,102.81
2020-01-04T13:24:00,SIM,102.27
2020-01-04T13:25:00,SIM,101.63
2020-01-04T13:26:00,SIM,101.04
2020-01-04T13:27:00,SIM,101.48
2020-01-04T13:28:00,SIM,101.45
2020-01-04T13:29:00,SIM,102.36
2020-01-04T13:30:00,SIM,103.19
2020-01-04T13:31:00,SIM,103.59
2020-01-04T13:32:00,SIM,104.48
2020-01-04T13:33:00,SIM,104.65
2020-01-04T13:34:00,SIM,104.14
2020-01-04T13:35:00,SIM,103.4
2020-01-04T13:36:00,SIM,103.01
2020-01-04T13:37:00,SIM,103.51
2020-01-04T13:38:00,SIM,103.58
2020-01-04T13:39:00,SIM,103.53
2020-01-04T13:40:00,SIM,104.41
2020-01-04T13:41:00,SIM,105.34
2020-01-04T13:42:00,SIM,104.4
2020-01-04T13:43:00,SIM,105.4
2020-01-04T13:44:00,SIM,106.17
2020-01-04T13:45:00,SIM,107.07
2020-01-04T13:46:00,SIM,106.77
2020-01-04T13:47:00,SIM,106.84
2020-01-04T13:48:00,SIM,106.93
2020-01-04T13:49:00,SIM,107.88
2020-01-04T13:50:00,SIM,107.97
2020-01-04T13:51:00,SIM,108.03
2020-01-04T13:52:00,SIM,107.1
2020-01-04T13:53:00,SIM,106.83
2020-01-04T13:54:00,SIM,106.09
2020-01-04T13:55:00,SIM,106.72
2020-01-04T13:56:00,SIM,106.93
2020-01-04T13:57:00,SIM,106.63
2020-01-04T13:58:00,SIM,105.88
2020-01-04T13:59:00,SIM,106.18
2020-01-04T14:00:00,SIM,106.58
2020-01-04T14:01:00,SIM,106.01
2020-01-04T14:02:00,SIM,105.24
2020-01-04T14:03:00,SIM,105.13
2020-01-04T14:04:00,SIM,104.38
2020-01-04T14:05:00,SIM,103.8
2020-01-04T14:06:00,SIM,103.87
2020-01-04T14:07:00,SIM,104.13
2020-01-04T14:08:00,SIM,105.08
2020-01-04T14:09:00,SIM,105.7
2020-01-04T14:10:00,SIM,106.12
2020-01-04T14:11:00,SIM,105.38
2020-01-04T14:12:00,SIM,105.89
2020-01-04T14:13:00,SIM,106.68
2020-01-04T14:14:00,SIM,107.59
2020-01-04T14:15:00,SIM,107.0
2020-01-04T14:16:00,SIM,107.36
2020-01-04T14:17:00,SIM,107.78
2020-01-04T14:18:00,SIM,107.21
2020-01-04T14:19:00,SIM,106.62
2020-01-04T14:20:00,SIM,107.21
2020-01-04T14:21:00,SIM,106.49
2020-01-04T14:22:00,SIM,106.2
2020-01-04T14:23:00,SIM,107.02
2020-01-04T14:24:00,SIM,107.64
2020-01-04T14:25:00,SIM,108.22
2020-01-04T14:26:00,SIM,107.26
2020-01-04T14:27:00,SIM,106.62
2020-01-04T14:28:00,SIM,105.69
2020-01-04T14:29:00,SIM,105.69
2020-01-04T14:30:00,SIM,106.49
2020-01-04T14:31:00,SIM,107.18
2020-01-04T14:32:00,SIM,108.11
2020-01-04T14:33:00,SIM,108.36
2020-01-04T14:34:00,SIM,107.69
2020-01-04T14:35:00,SIM,107.8
2020-01-04T14:36:00,SIM,106.87
2020-01-04T14:37:00,SIM,107.54
2020-01-04T14:38:00,SIM,107.51
2020-01-04T14:39:00,SIM,108.43
2020-01-04T14:40:00,SIM,108.17
2020-01-04T14:41:00,SIM,108.61
2020-01-04T14:42:00,SIM,109.18
2020-01-04T14:43:00,SIM,110.0
2020-01-04T14:44:00,SIM,109.64
2020-01-04T14:45:00,SIM,110.35
2020-01-04T14:46:00,SIM,111.18
2020-01-04T14:47:00,SIM,111.03
2020-01-04T14:48:00,SIM,111.1
2020-01-04T14:49:00,SIM,111.43
2020-01-04T14:50:00,SIM,111.52
2020-01-04T14:51:00,SIM,112.3
2020-01-04T14:52:00,SIM,111.64
2020-01-04T14:53:00,SIM,111.59
2020-01-04T14:54:00,SIM,111.24
2020-01-04T14:55:00,SIM,111.55
2020-01-04T14:56:00,SIM,110.93
2020-01-04T14:57:00,SIM,110.49
2020-01-04T14:58:00,SIM,110.74
2020-01-04T14:59:00,SIM,110.86
2020-01-04T15:00:00,SIM,111.6
2020-01-04T15:01:00,SIM,112.16
2020-01-04T15:02:00,SIM,111.57
2020-01-04T15:03:00,SIM,111.33
2020-01-04T15:04:00,SIM,110.97
2020-01-04T15:05:00,SIM,110.09
2020-01-04T15:06:00,SIM,110.75
2020-01-04T15:07:00,SIM,110.28
2020-01-04T15:08:00,SIM,110.27
2020-01-04T15:09:00,SIM,111.01
2020-01-04T15:10:00,SIM,110.5
2020-01-04T15:11:00,SIM,109.65
2020-01-04T15:12:00,SIM,109.95
2020-01-04T15:13:00,SIM,110.2
2020-01-04T15:14:00,SIM,110.33
2020-01-04T15:15:00,SIM,110.79
2020-01-04T15:16:00,SIM,111.49
2020-01-04T15:17:00,SIM,111.84
2020-01-04T15:18:00,SIM,110.84
2020-01-04T15:19:00,SIM,110.23
2020-01-04T15:20:00,SIM,109.71
2020-01-04T15:21:00,SIM,110.62
2020-01-04T15:22:00,SIM,110.48
2020-01-04T15:23:00,SIM,110.86
2020-01-04T15:24:00,SIM,111.15
2020-01-04T15:25:00,SIM,110.77
2020-01-04T15:26:00,SIM,110.88
2020-01-04T15:27:00,SIM,111.33
2020-01-04T15:28:00,SIM,111.89
2020-01-04T15:29:00,SIM,111.69
2020-01-04T15:30:00,SIM,111.14
2020-01-04T15:31:00,SIM,111.09
2020-01-04T15:32:00,SIM,111.56
2020-01-04T15:33:00,SIM,111.74
2020-01-04T15:34:00,SIM,111.39
2020-01-04T15:35:00,SIM,112.13
2020-01-04T15:36:00,SIM,112.14
2020-01-04T15:37:00,SIM,112.39
2020-01-04T15:38:00,SIM,111.54
2020-01-04T15:39:00,SIM,111.08
2020-01-04T15:40:00,SIM,110.31
2020-01-04T15:41:00,SIM,109.9
2020-01-04T15:42:00,SIM,110.53
2020-01-04T15:43:00,SIM,109.63
2020-01-04T15:44:00,SIM,110.51
2020-01-04T15:45:00,SIM,109.96
2020-01-04T15:46:00,SIM,110.52
2020-01-04T15:47:00,SIM,109.62
2020-01-04T15:48:00,SIM,109.06
2020-01-04T15:49:00,SIM,109.62
2020-01-04T15:50:00,SIM,109.69
2020-01-04T15:51:00,SIM,110.65
2020-01-04T15:52:00,SIM,110.4
2020-01-04T15:53:00,SIM,111.1
2020-01-04T15:54:00,SIM,110.55
2020-01-04T15:55:00,SIM,109.97
2020-01-04T15:56:00,SIM,109.13
2020-01-04T15:57:00,SIM,109.09
2020-01-04T15:58:00,SIM,109.28
2020-01-04T15:59:00,SIM,109.53
2020-01-04T16:00:00,SIM,108.72
2020-01-04T16:01:00,SIM,109.47
2020-01-04T16:02:00,SIM,108.74
2020-01-04T16:03:00,SIM,108.6
2020-01-04T16:04:00,SIM,109.41
2020-01-04T16:05:00,SIM,109.53
2020-01-04T16:06:00,SIM,110.37
2020-01-04T16:07:00,SIM,110.02
2020-01-04T16:08:00,SIM,110.13
2020-01-04T16:09:00,SIM,110.39
2020-01-04T16:10:00,SIM,110.08
2020-01-04T16:11:00,SIM,109.55
2020-01-04T16:12:00,SIM,109.45
2020-01-04T16:13:00,SIM,109.38
2020-01-04T16:14:00,SIM,109.93
2020-01-04T16:15:00,SIM,109.81
2020-01-04T16:16:00,SIM,109.17
2020-01-04T16:17:00,SIM,108.81
2020-01-04T16:18:00,SIM,108.16
2020-01-04T16:19:00,SIM,109.0
2020-01-04T16:20:00,SIM,109.85
2020-01-04T16:21:00,SIM,110.07
2020-01-04T16:22:00,SIM,109.37
2020-01-04T16:23:00,SIM,110.3
2020-01-04T16:24:00,SIM,109.65
2020-01-04T16:25:00,SIM,110.21
2020-01-04T16:26:00,SIM,110.26
2020-01-04T16:27:00,SIM,109.58
2020-01-04T16:28:00,SIM,108.64
2020-01-04T16:29:00,SIM,109.36
2020-01-04T16:30:00,SIM,108.56
2020-01-04T16:31:00,SIM,107.65
2020-01-04T16:32:00,SIM,107.75
2020-01-04T16:33:00,SIM,107.28
2020-01-04T16:34:00,SIM,107.01
2020-01-04T16:35:00,SIM,106.35
2020-01-04T16:36:00,SIM,106.98
2020-01-04T16:37:00,SIM,107.26
2020-01-04T16:38:00,SIM,107.29
2020-01-04T16:39:00,SIM,108.16
2020-01-04T16:40:00,SIM,108.84
2020-01-04T16:41:00,SIM,108.3
2020-01-04T16:42:00,SIM,107.7
2020-01-04T16:43:00,SIM,108.33
2020-01-04T16:44:00,SIM,108.18
2020-01-04T16:45:00,SIM,108.43
2020-01-04T16:46:00,SIM,107.62
2020-01-04T16:47:00,SIM,107.96
2020-01-04T16:48:00,SIM,107.55
2020-01-04T16:49:00,SIM,108.25
2020-01-04T16:50:00,SIM,108.05
2020-01-04T16:51:00,SIM,107.56
2020-01-04T16:52:00,SIM,107.54
2020-01-04T16:53:00,SIM,108.46
2020-01-04T16:54:00,SIM,109.24
2020-01-04T16:55:00,SIM,110.23
2020-01-04T16:56:00,SIM,110.19
2020-01-04T16:57:00,SIM,110.89
2020-01-04T16:58:00,SIM,111.72
2020-01-04T16:59:00,SIM,111.07
2020-01-04T17:00:00,SIM,111.94
2020-01-04T17:01:00,SIM,111.46
2020-01-04T17:02:00,SIM,110.92
2020-01-04T17:03:00,SIM,111.58
2020-01-04T17:04:00,SIM,110.7
2020-01-04T17:05:00,SIM,111.6
2020-01-04T17:06:00,SIM,111.62
2020-01-04T17:07:00,SIM,112.41
2020-01-04T17:08:00,SIM,112.42
2020-01-04T17:09:00,SIM,112.51
2020-01-04T17:10:00,SIM,112.19
2020-01-04T17:11:00,SIM,112.99
2020-01-04T17:12:00,SIM,112.74
2020-01-04T17:13:00,SIM,112.85
2020-01-04T17:14:00,SIM,113.38
2020-01-04T17:15:00,SIM,113.87
2020-01-04T17:16:00,SIM,113.63
2020-01-04T17:17:00,SIM,112.79
2020-01-04T17:18:00,SIM,113.17
2020-01-04T17:19:00,SIM,114.08
2020-01-04T17:20:00,SIM,114.96
2020-01-04T17:21:00,SIM,114.99
2020-01-04T17:22:00,SIM,115.2
2020-01-04T17:23:00,SIM,115.43
2020-01-04T17:24:00,SIM,114.58
2020-01-04T17:25:00,SIM,113.73
2020-01-04T17:26:00,SIM,112.79
2020-01-04T17:27:00,SIM,113.08
2020-01-04T17:28:00,SIM,112.27
2020-01-04T17:29:00,SIM,111.64
2020-01-04T17:30:00,SIM,111.04
2020-01-04T17:31:00,SIM,110.81
2020-01-04T17:32:00,SIM,110.1
2020-01-04T17:33:00,SIM,110.44
2020-01-04T17:34:00,SIM,110.31
2020-01-04T17:35:00,SIM,110.35
2020-01-04T17:36:00,SIM,110.14
2020-01-04T17:37:00,SIM,110.2
2020-01-04T17:38:00,SIM,110.08
2020-01-04T17:39:00,SIM,109.42
2020-01-04T17:40:00,SIM,108.74
2020-01-04T17:41:00,SIM,107.83
2020-01-04T17:42:00,SIM,108.03
2020-01-04T17:43:00,SIM,107.54
2020-01-04T17:44:00,SIM,107.13
2020-01-04T17:45:00,SIM,106.59
2020-01-04T17:46:00,SIM,106.05
2020-01-04T17:47:00,SIM,105.89
2020-01-04T17:48:00,SIM,105.53
2020-01-04T17:49:00,SIM,105.21
2020-01-04T17:50:00,SIM,105.7
2020-01-04T17:51:00,SIM,106.09
2020-01-04T17:52:00,SIM,106.56
2020-01-04T17:53:00,SIM,106.87
2020-01-04T17:54:00,SIM,107.18
2020-01-04T17:55:00,SIM,106.69
2020-01-04T17:56:00,SIM,106.36
2020-01-04T17:57:00,SIM,106.77
2020-01-04T17:58:00,SIM,106.59
2020-01-04T17:59:00,SIM,107.44
2020-01-04T18:00:00,SIM,106.44
2020-01-04T18:01:00,SIM,106.37
2020-01-04T18:02:00,SIM,105.57
2020-01-04T18:03:00,SIM,106.06
2020-01-04T18:04:00,SIM,106.74
2020-01-04T18:05:00,SIM,107.45
2020-01-04T18:06:00,SIM,107.79
2020-01-04T18:07:00,SIM,106.99
2020-01-04T18:08:00,SIM,106.79
2020-01-04T18:09:00,SIM,106.85
2020-01-04T18:10:00,SIM,106.07
2020-01-04T18:11:00,SIM,105.82
2020-01-04T18:12:00,SIM,106.39
2020-01-04T18:13:00,SIM,105.78
2020-01-04T18:14:00,SIM,105.3
2020-01-04T18:15:00,SIM,104.71
2020-01-04T18:16:00,SIM,105.68
2020-01-04T18:17:00,SIM,105.82
2020-01-04T18:18:00,SIM,106.61
2020-01-04T18:19:00,SIM,107.43
2020-01-04T18:20:00,SIM,107.92
2020-01-04T18:21:00,SIM,108.79
2020-01-04T18:22:00,SIM,109.24
2020-01-04T18:23:00,SIM,109.65
2020-01-04T18:24:00,SIM,108.91
2020-01-04T18:25:00,SIM,108.55
2020-01-04T18:26:00,SIM,108.84
2020-01-04T18:27:00,SIM,109.5
2020-01-04T18:28:00,SIM,109.4
2020-01-04T18:29:00,SIM,108.56
2020-01-04T18:30:00,SIM,108.27
2020-01-04T18:31:00,SIM,107.32
2020-01-04T18:32:00,SIM,106.37
2020-01-04T18:33:00,SIM,106.65
2020-01-04T18:34:00,SIM,106.97
2020-01-04T18:35:00,SIM,107.88
2020-01-04T18:36:00,SIM,107.94
2020-01-04T18:37:00,SIM,107.61
2020-01-04T18:38:00,SIM,107.58
2020-01-04T18:39:00,SIM,107.71
2020-01-04T18:40:00,SIM,106.77
2020-01-04T18:41:00,SIM,107.38
2020-01-04T18:42:00,SIM,107.75
2020-01-04T18:43:00,SIM,108.5
2020-01-04T18:44:00,SIM,107.86
2020-01-04T18:45:00,SIM,108.67
2020-01-04T18:46:00,SIM,107.81
2020-01-04T18:47:00,SIM,108.39
2020-01-04T18:48:00,SIM,108.85
2020-01-04T18:49:00,SIM,108.54
2020-01-04T18:50:00,SIM,109.4
2020-01-04T18:51:00,SIM,109.78
2020-01-04T18:52:00,SIM,109.08
2020-01-04T18:53:00,SIM,109.98
2020-01-04T18:54:00,SIM,109.24
2020-01-04T18:55:00,SIM,109.81
2020-01-04T18:56:00,SIM,109.31
2020-01-04T18:57:00,SIM,108.57
2020-01-04T18:58:00,SIM,108.1
2020-01-04T18:59:00,SIM,108.1
2020-01-04T19:00:00,SIM,107.49
2020-01-04T19:01:00,SIM,107.01
2020-01-04T19:02:00,SIM,107.16
2020-01-04T19:03:00,SIM,106.95
2020-01-04T19:04:00,SIM,106.37
2020-01-04T19:05:00,SIM,105.52
2020-01-04T19:06:00,SIM,105.24
2020-01-04T19:07:00,SIM,105.27
2020-01-04T19:08:00,SIM,105.47
2020-01-04T19:09:00,SIM,104.77
2020-01-04T19:10:00,SIM,105.46
2020-01-04T19:11:00,SIM,106.12
2020-01-04T19:12:00,SIM,106.47
2020-01-04T19:13:00,SIM,106.46
2020-01-04T19:14:00,SIM,106.49
2020-01-04T19:15:00,SIM,107.36
2020-01-04T19:16:00,SIM,108.36
2020-01-04T19:17:00,SIM,108.68
2020-01-04T19:18:00,SIM,108.84
2020-01-04T19:19:00,SIM,109.59
2020-01-04T19:20:00,SIM,110.02
2020-01-04T19:21:00,SIM,110.98
2020-01-04T19:22:00,SIM,110.72
2020-01-04T19:23:00,SIM,111.49
2020-01-04T19:24:00,SIM,112.23
2020-01-04T19:25:00,SIM,112.83
2020-01-04T19:26:00,SIM,112.8
2020-01-04T19:27:00,SIM,112.77
2020-01-04T19:28:00,SIM,112.15
2020-01-04T19:29:00,SIM,112.92
2020-01-04T19:30:00,SIM,112.71
2020-01-04T19:31:00,SIM,111.95
2020-01-04T19:32:00,SIM,111.77
2020-01-04T19:33:00,SIM,111.4
2020-01-04T19:34:00,SIM,112.35
2020-01-04T19:35:00,SIM,112.81
2020-01-04T19:36:00,SIM,113.29
2020-01-04T19:37:00,SIM,112.7
2020-01-04T19:38:00,SIM,113.38
2020-01-04T19:39:00,SIM,113.52
2020-01-04T19:40:00,SIM,112.53
2020-01-04T19:41:00,SIM,113.17
2020-01-04T19:42:00,SIM,113.6
2020-01-04T19:43:00,SIM,114.14
2020-01-04T19:44:00,SIM,113.5
2020-01-04T19:45:00,SIM,112.65
2020-01-04T19:46:00,SIM,112.66
2020-01-04T19:47:00,SIM,113.63
2020-01-04T19:48:00,SIM,113.68
2020-01-04T19:49:00,SIM,112.97
2020-01-04T19:50:00,SIM,112.67
2020-01-04T19:51:00,SIM,111.78
2020-01-04T19:52:00,SIM,111.63
2020-01-04T19:53:00,SIM,111.17
2020-01-04T19:54:00,SIM,112.12
2020-01-04T19:55:00,SIM,111.68
2020-01-04T19:56:00,SIM,111.42
2020-01-04T19:57:00,SIM,111.54
2020-01-04T19:58:00,SIM,111.06
2020-01-04T19:59:00,SIM,110.63
2020-01-04T20:00:00,SIM,111.08
2020-01-04T20:01:00,SIM,110.11
2020-01-04T20:02:00,SIM,110.66
2020-01-04T20:03:00,SIM,111.42
2020-01-04T20:04:00,SIM,112.21
2020-01-04T20:05:00,SIM,111.72
2020-01-04T20:06:00,SIM,110.85
2020-01-04T20:07:00,SIM,111.46
2020-01-04T20:08:00,SIM,110.66
2020-01-04T20:09:00,SIM,110.1
2020-01-04T20:10:00,SIM,109.62
2020-01-04T20:11:00,SIM,109.82
2020-01-04T20:12:00,SIM,109.66
2020-01-04T20:13:00,SIM,108.99
2020-01-04T20:14:00,SIM,108.45
2020-01-04T20:15:00,SIM,108.07
2020-01-04T20:16:00,SIM,107.14
2020-01-04T20:17:00,SIM,107.02
2020-01-04T20:18:00,SIM,108.01
2020-01-04T20:19:00,SIM,107.75
2020-01-04T20:20:00,SIM,108.74
2020-01-04T20:21:00,SIM,108.85
2020-01-04T20:22:00,SIM,108.09
2020-01-04T20:23:00,SIM,108.85
2020-01-04T20:24:00,SIM,109.72
2020-01-04T20:25:00,SIM,110.41
2020-01-04T20:26:00,SIM,111.28
2020-01-04T20:27:00,SIM,111.25
2020-01-04T20:28:00,SIM,111.86
2020-01-04T20:29:00,SIM,111.27
2020-01-04T20:30:00,SIM,110.83
2020-01-04T20:31:00,SIM,110.73
2020-01-04T20:32:00,SIM,111.05
2020-01-04T20:33:00,SIM,110.49
2020-01-04T20:34:00,SIM,110.6
2020-01-04T20:35:00,SIM,110.51
2020-01-04T20:36:00,SIM,110.42
2020-01-04T20:37:00,SIM,110.46
2020-01-04T20:38:00,SIM,110.81
2020-01-04T20:39:00,SIM,111.02
2020-01-04T20:40:00,SIM,111.45
2020-01-04T20:41:00,SIM,110.95
2020-01-04T20:42:00,SIM,111.73
2020-01-04T20:43:00,SIM,111.18
2020-01-04T20:44:00,SIM,111.84
2020-01-04T20:45:00,SIM,111.63
2020-01-04T20:46:00,SIM,112.62
2020-01-04T20:47:00,SIM,112.81
2020-01-04T20:48:00,SIM,113.73
2020-01-04T20:49:00,SIM,114.44
2020-01-04T20:50:00,SIM,115.35
2020-01-04T20:51:00,SIM,114.35
2020-01-04T20:52:00,SIM,113.87
2020-01-04T20:53:00,SIM,114.16
2020-01-04T20:54:00,SIM,113.28
2020-01-04T20:55:00,SIM,113.24
2020-01-04T20:56:00,SIM,114.04
2020-01-04T20:57:00,SIM,113.37
2020-01-04T20:58:00,SIM,113.81
2020-01-04T20:59:00,SIM,113.99
2020-01-04T21:00:00,SIM,113.38
2020-01-04T21:01:00,SIM,113.43
2020-01-04T21:02:00,SIM,114.35
2020-01-04T21:03:00,SIM,114.77
2020-01-04T21:04:00,SIM,115.66
2020-01-04T21:05:00,SIM,115.5
2020-01-04T21:06:00,SIM,115.89
2020-01-04T21:07:00,SIM,115.68
2020-01-04T21:08:00,SIM,115.3
2020-01-04T21:09:00,SIM,115.23
2020-01-04T21:10:00,SIM,115.01
2020-01-04T21:11:00,SIM,115.73
2020-01-04T21:12:00,SIM,115.94
2020-01-04T21:13:00,SIM,115.81
2020-01-04T21:14:00,SIM,114.84
2020-01-04T21:15:00,SIM,114.04
2020-01-04T21:16:00,SIM,114.24
2020-01-04T21:17:00,SIM,114.72
2020-01-04T21:18:00,SIM,113.95
2020-01-04T21:19:00,SIM,114.51
2020-01-04T21:20:00,SIM,114.8
2020-01-04T21:21:00,SIM,114.33
2020-01-04T21:22:00,SIM,113.61
2020-01-04T21:23:00,SIM,113.19
2020-01-04T21:24:00,SIM,114.13
2020-01-04T21:25:00,SIM,114.58
2020-01-04T21:26:00,SIM,114.35
2020-01-04T21:27:00,SIM,113.83
2020-01-04T21:28:00,SIM,113.71
2020-01-04T21:29:00,SIM,114.3
2020-01-04T21:30:00,SIM,114.36
2020-01-04T21:31:00,SIM,113.51
2020-01-04T21:32:00,SIM,114.02
2020-01-04T21:33:00,SIM,113.32
2020-01-04T21:34:00,SIM,113.7
2020-01-04T21:35:00,SIM,113.11
2020-01-04T21:36:00,SIM,113.53
2020-01-04T21:37:00,SIM,114.25
2020-01-04T21:38:00,SIM,114.4
2020-01-04T21:39:00,SIM,114.38
2020-01-04T21:40:00,SIM,115.38
2020-01-04T21:41:00,SIM,115.87
2020-01-04T21:42:00,SIM,116.69
2020-01-04T21:43:00,SIM,116.88
2020-01-04T21:44:00,SIM,116.12
2020-01-04T21:45:00,SIM,117.1
2020-01-04T21:46:00,SIM,116.66
2020-01-04T21:47:00,SIM,116.96
2020-01-04T21:48:00,SIM,117.28
2020-01-04T21:49:00,SIM,117.57
2020-01-04T21:50:00,SIM,116.76
2020-01-04T21:51:00,SIM,116.58
2020-01-04T21:52:00,SIM,117.17
2020-01-04T21:53:00,SIM,116.4
2020-01-04T21:54:00,SIM,115.63
2020-01-04T21:55:00,SIM,116.31
2020-01-04T21:56:00,SIM,115.77
2020-01-04T21:57:00,SIM,116.59
2020-01-04T21:58:00,SIM,116.28
2020-01-04T21:59:00,SIM,116.51
2020-01-04T22:00:00,SIM,117.3
2020-01-04T22:01:00,SIM,117.82
2020-01-04T22:02:00,SIM,118.34
2020-01-04T22:03:00,SIM,118.29
2020-01-04T22:04:00,SIM,117.7
2020-01-04T22:05:00,SIM,118.43
2020-01-04T22:06:00,SIM,118.15
2020-01-04T22:07:00,SIM,117.59
2020-01-04T22:08:00,SIM,118.18
2020-01-04T22:09:00,SIM,117.57
2020-01-04T22:10:00,SIM,117.95
2020-01-04T22:11:00,SIM,118.03
2020-01-04T22:12:00,SIM,118.26
2020-01-04T22:13:00,SIM,119.04
2020-01-04T22:14:00,SIM,118.47
2020-01-04T22:15:00,SIM,118.65
2020-01-04T22:16:00,SIM,119.48
2020-01-04T22:17:00,SIM,119.43
2020-01-04T22:18:00,SIM,119.2
2020-01-04T22:19:00,SIM,118.92
2020-01-04T22:20:00,SIM,118.35
2020-01-04T22:21:00,SIM,117.7
2020-01-04T22:22:00,SIM,116.92
2020-01-04T22:23:00,SIM,116.9
2020-01-04T22:24:00,SIM,117.2
2020-01-04T22:25:00,SIM,116.29
2020-01-04T22:26:00,SIM,116.49
2020-01-04T22:27:00,SIM,115.86
2020-01-04T22:28:00,SIM,115.14
2020-01-04T22:29:00,SIM,115.42
2020-01-04T22:30:00,SIM,115.9
2020-01-04T22:31:00,SIM,115.81
2020-01-04T22:32:00,SIM,115.78
2020-01-04T22:33:00,SIM,116.14
2020-01-04T22:34:00,SIM,116.65
2020-01-04T22:35:00,SIM,115.8
2020-01-04T22:36:00,SIM,115.99
2020-01-04T22:37:00,SIM,115.78
2020-01-04T22:38:00,SIM,116.09
2020-01-04T22:39:00,SIM,116.57
2020-01-04T22:40:00,SIM,117.25
2020-01-04T22:41:00,SIM,116.82
2020-01-04T22:42:00,SIM,117.41
2020-01-04T22:43:00,SIM,116.86
2020-01-04T22:44:00,SIM,117.44
2020-01-04T22:45:00,SIM,118.34
2020-01-04T22:46:00,SIM,117.58
2020-01-04T22:47:00,SIM,117.89
2020-01-04T22:48:00,SIM,118.72
2020-01-04T22:49:00,SIM,119.19
2020-01-04T22:50:00,SIM,119.78
2020-01-04T22:51:00,SIM,120.53
2020-01-04T22:52:00,SIM,120.89
2020-01-04T22:53:00,SIM,121.87
2020-01-04T22:54:00,SIM,122.65
2020-01-04T22:55:00,SIM,122.95
2020-01-04T22:56:00,SIM,122.07
2020-01-04T22:57:00,SIM,122.7
2020-01-04T22:58:00,SIM,123.56
2020-01-04T22:59:00,SIM,123.18
2020-01-04T23:00:00,SIM,122.52
2020-01-04T23:01:00,SIM,123.1
2020-01-04T23:02:00,SIM,123.42
2020-01-04T23:03:00,SIM,123.27
2020-01-04T23:04:00,SIM,123.31
2020-01-04T23:05:00,SIM,123.61
2020-01-04T23:06:00,SIM,122.87
2020-01-04T23:07:00,SIM,122.74
2020-01-04T23:08:00,SIM,123.63
2020-01-04T23:09:00,SIM,124.07
2020-01-04T23:10:00,SIM,124.87
2020-01-04T23:11:00,SIM,125.55
2020-01-04T23:12:00,SIM,124.73
2020-01-04T23:13:00,SIM,125.45
2020-01-04T23:14:00,SIM,125.43
2020-01-04T23:15:00,SIM,125.12
2020-01-04T23:16:00,SIM,125.05
2020-01-04T23:17:00,SIM,124.07
2020-01-04T23:18:00,SIM,124.86
2020-01-04T23:19:00,SIM,124.83
2020-01-04T23:20:00,SIM,124.91
2020-01-04T23:21:00,SIM,125.23
2020-01-04T23:22:00,SIM,125.86
2020-01-04T23:23:00,SIM,125.97
2020-01-04T23:24:00,SIM,126.68
2020-01-04T23:25:00,SIM,125.98
2020-01-04T23:26:00,SIM,126.3
2020-01-04T23:27:00,SIM,126.75
2020-01-04T23:28:00,SIM,125.89
2020-01-04T23:29:00,SIM,126.35
2020-01-04T23:30:00,SIM,126.87
2020-01-04T23:31:00,SIM,126.72
2020-01-04T23:32:00,SIM,125.98
2020-01-04T23:33:00,SIM,126.49
2020-01-04T23:34:00,SIM,126.45
2020-01-04T23:35:00,SIM,127.44
2020-01-04T23:36:00,SIM,127.37
2020-01-04T23:37:00,SIM,127.93
2020-01-04T23:38:00,SIM,128.28
2020-01-04T23:39:00,SIM,128.44
2020-01-04T23:40:00,SIM,129.1
2020-01-04T23:41:00,SIM,130.01
2020-01-04T23:42:00,SIM,131.0
2020-01-04T23:43:00,SIM,131.12
2020-01-04T23:44:00,SIM,131.94
2020-01-04T23:45:00,SIM,131.27
2020-01-04T23:46:00,SIM,131.28
2020-01-04T23:47:00,SIM,132.05
2020-01-04T23:48:00,SIM,131.84
2020-01-04T23:49:00,SIM,132.4
2020-01-04T23:50:00,SIM,131.92
2020-01-04T23:51:00,SIM,131.17
2020-01-04T23:52:00,SIM,132.07
2020-01-04T23:53:00,SIM,132.37
2020-01-04T23:54:00,SIM,132.4
2020-01-04T23:55:00,SIM,132.79
2020-01-04T23:56:00,SIM,132.58
2020-01-04T23:57:00,SIM,131.81
2020-01-04T23:58:00,SIM,131.77
2020-01-04T23:59:00,SIM,132.45
2020-01-05T00:00:00,SIM,132.53
2020-01-05T00:01:00,SIM,132.76
2020-01-05T00:02:00,SIM,132.84
2020-01-05T00:03:00,SIM,133.8
2020-01-05T00:04:00,SIM,133.41
2020-01-05T00:05:00,SIM,133.62
2020-01-05T00:06:00,SIM,133.87
2020-01-05T00:07:00,SIM,133.41
2020-01-05T00:08:00,SIM,133.9
2020-01-05T00:09:00,SIM,133.19
2020-01-05T00:10:00,SIM,132.9
2020-01-05T00:11:00,SIM,133.31
2020-01-05T00:12:00,SIM,133.55
2020-01-05T00:13:00,SIM,134.43
2020-01-05T00:14:00,SIM,133.72
2020-01-05T00:15:00,SIM,133.93
2020-01-05T00:16:00,SIM,134.21
2020-01-05T00:17:00,SIM,133.45
2020-01-05T00:18:00,SIM,133.39
2020-01-05T00:19:00,SIM,134.12
2020-01-05T00:20:00,SIM,134.01
2020-01-05T00:21:00,SIM,133.51
2020-01-05T00:22:00,SIM,133.87
2020-01-05T00:23:00,SIM,133.62
2020-01-05T00:24:00,SIM,132.69
2020-01-05T00:25:00,SIM,132.33
2020-01-05T00:26:00,SIM,132.36
2020-01-05T00:27:00,SIM,131.92
2020-01-05T00:28:00,SIM,131.09
2020-01-05T00:29:00,SIM,131.0
2020-01-05T00:30:00,SIM,130.95
2020-01-05T00:31:00,SIM,130.78
2020-01-05T00:32:00,SIM,131.06
2020-01-05T00:33:00,SIM,131.29
2020-01-05T00:34:00,SIM,130.8
2020-01-05T00:35:00,SIM,131.33
2020-01-05T00:36:00,SIM,132.24
2020-01-05T00:37:00,SIM,131.46
2020-01-05T00:38:00,SIM,130.53
2020-01-05T00:39:00,SIM,130.27
2020-01-05T00:40:00,SIM,130.22
2020-01-05T00:41:00,SIM,129.68
2020-01-05T00:42:00,SIM,128.86
2020-01-05T00:43:00,SIM,128.39
2020-01-05T00:44:00,SIM,127.54
2020-01-05T00:45:00,SIM,126.78
2020-01-05T00:46:00,SIM,127.07
2020-01-05T00:47:00,SIM,127.48
2020-01-05T00:48:00,SIM,126.86
2020-01-05T00:49:00,SIM,125.95
2020-01-05T00:50:00,SIM,126.73
2020-01-05T00:51:00,SIM,126.15
2020-01-05T00:52:00,SIM,126.34
2020-01-05T00:53:00,SIM,126.31
2020-01-05T00:54:00,SIM,125.67
2020-01-05T00:55:00,SIM,125.17
2020-01-05T00:56:00,SIM,124.73
2020-01-05T00:57:00,SIM,124.88
2020-01-05T00:58:00,SIM,125.5
2020-01-05T00:59:00,SIM,126.09
2020-01-05T01:00:00,SIM,125.66
2020-01-05T01:01:00,SIM,125.72
2020-01-05T01:02:00,SIM,125.02
2020-01-05T01:03:00,SIM,124.33
2020-01-05T01:04:00,SIM,124.95
2020-01-05T01:05:00,SIM,125.54
2020-01-05T01:06:00,SIM,126.49
2020-01-05T01:07:00,SIM,127.36
2020-01-05T01:08:00,SIM,126.99
2020-01-05T01:09:00,SIM,127.1
2020-01-05T01:10:00,SIM,126.59
2020-01-05T01:11:00,SIM,126.13
2020-01-05T01:12:00,SIM,126.27
2020-01-05T01:13:00,SIM,127.04
2020-01-05T01:14:00,SIM,126.17
2020-01-05T01:15:00,SIM,126.93
2020-01-05T01:16:00,SIM,126.02
2020-01-05T01:17:00,SIM,125.78
2020-01-05T01:18:00,SIM,126.43
2020-01-05T01:19:00,SIM,126.82
2020-01-05T01:20:00,SIM,127.32
2020-01-05T01:21:00,SIM,126.67
2020-01-05T01:22:00,SIM,126.16
2020-01-05T01:23:00,SIM,125.57
2020-01-05T01:24:00,SIM,126.18
2020-01-05T01:25:00,SIM,125.58
2020-01-05T01:26:00,SIM,125.78
2020-01-05T01:27:00,SIM,126.32
2020-01-05T01:28:00,SIM,125.53
2020-01-05T01:29:00,SIM,126.25
2020-01-05T01:30:00,SIM,125.49
2020-01-05T01:31:00,SIM,125.26
2020-01-05T01:32:00,SIM,126.2
2020-01-05T01:33:00,SIM,126.24
2020-01-05T01:34:00,SIM,126.64
2020-01-05T01:35:00,SIM,126.75
2020-01-05T01:36:00,SIM,126.16
2020-01-05T01:37:00,SIM,126.85
2020-01-05T01:38:00,SIM,126.55
2020-01-05T01:39:00,SIM,127.29
2020-01-05T01:40:00,SIM,127.9
2020-01-05T01:41:00,SIM,127.79
2020-01-05T01:42:00,SIM,128.13
2020-01-05T01:43:00,SIM,128.75
2020-01-05T01:44:00,SIM,129.55
2020-01-05T01:45:00,SIM,130.14
2020-01-05T01:46:00,SIM,129.19
2020-01-05T01:47:00,SIM,128.2
2020-01-05T01:48:00,SIM,127.48
2020-01-05T01:49:00,SIM,127.84
2020-01-05T01:50:00,SIM,128.6
2020-01-05T01:51:00,SIM,127.99
2020-01-05T01:52:00,SIM,127.78
2020-01-05T01:53:00,SIM,128.46
2020-01-05T01:54:00,SIM,129.29
2020-01-05T01:55:00,SIM,129.26
2020-01-05T01:56:00,SIM,129.05
2020-01-05T01:57:00,SIM,129.16
2020-01-05T01:58:00,SIM,129.41
2020-01-05T01:59:00,SIM,129.52
2020-01-05T02:00:00,SIM,129.91
2020-01-05T02:01:00,SIM,130.54
2020-01-05T02:02:00,SIM,131.5
2020-01-05T02:03:00,SIM,131.51
2020-01-05T02:04:00,SIM,130.53
2020-01-05T02:05:00,SIM,130.17
2020-01-05T02:06:00,SIM,131.0
2020-01-05T02:07:00,SIM,131.86
2020-01-05T02:08:00,SIM,132.17
2020-01-05T02:09:00,SIM,132.13
2020-01-05T02:10:00,SIM,131.2
2020-01-05T02:11:00,SIM,131.5
2020-01-05T02:12:00,SIM,131.45
2020-01-05T02:13:00,SIM,131.74
2020-01-05T02:14:00,SIM,132.4
2020-01-05T02:15:00,SIM,132.22
2020-01-05T02:16:00,SIM,131.55
2020-01-05T02:17:00,SIM,131.49
2020-01-05T02:18:00,SIM,131.74
2020-01-05T02:19:00,SIM,131.72
2020-01-05T02:20:00,SIM,131.3
2020-01-05T02:21:00,SIM,131.11
2020-01-05T02:22:00,SIM,131.04
2020-01-05T02:23:00,SIM,130.66
2020-01-05T02:24:00,SIM,130.13
2020-01-05T02:25:00,SIM,129.69
2020-01-05T02:26:00,SIM,130.02
2020-01-05T02:27:00,SIM,130.9
2020-01-05T02:28:00,SIM,130.51
2020-01-05T02:29:00,SIM,130.19
2020-01-05T02:30:00,SIM,130.93
2020-01-05T02:31:00,SIM,131.82
2020-01-05T02:32:00,SIM,130.83
2020-01-05T02:33:00,SIM,130.5
2020-01-05T02:34:00,SIM,129.51
2020-01-05T02:35:00,SIM,130.26
2020-01-05T02:36:00,SIM,129.28
2020-01-05T02:37:00,SIM,129.42
2020-01-05T02:38:00,SIM,128.68
2020-01-05T02:39:00,SIM,129.53
2020-01-05T02:40:00,SIM,128.75
2020-01-05T02:41:00,SIM,129.74
2020-01-05T02:42:00,SIM,129.2
2020-01-05T02:43:00,SIM,128.23
2020-01-05T02:44:00,SIM,128.68
2020-01-05T02:45:00,SIM,127.7
2020-01-05T02:46:00,SIM,126.96
2020-01-05T02:47:00,SIM,126.05
2020-01-05T02:48:00,SIM,125.5
2020-01-05T02:49:00,SIM,125.31
2020-01-05T02:50:00,SIM,125.3
2020-01-05T02:51:00,SIM,125.35
2020-01-05T02:52:00,SIM,125.52
2020-01-05T02:53:00,SIM,125.07
2020-01-05T02:54:00,SIM,125.36
2020-01-05T02:55:00,SIM,125.43
2020-01-05T02:56:00,SIM,124.96
2020-01-05T02:57:00,SIM,125.77
2020-01-05T02:58:00,SIM,125.69
2020-01-05T02:59:00,SIM,125.59
2020-01-05T03:00:00,SIM,125.27
2020-01-05T03:01:00,SIM,124.72
2020-01-05T03:02:00,SIM,125.07
2020-01-05T03:03:00,SIM,124.4
2020-01-05T03:04:00,SIM,124.06
2020-01-05T03:05:00,SIM,124.5
2020-01-05T03:06:00,SIM,123.86
2020-01-05T03:07:00,SIM,124.74
2020-01-05T03:08:00,SIM,124.33
2020-01-05T03:09:00,SIM,123.86
2020-01-05T03:10:00,SIM,123.69
2020-01-05T03:11:00,SIM,123.43
2020-01-05T03:12:00,SIM,124.14
2020-01-05T03:13:00,SIM,124.31
2020-01-05T03:14:00,SIM,123.94
2020-01-05T03:15:00,SIM,124.4
2020-01-05T03:16:00,SIM,124.9
2020-01-05T03:17:00,SIM,124.88
2020-01-05T03:18:00,SIM,124.22
2020-01-05T03:19:00,SIM,123.46
2020-01-05T03:20:00,SIM,124.0
2020-01-05T03:21:00,SIM,123.89
2020-01-05T03:22:00,SIM,124.61
2020-01-05T03:23:00,SIM,123.91
2020-01-05T03:24:00,SIM,124.59
2020-01-05T03:25:00,SIM,125.18
2020-01-05T03:26:00,SIM,124.62
2020-01-05T03:27:00,SIM,123.78
2020-01-05T03:28:00,SIM,123.08
2020-01-05T03:29:00,SIM,122.12
2020-01-05T03:30:00,SIM,122.14
2020-01-05T03:31:00,SIM,123.08
2020-01-05T03:32:00,SIM,123.68
2020-01-05T03:33:00,SIM,123.59
2020-01-05T03:34:00,SIM,124.26
2020-01-05T03:35:00,SIM,123.81
2020-01-05T03:36:00,SIM,124.64
2020-01-05T03:37:00,SIM,124.72
2020-01-05T03:38:00,SIM,125.61
2020-01-05T03:39:00,SIM,125.74
2020-01-05T03:40:00,SIM,126.0
2020-01-05T03:41:00,SIM,126.77
2020-01-05T03:42:00,SIM,126.49
2020-01-05T03:43:00,SIM,126.29
2020-01-05T03:44:00,SIM,127.06
2020-01-05T03:45:00,SIM,126.8
2020-01-05T03:46:00,SIM,125.9
2020-01-05T03:47:00,SIM,125.32
2020-01-05T03:48:00,SIM,124.52
2020-01-05T03:49:00,SIM,124.81
2020-01-05T03:50:00,SIM,124.69
2020-01-05T03:51:00,SIM,125.09
2020-01-05T03:52:00,SIM,126.0
2020-01-05T03:53:00,SIM,126.01
2020-01-05T03:54:00,SIM,125.97
2020-01-05T03:55:00,SIM,125.02
2020-01-05T03:56:00,SIM,125.1
2020-01-05T03:57:00,SIM,125.86
2020-01-05T03:58:00,SIM,125.96
2020-01-05T03:59:00,SIM,126.0
2020-01-05T04:00:00,SIM,125.65
2020-01-05T04:01:00,SIM,124.97
2020-01-05T04:02:00,SIM,125.13
2020-01-05T04:03:00,SIM,126.03
2020-01-05T04:04:00,SIM,126.37
2020-01-05T04:05:00,SIM,126.08
2020-01-05T04:06:00,SIM,125.16
2020-01-05T04:07:00,SIM,125.05
2020-01-05T04:08:00,SIM,125.19
2020-01-05T04:09:00,SIM,124.29
2020-01-05T04:10:00,SIM,124.21
2020-01-05T04:11:00,SIM,123.47
2020-01-05T04:12:00,SIM,124.17
2020-01-05T04:13:00,SIM,123.39
2020-01-05T04:14:00,SIM,123.62
2020-01-05T04:15:00,SIM,122.66
2020-01-05T04:16:00,SIM,121.76
2020-01-05T04:17:00,SIM,121.68
2020-01-05T04:18:00,SIM,121.52
2020-01-05T04:19:00,SIM,121.18
2020-01-05T04:20:00,SIM,120.39
2020-01-05T04:21:00,SIM,121.24
2020-01-05T04:22:00,SIM,120.49
2020-01-05T04:23:00,SIM,119.59
2020-01-05T04:24:00,SIM,119.02
2020-01-05T04:25:00,SIM,118.62
2020-01-05T04:26:00,SIM,119.12
2020-01-05T04:27:00,SIM,118.68
2020-01-05T04:28:00,SIM,118.62
2020-01-05T04:29:00,SIM,117.73
2020-01-05T04:30:00,SIM,117.51
2020-01-05T04:31:00,SIM,117.94
2020-01-05T04:32:00,SIM,118.45
2020-01-05T04:33:00,SIM,119.38
2020-01-05T04:34:00,SIM,119.98
2020-01-05T04:35:00,SIM,120.74
2020-01-05T04:36:00,SIM,120.57
2020-01-05T04:37:00,SIM,120.42
2020-01-05T04:38:00,SIM,120.05
2020-01-05T04:39:00,SIM,120.01
2020-01-05T04:40:00,SIM,119.26
2020-01-05T04:41:00,SIM,119.89
2020-01-05T04:42:00,SIM,120.86
2020-01-05T04:43:00,SIM,121.65
2020-01-05T04:44:00,SIM,122.11
2020-01-05T04:45:00,SIM,122.95
2020-01-05T04:46:00,SIM,122.38
2020-01-05T04:47:00,SIM,123.21
2020-01-05T04:48:00,SIM,122.86
2020-01-05T04:49:00,SIM,123.58
2020-01-05T04:50:00,SIM,124.13
2020-01-05T04:51:00,SIM,123.88
2020-01-05T04:52:00,SIM,124.66
2020-01-05T04:53:00,SIM,124.18
2020-01-05T04:54:00,SIM,123.54
2020-01-05T04:55:00,SIM,123.82
2020-01-05T04:56:00,SIM,123.12
2020-01-05T04:57:00,SIM,122.65
2020-01-05T04:58:00,SIM,123.52
2020-01-05T04:59:00,SIM,124.24
2020-01-05T05:00:00,SIM,123.27
2020-01-05T05:01:00,SIM,123.2
2020-01-05T05:02:00,SIM,123.46
2020-01-05T05:03:00,SIM,123.81
2020-01-05T05:04:00,SIM,123.44
2020-01-05T05:05:00,SIM,123.94
2020-01-05T05:06:00,SIM,124.14
2020-01-05T05:07:00,SIM,123.58
2020-01-05T05:08:00,SIM,124.46
2020-01-05T05:09:00,SIM,125.35
2020-01-05T05:10:00,SIM,125.66
2020-01-05T05:11:00,SIM,126.14
2020-01-05T05:12:00,SIM,125.56
2020-01-05T05:13:00,SIM,124.6
2020-01-05T05:14:00,SIM,123.92
2020-01-05T05:15:00,SIM,124.65
2020-01-05T05:16:00,SIM,124.8
2020-01-05T05:17:00,SIM,124.58
2020-01-05T05:18:00,SIM,125.39
2020-01-05T05:19:00,SIM,126.35
2020-01-05T05:20:00,SIM,127.21
2020-01-05T05:21:00,SIM,127.71
2020-01-05T05:22:00,SIM,127.63
2020-01-05T05:23:00,SIM,128.38
2020-01-05T05:24:00,SIM,128.22
2020-01-05T05:25:00,SIM,128.08
2020-01-05T05:26:00,SIM,128.44
2020-01-05T05:27:00,SIM,128.05
2020-01-05T05:28:00,SIM,127.64
2020-01-05T05:29:00,SIM,128.55
2020-01-05T05:30:00,SIM,127.93
2020-01-05T05:31:00,SIM,128.68
2020-01-05T05:32:00,SIM,129.37
2020-01-05T05:33:00,SIM,128.82
2020-01-05T05:34:00,SIM,128.87
2020-01-05T05:35:00,SIM,129.45
2020-01-05T05:36:00,SIM,129.71
2020-01-05T05:37:00,SIM,129.59
2020-01-05T05:38:00,SIM,128.78
2020-01-05T05:39:00,SIM,128.5
2020-01-05T05:40:00,SIM,128.83
2020-01-05T05:41:00,SIM,128.53
2020-01-05T05:42:00,SIM,128.93
2020-01-05T05:43:00,SIM,129.16
2020-01-05T05:44:00,SIM,128.52
2020-01-05T05:45:00,SIM,128.5
2020-01-05T05:46:00,SIM,129.31
2020-01-05T05:47:00,SIM,129.61
2020-01-05T05:48:00,SIM,129.93
2020-01-05T05:49:00,SIM,129.92
2020-01-05T05:50:00,SIM,129.12
2020-01-05T05:51:00,SIM,128.3
2020-01-05T05:52:00,SIM,127.77
2020-01-05T05:53:00,SIM,127.22
2020-01-05T05:54:00,SIM,127.43
2020-01-05T05:55:00,SIM,127.16
2020-01-05T05:56:00,SIM,126.53
2020-01-05T05:57:00,SIM,127.49
2020-01-05T05:58:00,SIM,127.0
2020-01-05T05:59:00,SIM,126.28
2020-01-05T06:00:00,SIM,126.32
2020-01-05T06:01:00,SIM,126.25
2020-01-05T06:02:00,SIM,126.09
2020-01-05T06:03:00,SIM,126.39
2020-01-05T06:04:00,SIM,127.18
2020-01-05T06:05:00,SIM,127.9
2020-01-05T06:06:00,SIM,126.98
2020-01-05T06:07:00,SIM,127.76
2020-01-05T06:08:00,SIM,127.75
2020-01-05T06:09:00,SIM,128.63
2020-01-05T06:10:00,SIM,128.83
2020-01-05T06:11:00,SIM,128.05
2020-01-05T06:12:00,SIM,127.92
2020-01-05T06:13:00,SIM,127.79
2020-01-05T06:14:00,SIM,127.84
2020-01-05T06:15:00,SIM,128.59
2020-01-05T06:16:00,SIM,128.5
2020-01-05T06:17:00,SIM,128.79
2020-01-05T06:18:00,SIM,129.74
2020-01-05T06:19:00,SIM,129.33
2020-01-05T06:20:00,SIM,128.37
2020-01-05T06:21:00,SIM,128.17
2020-01-05T06:22:00,SIM,127.99
2020-01-05T06:23:00,SIM,128.35
2020-01-05T06:24:00,SIM,128.02
2020-01-05T06:25:00,SIM,127.74
2020-01-05T06:26:00,SIM,126.82
2020-01-05T06:27:00,SIM,125.93
2020-01-05T06:28:00,SIM,126.7
2020-01-05T06:29:00,SIM,126.01
2020-01-05T06:30:00,SIM,125.53
2020-01-05T06:31:00,SIM,124.68
2020-01-05T06:32:00,SIM,123.86
2020-01-05T06:33:00,SIM,124.73
2020-01-05T06:34:00,SIM,125.03
2020-01-05T06:35:00,SIM,124.34
2020-01-05T06:36:00,SIM,124.7
2020-01-05T06:37:00,SIM,124.66
2020-01-05T06:38:00,SIM,123.98
2020-01-05T06:39:00,SIM,124.95
2020-01-05T06:40:00,SIM,124.87
2020-01-05T06:41:00,SIM,125.78
2020-01-05T06:42:00,SIM,125.55
2020-01-05T06:43:00,SIM,126.35
2020-01-05T06:44:00,SIM,126.42
2020-01-05T06:45:00,SIM,126.64
2020-01-05T06:46:00,SIM,125.93
2020-01-05T06:47:00,SIM,125.22
2020-01-05T06:48:00,SIM,125.44
2020-01-05T06:49:00,SIM,124.55
2020-01-05T06:50:00,SIM,125.2
2020-01-05T06:51:00,SIM,125.37
2020-01-05T06:52:00,SIM,125.83
2020-01-05T06:53:00,SIM,126.51
2020-01-05T06:54:00,SIM,125.89
2020-01-05T06:55:00,SIM,126.8
2020-01-05T06:56:00,SIM,126.43
2020-01-05T06:57:00,SIM,126.35
2020-01-05T06:58:00,SIM,125.59
2020-01-05T06:59:00,SIM,126.23
2020-01-05T07:00:00,SIM,126.2
2020-01-05T07:01:00,SIM,125.29
2020-01-05T07:02:00,SIM,125.2
2020-01-05T07:03:00,SIM,124.26
2020-01-05T07:04:00,SIM,124.15
2020-01-05T07:05:00,SIM,124.8
2020-01-05T07:06:00,SIM,125.46
2020-01-05T07:07:00,SIM,124.7
2020-01-05T07:08:00,SIM,124.69
2020-01-05T07:09:00,SIM,123.7
2020-01-05T07:10:00,SIM,124.35
2020-01-05T07:11:00,SIM,125.15
2020-01-05T07:12:00,SIM,124.92
2020-01-05T07:13:00,SIM,125.77
2020-01-05T07:14:00,SIM,125.18
2020-01-05T07:15:00,SIM,125.13
2020-01-05T07:16:00,SIM,124.15
2020-01-05T07:17:00,SIM,123.15
2020-01-05T07:18:00,SIM,122.53
2020-01-05T07:19:00,SIM,122.52
2020-01-05T07:20:00,SIM,122.97
2020-01-05T07:21:00,SIM,123.16
2020-01-05T07:22:00,SIM,123.67
2020-01-05T07:23:00,SIM,123.38
2020-01-05T07:24:00,SIM,123.7
2020-01-05T07:25:00,SIM,124.06
2020-01-05T07:26:00,SIM,123.58
2020-01-05T07:27:00,SIM,123.89
2020-01-05T07:28:00,SIM,123.56
2020-01-05T07:29:00,SIM,123.43
2020-01-05T07:30:00,SIM,122.67
2020-01-05T07:31:00,SIM,122.45
2020-01-05T07:32:00,SIM,122.97
2020-01-05T07:33:00,SIM,122.77
2020-01-05T07:34:00,SIM,123.71
2020-01-05T07:35:00,SIM,123.24
2020-01-05T07:36:00,SIM,122.55
2020-01-05T07:37:00,SIM,123.31
2020-01-05T07:38:00,SIM,123.42
2020-01-05T07:39:00,SIM,122.56
2020-01-05T07:40:00,SIM,122.51
2020-01-05T07:41:00,SIM,121.79
2020-01-05T07:42:00,SIM,121.65
2020-01-05T07:43:00,SIM,120.7
2020-01-05T07:44:00,SIM,121.44
2020-01-05T07:45:00,SIM,122.01
2020-01-05T07:46:00,SIM,121.58
2020-01-05T07:47:00,SIM,120.94
2020-01-05T07:48:00,SIM,121.06
2020-01-05T07:49:00,SIM,120.29
2020-01-05T07:50:00,SIM,121.05
2020-01-05T07:51:00,SIM,121.54
2020-01-05T07:52:00,SIM,121.86
2020-01-05T07:53:00,SIM,122.4
2020-01-05T07:54:00,SIM,122.96
2020-01-05T07:55:00,SIM,122.21
2020-01-05T07:56:00,SIM,121.87
2020-01-05T07:57:00,SIM,121.93
2020-01-05T07:58:00,SIM,121.17
2020-01-05T07:59:00,SIM,120.88
2020-01-05T08:00:00,SIM,120.07
2020-01-05T08:01:00,SIM,119.97
2020-01-05T08:02:00,SIM,120.81
2020-01-05T08:03:00,SIM,120.27
2020-01-05T08:04:00,SIM,120.12
2020-01-05T08:05:00,SIM,120.67
2020-01-05T08:06:00,SIM,121.07
2020-01-05T08:07:00,SIM,120.64
2020-01-05T08:08:00,SIM,120.81
2020-01-05T08:09:00,SIM,121.28
2020-01-05T08:10:00,SIM,121.37
2020-01-05T08:11:00,SIM,121.37
2020-01-05T08:12:00,SIM,121.21
2020-01-05T08:13:00,SIM,121.32
2020-01-05T08:14:00,SIM,121.76
2020-01-05T08:15:00,SIM,122.13
2020-01-05T08:16:00,SIM,122.98
2020-01-05T08:17:00,SIM,122.13
2020-01-05T08:18:00,SIM,122.42
2020-01-05T08:19:00,SIM,121.47
2020-01-05T08:20:00,SIM,121.6
2020-01-05T08:21:00,SIM,122.2
2020-01-05T08:22:00,SIM,122.82
2020-01-05T08:23:00,SIM,122.61
2020-01-05T08:24:00,SIM,123.12
2020-01-05T08:25:00,SIM,123.01
2020-01-05T08:26:00,SIM,122.36
2020-01-05T08:27:00,SIM,122.34
2020-01-05T08:28:00,SIM,122.83
2020-01-05T08:29:00,SIM,123.7
2020-01-05T08:30:00,SIM,123.81
2020-01-05T08:31:00,SIM,124.48
2020-01-05T08:32:00,SIM,124.34
2020-01-05T08:33:00,SIM,125.21
2020-01-05T08:34:00,SIM,125.39
2020-01-05T08:35:00,SIM,126.11
2020-01-05T08:36:00,SIM,126.14
2020-01-05T08:37:00,SIM,126.97
2020-01-05T08:38:00,SIM,127.64
2020-01-05T08:39:00,SIM,127.89
2020-01-05T08:40:00,SIM,127.69
2020-01-05T08:41:00,SIM,128.09
2020-01-05T08:42:00,SIM,127.37
2020-01-05T08:43:00,SIM,126.64
2020-01-05T08:44:00,SIM,126.78
2020-01-05T08:45:00,SIM,127.03
2020-01-05T08:46:00,SIM,127.53
2020-01-05T08:47:00,SIM,126.62
2020-01-05T08:48:00,SIM,125.85
2020-01-05T08:49:00,SIM,125.97
2020-01-05T08:50:00,SIM,126.68
2020-01-05T08:51:00,SIM,125.72
2020-01-05T08:52:00,SIM,126.25
2020-01-05T08:53:00,SIM,125.69
2020-01-05T08:54:00,SIM,125.2
2020-01-05T08:55:00,SIM,125.73
2020-01-05T08:56:00,SIM,126.18
2020-01-05T08:57:00,SIM,125.34
2020-01-05T08:58:00,SIM,125.48
2020-01-05T08:59:00,SIM,125.91
2020-01-05T09:00:00,SIM,126.0
2020-01-05T09:01:00,SIM,125.08
2020-01-05T09:02:00,SIM,125.63
2020-01-05T09:03:00,SIM,125.33
2020-01-05T09:04:00,SIM,126.17
2020-01-05T09:05:00,SIM,126.22
2020-01-05T09:06:00,SIM,126.64
2020-01-05T09:07:00,SIM,127.17
2020-01-05T09:08:00,SIM,127.77
2020-01-05T09:09:00,SIM,128.52
2020-01-05T09:10:00,SIM,128.21
2020-01-05T09:11:00,SIM,127.64
2020-01-05T09:12:00,SIM,127.47
2020-01-05T09:13:00,SIM,126.48
2020-01-05T09:14:00,SIM,127.29
2020-01-05T09:15:00,SIM,127.98
2020-01-05T09:16:00,SIM,128.56
2020-01-05T09:17:00,SIM,128.86
2020-01-05T09:18:00,SIM,128.59
2020-01-05T09:19:00,SIM,128.37
2020-01-05T09:20:00,SIM,127.98
2020-01-05T09:21:00,SIM,128.17
2020-01-05T09:22:00,SIM,128.15
2020-01-05T09:23:00,SIM,128.24
2020-01-05T09:24:00,SIM,128.78
2020-01-05T09:25:00,SIM,129.77
2020-01-05T09:26:00,SIM,129.62
2020-01-05T09:27:00,SIM,130.6
2020-01-05T09:28:00,SIM,131.49
2020-01-05T09:29:00,SIM,131.72
2020-01-05T09:30:00,SIM,131.91
2020-01-05T09:31:00,SIM,132.55
2020-01-05T09:32:00,SIM,132.87
2020-01-05T09:33:00,SIM,132.32
2020-01-05T09:34:00,SIM,132.6
2020-01-05T09:35:00,SIM,131.95
2020-01-05T09:36:00,SIM,132.18
2020-01-05T09:37:00,SIM,132.14
2020-01-05T09:38:00,SIM,132.69
2020-01-05T09:39:00,SIM,132.65
2020-01-05T09:40:00,SIM,132.13
2020-01-05T09:41:00,SIM,132.17
2020-01-05T09:42:00,SIM,132.33
2020-01-05T09:43:00,SIM,133.11
2020-01-05T09:44:00,SIM,133.44
2020-01-05T09:45:00,SIM,132.86
2020-01-05T09:46:00,SIM,133.52
2020-01-05T09:47:00,SIM,133.08
2020-01-05T09:48:00,SIM,133.99
2020-01-05T09:49:00,SIM,134.97
2020-01-05T09:50:00,SIM,134.25
2020-01-05T09:51:00,SIM,133.61
2020-01-05T09:52:00,SIM,132.8
2020-01-05T09:53:00,SIM,133.67
2020-01-05T09:54:00,SIM,133.19
2020-01-05T09:55:00,SIM,132.55
2020-01-05T09:56:00,SIM,133.07
2020-01-05T09:57:00,SIM,133.03
2020-01-05T09:58:00,SIM,134.02
2020-01-05T09:59:00,SIM,133.25
2020-01-05T10:00:00,SIM,132.32
2020-01-05T10:01:00,SIM,131.72
2020-01-05T10:02:00,SIM,132.65
2020-01-05T10:03:00,SIM,133.6
2020-01-05T10:04:00,SIM,133.55
2020-01-05T10:05:00,SIM,133.2
2020-01-05T10:06:00,SIM,133.71
2020-01-05T10:07:00,SIM,132.82
2020-01-05T10:08:00,SIM,133.5
2020-01-05T10:09:00,SIM,134.06
2020-01-05T10:10:00,SIM,133.33
2020-01-05T10:11:00,SIM,133.5
2020-01-05T10:12:00,SIM,132.81
2020-01-05T10:13:00,SIM,133.7
2020-01-05T10:14:00,SIM,133.27
2020-01-05T10:15:00,SIM,132.96
2020-01-05T10:16:00,SIM,132.82
2020-01-05T10:17:00,SIM,133.73
2020-01-05T10:18:00,SIM,134.64
2020-01-05T10:19:00,SIM,135.05
2020-01-05T10:20:00,SIM,134.63
2020-01-05T10:21:00,SIM,133.67
2020-01-05T10:22:00,SIM,132.85
2020-01-05T10:23:00,SIM,132.44
2020-01-05T10:24:00,SIM,133.09
2020-01-05T10:25:00,SIM,133.79
2020-01-05T10:26:00,SIM,132.81
2020-01-05T10:27:00,SIM,131.9
2020-01-05T10:28:00,SIM,132.66
2020-01-05T10:29:00,SIM,132.33
2020-01-05T10:30:00,SIM,132.73
2020-01-05T10:31:00,SIM,133.23
2020-01-05T10:32:00,SIM,134.09
2020-01-05T10:33:00,SIM,134.68
2020-01-05T10:34:00,SIM,134.53
2020-01-05T10:35:00,SIM,134.3
2020-01-05T10:36:00,SIM,134.36
2020-01-05T10:37:00,SIM,135.09
2020-01-05T10:38:00,SIM,134.89
2020-01-05T10:39:00,SIM,135.17
2020-01-05T10:40:00,SIM,135.77
2020-01-05T10:41:00,SIM,135.89
2020-01-05T10:42:00,SIM,136.67
2020-01-05T10:43:00,SIM,135.88
2020-01-05T10:44:00,SIM,136.38
2020-01-05T10:45:00,SIM,137.26
2020-01-05T10:46:00,SIM,136.74
2020-01-05T10:47:00,SIM,136.56
2020-01-05T10:48:00,SIM,136.28
2020-01-05T10:49:00,SIM,135.89
2020-01-05T10:50:00,SIM,136.83
2020-01-05T10:51:00,SIM,136.25
2020-01-05T10:52:00,SIM,136.29
2020-01-05T10:53:00,SIM,136.0
2020-01-05T10:54:00,SIM,135.15
2020-01-05T10:55:00,SIM,134.55
2020-01-05T10:56:00,SIM,135.35
2020-01-05T10:57:00,SIM,135.54
2020-01-05T10:58:00,SIM,136.3
2020-01-05T10:59:00,SIM,135.86
2020-01-05T11:00:00,SIM,135.3
2020-01-05T11:01:00,SIM,134.77
2020-01-05T11:02:00,SIM,134.72
2020-01-05T11:03:00,SIM,134.39
2020-01-05T11:04:00,SIM,133.44
2020-01-05T11:05:00,SIM,133.03
2020-01-05T11:06:00,SIM,133.99
2020-01-05T11:07:00,SIM,134.07
2020-01-05T11:08:00,SIM,134.8
2020-01-05T11:09:00,SIM,135.2
2020-01-05T11:10:00,SIM,135.42
2020-01-05T11:11:00,SIM,134.69
2020-01-05T11:12:00,SIM,134.87
2020-01-05T11:13:00,SIM,134.93
2020-01-05T11:14:00,SIM,134.37
2020-01-05T11:15:00,SIM,134.7
2020-01-05T11:16:00,SIM,133.87
2020-01-05T11:17:00,SIM,134.15
2020-01-05T11:18:00,SIM,133.38
2020-01-05T11:19:00,SIM,133.77
2020-01-05T11:20:00,SIM,134.45
2020-01-05T11:21:00,SIM,135.36
2020-01-05T11:22:00,SIM,135.57
2020-01-05T11:23:00,SIM,136.1
2020-01-05T11:24:00,SIM,136.96
2020-01-05T11:25:00,SIM,136.61
2020-01-05T11:26:00,SIM,136.54
2020-01-05T11:27:00,SIM,136.8
2020-01-05T11:28:00,SIM,136.81
2020-01-05T11:29:00,SIM,136.05
2020-01-05T11:30:00,SIM,136.37
2020-01-05T11:31:00,SIM,136.73
2020-01-05T11:32:00,SIM,137.25
2020-01-05T11:33:00,SIM,138.17
2020-01-05T11:34:00,SIM,137.73
2020-01-05T11:35:00,SIM,137.81
2020-01-05T11:36:00,SIM,138.58
2020-01-05T11:37:00,SIM,138.76
2020-01-05T11:38:00,SIM,138.48
2020-01-05T11:39:00,SIM,138.24
2020-01-05T11:40:00,SIM,138.85
2020-01-05T11:41:00,SIM,138.02
2020-01-05T11:42:00,SIM,137.12
2020-01-05T11:43:00,SIM,136.37
2020-01-05T11:44:00,SIM,136.72
2020-01-05T11:45:00,SIM,137.18
2020-01-05T11:46:00,SIM,137.55
2020-01-05T11:47:00,SIM,138.21
2020-01-05T11:48:00,SIM,137.78
2020-01-05T11:49:00,SIM,138.43
2020-01-05T11:50:00,SIM,137.85
2020-01-05T11:51:00,SIM,137.4
2020-01-05T11:52:00,SIM,136.78
2020-01-05T11:53:00,SIM,137.76
2020-01-05T11:54:00,SIM,138.21
2020-01-05T11:55:00,SIM,138.25
2020-01-05T11:56:00,SIM,137.97
2020-01-05T11:57:00,SIM,137.33
2020-01-05T11:58:00,SIM,137.96
2020-01-05T11:59:00,SIM,137.04
2020-01-05T12:00:00,SIM,136.63
2020-01-05T12:01:00,SIM,136.37
2020-01-05T12:02:00,SIM,136.94
2020-01-05T12:03:00,SIM,137.42
2020-01-05T12:04:00,SIM,137.15
2020-01-05T12:05:00,SIM,136.61
2020-01-05T12:06:00,SIM,136.05
2020-01-05T12:07:00,SIM,136.74
2020-01-05T12:08:00,SIM,137.16
2020-01-05T12:09:00,SIM,137.81
2020-01-05T12:10:00,SIM,137.61
2020-01-05T12:11:00,SIM,136.88
2020-01-05T12:12:00,SIM,137.22
2020-01-05T12:13:00,SIM,137.45
2020-01-05T12:14:00,SIM,137.97
2020-01-05T12:15:00,SIM,137.08
2020-01-05T12:16:00,SIM,137.92
2020-01-05T12:17:00,SIM,138.12
2020-01-05T12:18:00,SIM,138.36
2020-01-05T12:19:00,SIM,137.58
2020-01-05T12:20:00,SIM,138.52
2020-01-05T12:21:00,SIM,137.9
2020-01-05T12:22:00,SIM,138.11
2020-01-05T12:23:00,SIM,137.82
2020-01-05T12:24:00,SIM,138.4
2020-01-05T12:25:00,SIM,138.6
2020-01-05T12:26:00,SIM,138.94
2020-01-05T12:27:00,SIM,139.87
2020-01-05T12:28:00,SIM,139.71
2020-01-05T12:29:00,SIM,139.32
2020-01-05T12:30:00,SIM,139.8
2020-01-05T12:31:00,SIM,140.13
2020-01-05T12:32:00,SIM,140.24
2020-01-05T12:33:00,SIM,140.81
2020-01-05T12:34:00,SIM,141.69
2020-01-05T12:35:00,SIM,141.95
2020-01-05T12:36:00,SIM,141.47
2020-01-05T12:37:00,SIM,141.66
2020-01-05T12:38:00,SIM,142.43
2020-01-05T12:39:00,SIM,143.06
2020-01-05T12:40:00,SIM,143.64
2020-01-05T12:41:00,SIM,143.61
2020-01-05T12:42:00,SIM,143.51
2020-01-05T12:43:00,SIM,143.97
2020-01-05T12:44:00,SIM,144.28
2020-01-05T12:45:00,SIM,143.51
2020-01-05T12:46:00,SIM,143.16
2020-01-05T12:47:00,SIM,143.47
2020-01-05T12:48:00,SIM,144.01
2020-01-05T12:49:00,SIM,144.59
2020-01-05T12:50:00,SIM,145.5
2020-01-05T12:51:00,SIM,145.53
2020-01-05T12:52:00,SIM,146.36
2020-01-05T12:53:00,SIM,145.85
2020-01-05T12:54:00,SIM,146.52
2020-01-05T12:55:00,SIM,147.36
2020-01-05T12:56:00,SIM,147.48
2020-01-05T12:57:00,SIM,146.85
2020-01-05T12:58:00,SIM,146.49
2020-01-05T12:59:00,SIM,146.6
2020-01-05T13:00:00,SIM,146.42
2020-01-05T13:01:00,SIM,146.17
2020-01-05T13:02:00,SIM,147.12
2020-01-05T13:03:00,SIM,147.29
2020-01-05T13:04:00,SIM,146.56
2020-01-05T13:05:00,SIM,146.26
2020-01-05T13:06:00,SIM,145.72
2020-01-05T13:07:00,SIM,146.38
2020-01-05T13:08:00,SIM,146.41
2020-01-05T13:09:00,SIM,146.98
2020-01-05T13:10:00,SIM,146.34
2020-01-05T13:11:00,SIM,146.32
2020-01-05T13:12:00,SIM,146.02
2020-01-05T13:13:00,SIM,146.46
2020-01-05T13:14:00,SIM,147.31
2020-01-05T13:15:00,SIM,147.69
2020-01-05T13:16:00,SIM,147.72
2020-01-05T13:17:00,SIM,147.41
2020-01-05T13:18:00,SIM,147.67
2020-01-05T13:19:00,SIM,147.98
2020-01-05T13:20:00,SIM,147.02
2020-01-05T13:21:00,SIM,147.3
2020-01-05T13:22:00,SIM,147.82
2020-01-05T13:23:00,SIM,147.33
2020-01-05T13:24:00,SIM,146.79
2020-01-05T13:25:00,SIM,146.08
2020-01-05T13:26:00,SIM,145.42
2020-01-05T13:27:00,SIM,146.25
2020-01-05T13:28:00,SIM,145.64
2020-01-05T13:29:00,SIM,146.07
2020-01-05T13:30:00,SIM,145.59
2020-01-05T13:31:00,SIM,145.89
2020-01-05T13:32:00,SIM,145.53
2020-01-05T13:33:00,SIM,145.28
2020-01-05T13:34:00,SIM,145.19
2020-01-05T13:35:00,SIM,144.9
2020-01-05T13:36:00,SIM,144.14
2020-01-05T13:37:00,SIM,144.72
2020-01-05T13:38:00,SIM,144.15
2020-01-05T13:39:00,SIM,144.35
2020-01-05T13:40:00,SIM,144.32
2020-01-05T13:41:00,SIM,144.26
2020-01-05T13:42:00,SIM,145.01
2020-01-05T13:43:00,SIM,145.38
2020-01-05T13:44:00,SIM,144.76
2020-01-05T13:45:00,SIM,145.63
2020-01-05T13:46:00,SIM,144.7
2020-01-05T13:47:00,SIM,143.98
2020-01-05T13:48:00,SIM,143.14
2020-01-05T13:49:00,SIM,143.01
2020-01-05T13:50:00,SIM,142.83
2020-01-05T13:51:00,SIM,142.16
2020-01-05T13:52:00,SIM,142.73
2020-01-05T13:53:00,SIM,142.85
2020-01-05T13:54:00,SIM,142.01
2020-01-05T13:55:00,SIM,141.27
2020-01-05T13:56:00,SIM,141.59
2020-01-05T13:57:00,SIM,141.7
2020-01-05T13:58:00,SIM,142.42
2020-01-05T13:59:00,SIM,143.36
2020-01-05T14:00:00,SIM,143.99
2020-01-05T14:01:00,SIM,144.0
2020-01-05T14:02:00,SIM,143.57
2020-01-05T14:03:00,SIM,143.51
2020-01-05T14:04:00,SIM,143.67
2020-01-05T14:05:00,SIM,143.36
2020-01-05T14:06:00,SIM,144.32
2020-01-05T14:07:00,SIM,144.83
2020-01-05T14:08:00,SIM,144.95
2020-01-05T14:09:00,SIM,145.05
2020-01-05T14:10:00,SIM,144.48
2020-01-05T14:11:00,SIM,143.72
2020-01-05T14:12:00,SIM,142.76
2020-01-05T14:13:00,SIM,143.71
2020-01-05T14:14:00,SIM,144.36
2020-01-05T14:15:00,SIM,144.68
2020-01-05T14:16:00,SIM,145.37
2020-01-05T14:17:00,SIM,144.47
2020-01-05T14:18:00,SIM,143.79
2020-01-05T14:19:00,SIM,143.24
2020-01-05T14:20:00,SIM,142.84
2020-01-05T14:21:00,SIM,142.49
2020-01-05T14:22:00,SIM,143.11
2020-01-05T14:23:00,SIM,142.59
2020-01-05T14:24:00,SIM,143.25
2020-01-05T14:25:00,SIM,142.87
2020-01-05T14:26:00,SIM,143.68
2020-01-05T14:27:00,SIM,144.34
2020-01-05T14:28:00,SIM,145.27
2020-01-05T14:29:00,SIM,146.03
2020-01-05T14:30:00,SIM,146.97
2020-01-05T14:31:00,SIM,146.84
2020-01-05T14:32:00,SIM,145.89
2020-01-05T14:33:00,SIM,146.35
2020-01-05T14:34:00,SIM,147.19
2020-01-05T14:35:00,SIM,148.08
2020-01-05T14:36:00,SIM,147.67
2020-01-05T14:37:00,SIM,147.29
2020-01-05T14:38:00,SIM,147.42
2020-01-05T14:39:00,SIM,147.76
2020-01-05T14:40:00,SIM,146.9
2020-01-05T14:41:00,SIM,146.42
2020-01-05T14:42:00,SIM,147.11
2020-01-05T14:43:00,SIM,146.3
2020-01-05T14:44:00,SIM,146.86
2020-01-05T14:45:00,SIM,147.54
2020-01-05T14:46:00,SIM,147.01
2020-01-05T14:47:00,SIM,146.37
2020-01-05T14:48:00,SIM,147.04
2020-01-05T14:49:00,SIM,147.54
2020-01-05T14:50:00,SIM,146.92
2020-01-05T14:51:00,SIM,146.6
2020-01-05T14:52:00,SIM,146.37
2020-01-05T14:53:00,SIM,145.46
2020-01-05T14:54:00,SIM,145.42
2020-01-05T14:55:00,SIM,145.49
2020-01-05T14:56:00,SIM,145.28
2020-01-05T14:57:00,SIM,144.94
2020-01-05T14:58:00,SIM,145.24
2020-01-05T14:59:00,SIM,144.56
2020-01-05T15:00:00,SIM,144.54
2020-01-05T15:01:00,SIM,144.85
2020-01-05T15:02:00,SIM,145.53
2020-01-05T15:03:00,SIM,145.98
2020-01-05T15:04:00,SIM,145.92
2020-01-05T15:05:00,SIM,146.53
2020-01-05T15:06:00,SIM,145.79
2020-01-05T15:07:00,SIM,146.08
2020-01-05T15:08:00,SIM,146.61
2020-01-05T15:09:00,SIM,146.84
2020-01-05T15:10:00,SIM,146.33
2020-01-05T15:11:00,SIM,146.16
2020-01-05T15:12:00,SIM,146.82
2020-01-05T15:13:00,SIM,147.13
2020-01-05T15:14:00,SIM,147.58
2020-01-05T15:15:00,SIM,148.55
2020-01-05T15:16:00,SIM,147.74
2020-01-05T15:17:00,SIM,146.79
2020-01-05T15:18:00,SIM,146.79
2020-01-05T15:19:00,SIM,146.14
2020-01-05T15:20:00,SIM,146.66
2020-01-05T15:21:00,SIM,147.01
2020-01-05T15:22:00,SIM,146.66
2020-01-05T15:23:00,SIM,146.57
2020-01-05T15:24:00,SIM,146.08
2020-01-05T15:25:00,SIM,146.83
2020-01-05T15:26:00,SIM,147.18
2020-01-05T15:27:00,SIM,147.73
2020-01-05T15:28:00,SIM,147.32
2020-01-05T15:29:00,SIM,148.01
2020-01-05T15:30:00,SIM,148.82
2020-01-05T15:31:00,SIM,149.7
2020-01-05T15:32:00,SIM,150.45
2020-01-05T15:33:00,SIM,150.1
2020-01-05T15:34:00,SIM,149.48
2020-01-05T15:35:00,SIM,149.63
2020-01-05T15:36:00,SIM,149.92
2020-01-05T15:37:00,SIM,149.08
2020-01-05T15:38:00,SIM,148.46
2020-01-05T15:39:00,SIM,148.22
2020-01-05T15:40:00,SIM,147.39
2020-01-05T15:41:00,SIM,147.38
2020-01-05T15:42:00,SIM,146.4
2020-01-05T15:43:00,SIM,146.78
2020-01-05T15:44:00,SIM,146.35
2020-01-05T15:45:00,SIM,146.49
2020-01-05T15:46:00,SIM,147.18
2020-01-05T15:47:00,SIM,147.28
2020-01-05T15:48:00,SIM,146.81
2020-01-05T15:49:00,SIM,147.11
2020-01-05T15:50:00,SIM,146.16
2020-01-05T15:51:00,SIM,146.4
2020-01-05T15:52:00,SIM,145.81
2020-01-05T15:53:00,SIM,145.44
2020-01-05T15:54:00,SIM,145.39
2020-01-05T15:55:00,SIM,145.7
2020-01-05T15:56:00,SIM,145.08
2020-01-05T15:57:00,SIM,144.44
2020-01-05T15:58:00,SIM,144.21
2020-01-05T15:59:00,SIM,144.85
2020-01-05T16:00:00,SIM,145.5
2020-01-05T16:01:00,SIM,144.54
2020-01-05T16:02:00,SIM,145.06
2020-01-05T16:03:00,SIM,145.92
2020-01-05T16:04:00,SIM,146.9
2020-01-05T16:05:00,SIM,147.32
2020-01-05T16:06:00,SIM,146.97
2020-01-05T16:07:00,SIM,147.21
2020-01-05T16:08:00,SIM,146.8
2020-01-05T16:09:00,SIM,145.98
2020-01-05T16:10:00,SIM,145.89
2020-01-05T16:11:00,SIM,145.05
2020-01-05T16:12:00,SIM,145.27
2020-01-05T16:13:00,SIM,146.14
2020-01-05T16:14:00,SIM,146.84
2020-01-05T16:15:00,SIM,147.35
2020-01-05T16:16:00,SIM,146.89
2020-01-05T16:17:00,SIM,147.39
2020-01-05T16:18:00,SIM,147.69
2020-01-05T16:19:00,SIM,147.01
2020-01-05T16:20:00,SIM,147.81
2020-01-05T16:21:00,SIM,148.14
2020-01-05T16:22:00,SIM,148.44
2020-01-05T16:23:00,SIM,149.38
2020-01-05T16:24:00,SIM,148.59
2020-01-05T16:25:00,SIM,148.57
2020-01-05T16:26:00,SIM,149.07
2020-01-05T16:27:00,SIM,148.31
2020-01-05T16:28:00,SIM,149.29
2020-01-05T16:29:00,SIM,149.9
2020-01-05T16:30:00,SIM,150.21
2020-01-05T16:31:00,SIM,149.26
2020-01-05T16:32:00,SIM,149.17
2020-01-05T16:33:00,SIM,148.44
2020-01-05T16:34:00,SIM,147.51
2020-01-05T16:35:00,SIM,148.51
2020-01-05T16:36:00,SIM,148.65
2020-01-05T16:37:00,SIM,148.75
2020-01-05T16:38:00,SIM,149.15
2020-01-05T16:39:00,SIM,149.1
2020-01-05T16:40:00,SIM,149.79
2020-01-05T16:41:00,SIM,150.57
2020-01-05T16:42:00,SIM,150.15
2020-01-05T16:43:00,SIM,150.92
2020-01-05T16:44:00,SIM,150.88
2020-01-05T16:45:00,SIM,150.51
2020-01-05T16:46:00,SIM,149.96
2020-01-05T16:47:00,SIM,149.92
2020-01-05T16:48:00,SIM,149.98
2020-01-05T16:49:00,SIM,150.73
2020-01-05T16:50:00,SIM,151.66
2020-01-05T16:51:00,SIM,150.7
2020-01-05T16:52:00,SIM,150.79
2020-01-05T16:53:00,SIM,150.42
2020-01-05T16:54:00,SIM,149.79
2020-01-05T16:55:00,SIM,150.22
2020-01-05T16:56:00,SIM,150.61
2020-01-05T16:57:00,SIM,150.04
2020-01-05T16:58:00,SIM,150.6
2020-01-05T16:59:00,SIM,149.81
2020-01-05T17:00:00,SIM,149.54
2020-01-05T17:01:00,SIM,149.73
2020-01-05T17:02:00,SIM,150.43
2020-01-05T17:03:00,SIM,151.4
2020-01-05T17:04:00,SIM,151.1
2020-01-05T17:05:00,SIM,150.9
2020-01-05T17:06:00,SIM,150.93
2020-01-05T17:07:00,SIM,150.1
2020-01-05T17:08:00,SIM,150.51
2020-01-05T17:09:00,SIM,150.19
2020-01-05T17:10:00,SIM,150.89
2020-01-05T17:11:00,SIM,151.56
2020-01-05T17:12:00,SIM,151.31
2020-01-05T17:13:00,SIM,151.86
2020-01-05T17:14:00,SIM,152.0
2020-01-05T17:15:00,SIM,152.54
2020-01-05T17:16:00,SIM,152.09
2020-01-05T17:17:00,SIM,152.52
2020-01-05T17:18:00,SIM,153.21
2020-01-05T17:19:00,SIM,152.27
2020-01-05T17:20:00,SIM,151.33
2020-01-05T17:21:00,SIM,151.02
2020-01-05T17:22:00,SIM,150.58
2020-01-05T17:23:00,SIM,151.32
2020-01-05T17:24:00,SIM,151.59
2020-01-05T17:25:00,SIM,152.57
2020-01-05T17:26:00,SIM,151.81
2020-01-05T17:27:00,SIM,152.23
2020-01-05T17:28:00,SIM,152.18
2020-01-05T17:29:00,SIM,153.12
2020-01-05T17:30:00,SIM,153.04
2020-01-05T17:31:00,SIM,152.7
2020-01-05T17:32:00,SIM,152.74
2020-01-05T17:33:00,SIM,152.51
2020-01-05T17:34:00,SIM,152.78
2020-01-05T17:35:00,SIM,152.7
2020-01-05T17:36:00,SIM,151.78
2020-01-05T17:37:00,SIM,152.19
2020-01-05T17:38:00,SIM,152.05
2020-01-05T17:39:00,SIM,151.16
2020-01-05T17:40:00,SIM,151.98
2020-01-05T17:41:00,SIM,152.43
2020-01-05T17:42:00,SIM,152.09
2020-01-05T17:43:00,SIM,151.31
2020-01-05T17:44:00,SIM,151.39
2020-01-05T17:45:00,SIM,150.89
2020-01-05T17:46:00,SIM,150.88
2020-01-05T17:47:00,SIM,150.18
2020-01-05T17:48:00,SIM,150.79
2020-01-05T17:49:00,SIM,151.1
2020-01-05T17:50:00,SIM,151.99
2020-01-05T17:51:00,SIM,151.06
2020-01-05T17:52:00,SIM,150.42
2020-01-05T17:53:00,SIM,149.95
2020-01-05T17:54:00,SIM,149.55
2020-01-05T17:55:00,SIM,150.37
2020-01-05T17:56:00,SIM,150.71
2020-01-05T17:57:00,SIM,151.02
2020-01-05T17:58:00,SIM,151.51
2020-01-05T17:59:00,SIM,152.11
2020-01-05T18:00:00,SIM,152.19
2020-01-05T18:01:00,SIM,151.29
2020-01-05T18:02:00,SIM,150.55
2020-01-05T18:03:00,SIM,150.01
2020-01-05T18:04:00,SIM,149.92
2020-01-05T18:05:00,SIM,149.53
2020-01-05T18:06:00,SIM,149.26
2020-01-05T18:07:00,SIM,148.95
2020-01-05T18:08:00,SIM,148.41
2020-01-05T18:09:00,SIM,149.22
2020-01-05T18:10:00,SIM,149.79
2020-01-05T18:11:00,SIM,150.34
2020-01-05T18:12:00,SIM,149.49
2020-01-05T18:13:00,SIM,150.01
2020-01-05T18:14:00,SIM,150.14
2020-01-05T18:15:00,SIM,151.1
2020-01-05T18:16:00,SIM,150.84
2020-01-05T18:17:00,SIM,151.32
2020-01-05T18:18:00,SIM,151.7
2020-01-05T18:19:00,SIM,150.94
2020-01-05T18:20:00,SIM,151.66
2020-01-05T18:21:00,SIM,152.57
2020-01-05T18:22:00,SIM,153.45
2020-01-05T18:23:00,SIM,153.43
2020-01-05T18:24:00,SIM,153.45
2020-01-05T18:25:00,SIM,152.81
2020-01-05T18:26:00,SIM,152.07
2020-01-05T18:27:00,SIM,151.6
2020-01-05T18:28:00,SIM,151.72
2020-01-05T18:29:00,SIM,151.19
2020-01-05T18:30:00,SIM,151.68
2020-01-05T18:31:00,SIM,152.53
2020-01-05T18:32:00,SIM,152.21
2020-01-05T18:33:00,SIM,151.94
2020-01-05T18:34:00,SIM,151.17
2020-01-05T18:35:00,SIM,150.25
2020-01-05T18:36:00,SIM,149.66
2020-01-05T18:37:00,SIM,150.12
2020-01-05T18:38:00,SIM,150.45
2020-01-05T18:39:00,SIM,150.19
2020-01-05T18:40:00,SIM,149.31
2020-01-05T18:41:00,SIM,148.93
2020-01-05T18:42:00,SIM,149.19
2020-01-05T18:43:00,SIM,149.8
2020-01-05T18:44:00,SIM,150.52
2020-01-05T18:45:00,SIM,150.31
2020-01-05T18:46:00,SIM,149.35
2020-01-05T18:47:00,SIM,148.51
2020-01-05T18:48:00,SIM,149.48
2020-01-05T18:49:00,SIM,150.19
2020-01-05T18:50:00,SIM,149.71
2020-01-05T18:51:00,SIM,149.75
2020-01-05T18:52:00,SIM,149.42
2020-01-05T18:53:00,SIM,148.47
2020-01-05T18:54:00,SIM,149.46
2020-01-05T18:55:00,SIM,149.64
2020-01-05T18:56:00,SIM,150.49
2020-01-05T18:57:00,SIM,149.73
2020-01-05T18:58:00,SIM,148.94
2020-01-05T18:59:00,SIM,147.99
2020-01-05T19:00:00,SIM,147.87
2020-01-05T19:01:00,SIM,148.85
2020-01-05T19:02:00,SIM,149.64
2020-01-05T19:03:00,SIM,149.81
2020-01-05T19:04:00,SIM,149.8
2020-01-05T19:05:00,SIM,150.37
2020-01-05T19:06:00,SIM,149.82
2020-01-05T19:07:00,SIM,149.04
2020-01-05T19:08:00,SIM,149.15
2020-01-05T19:09:00,SIM,148.36
2020-01-05T19:10:00,SIM,148.26
2020-01-05T19:11:00,SIM,148.81
2020-01-05T19:12:00,SIM,147.98
2020-01-05T19:13:00,SIM,147.77
2020-01-05T19:14:00,SIM,148.46
2020-01-05T19:15:00,SIM,148.86
2020-01-05T19:16:00,SIM,149.04
2020-01-05T19:17:00,SIM,149.42
2020-01-05T19:18:00,SIM,149.71
2020-01-05T19:19:00,SIM,149.99
2020-01-05T19:20:00,SIM,149.68
2020-01-05T19:21:00,SIM,150.08
2020-01-05T19:22:00,SIM,150.49
2020-01-05T19:23:00,SIM,149.8
2020-01-05T19:24:00,SIM,149.66
2020-01-05T19:25:00,SIM,149.25
2020-01-05T19:26:00,SIM,149.03
2020-01-05T19:27:00,SIM,150.01
2020-01-05T19:28:00,SIM,149.91
2020-01-05T19:29:00,SIM,148.99
2020-01-05T19:30:00,SIM,149.77
2020-01-05T19:31:00,SIM,149.69
2020-01-05T19:32:00,SIM,148.87
2020-01-05T19:33:00,SIM,148.08
2020-01-05T19:34:00,SIM,148.65
2020-01-05T19:35:00,SIM,149.26
2020-01-05T19:36:00,SIM,148.36
2020-01-05T19:37:00,SIM,148.79
2020-01-05T19:38:00,SIM,149.62
2020-01-05T19:39:00,SIM,148.88
2020-01-05T19:40:00,SIM,148.31
2020-01-05T19:41:00,SIM,147.74
2020-01-05T19:42:00,SIM,148.61
2020-01-05T19:43:00,SIM,148.02
2020-01-05T19:44:00,SIM,148.64
2020-01-05T19:45:00,SIM,149.41
2020-01-05T19:46:00,SIM,148.68
2020-01-05T19:47:00,SIM,148.04
2020-01-05T19:48:00,SIM,147.7
2020-01-05T19:49:00,SIM,147.4
2020-01-05T19:50:00,SIM,148.12
2020-01-05T19:51:00,SIM,147.45
2020-01-05T19:52:00,SIM,147.51
2020-01-05T19:53:00,SIM,148.36
2020-01-05T19:54:00,SIM,147.73
2020-01-05T19:55:00,SIM,147.33
2020-01-05T19:56:00,SIM,148.03
2020-01-05T19:57:00,SIM,147.73
2020-01-05T19:58:00,SIM,147.26
2020-01-05T19:59:00,SIM,146.4
2020-01-05T20:00:00,SIM,146.34
2020-01-05T20:01:00,SIM,146.39
2020-01-05T20:02:00,SIM,145.46
2020-01-05T20:03:00,SIM,145.94
2020-01-05T20:04:00,SIM,146.54
2020-01-05T20:05:00,SIM,147.42
2020-01-05T20:06:00,SIM,147.8
2020-01-05T20:07:00,SIM,147.9
2020-01-05T20:08:00,SIM,147.71
2020-01-05T20:09:00,SIM,148.34
2020-01-05T20:10:00,SIM,149.18
2020-01-05T20:11:00,SIM,149.03
2020-01-05T20:12:00,SIM,148.07
2020-01-05T20:13:00,SIM,147.23
2020-01-05T20:14:00,SIM,147.26
2020-01-05T20:15:00,SIM,147.32
2020-01-05T20:16:00,SIM,148.29
2020-01-05T20:17:00,SIM,148.47
2020-01-05T20:18:00,SIM,148.63
2020-01-05T20:19:00,SIM,148.68
2020-01-05T20:20:00,SIM,148.53
2020-01-05T20:21:00,SIM,147.85
2020-01-05T20:22:00,SIM,147.47
2020-01-05T20:23:00,SIM,147.19
2020-01-05T20:24:00,SIM,147.08
2020-01-05T20:25:00,SIM,146.37
2020-01-05T20:26:00,SIM,146.02
2020-01-05T20:27:00,SIM,146.1
2020-01-05T20:28:00,SIM,145.6
2020-01-05T20:29:00,SIM,146.41
2020-01-05T20:30:00,SIM,146.94
2020-01-05T20:31:00,SIM,147.34
2020-01-05T20:32:00,SIM,146.41
2020-01-05T20:33:00,SIM,145.52
2020-01-05T20:34:00,SIM,145.42
2020-01-05T20:35:00,SIM,145.13
2020-01-05T20:36:00,SIM,145.9
2020-01-05T20:37:00,SIM,145.5
2020-01-05T20:38:00,SIM,145.59
2020-01-05T20:39:00,SIM,145.16
2020-01-05T20:40:00,SIM,144.31
2020-01-05T20:41:00,SIM,144.22
2020-01-05T20:42:00,SIM,143.52
2020-01-05T20:43:00,SIM,142.53
2020-01-05T20:44:00,SIM,142.69
2020-01-05T20:45:00,SIM,142.97
2020-01-05T20:46:00,SIM,142.91
2020-01-05T20:47:00,SIM,142.13
2020-01-05T20:48:00,SIM,141.7
2020-01-05T20:49:00,SIM,140.91
2020-01-05T20:50:00,SIM,140.65
2020-01-05T20:51:00,SIM,140.66
2020-01-05T20:52:00,SIM,141.51
2020-01-05T20:53:00,SIM,140.76
2020-01-05T20:54:00,SIM,140.86
2020-01-05T20:55:00,SIM,140.79
2020-01-05T20:56:00,SIM,141.47
2020-01-05T20:57:00,SIM,141.14
2020-01-05T20:58:00,SIM,140.86
2020-01-05T20:59:00,SIM,140.24
2020-01-05T21:00:00,SIM,139.63
2020-01-05T21:01:00,SIM,139.15
2020-01-05T21:02:00,SIM,138.3
2020-01-05T21:03:00,SIM,138.56
2020-01-05T21:04:00,SIM,138.23
2020-01-05T21:05:00,SIM,137.4
2020-01-05T21:06:00,SIM,136.9
2020-01-05T21:07:00,SIM,136.45
2020-01-05T21:08:00,SIM,137.0
2020-01-05T21:09:00,SIM,137.53
2020-01-05T21:10:00,SIM,137.1
2020-01-05T21:11:00,SIM,136.13
2020-01-05T21:12:00,SIM,135.24
2020-01-05T21:13:00,SIM,135.94
2020-01-05T21:14:00,SIM,135.57
2020-01-05T21:15:00,SIM,135.53
2020-01-05T21:16:00,SIM,135.84
2020-01-05T21:17:00,SIM,136.33
2020-01-05T21:18:00,SIM,137.23
2020-01-05T21:19:00,SIM,138.18
2020-01-05T21:20:00,SIM,137.61
2020-01-05T21:21:00,SIM,137.43
2020-01-05T21:22:00,SIM,138.32
2020-01-05T21:23:00,SIM,138.11
2020-01-05T21:24:00,SIM,138.43
2020-01-05T21:25:00,SIM,138.87
2020-01-05T21:26:00,SIM,138.33
2020-01-05T21:27:00,SIM,137.41
2020-01-05T21:28:00,SIM,137.37
2020-01-05T21:29:00,SIM,136.83
2020-01-05T21:30:00,SIM,137.2
2020-01-05T21:31:00,SIM,138.0
2020-01-05T21:32:00,SIM,137.29
2020-01-05T21:33:00,SIM,137.43
2020-01-05T21:34:00,SIM,138.21
2020-01-05T21:35:00,SIM,137.65
2020-01-05T21:36:00,SIM,138.58
2020-01-05T21:37:00,SIM,137.8
2020-01-05T21:38:00,SIM,138.24
2020-01-05T21:39:00,SIM,138.26
2020-01-05T21:40:00,SIM,137.56
2020-01-05T21:41:00,SIM,138.37
2020-01-05T21:42:00,SIM,139.3
2020-01-05T21:43:00,SIM,139.23
2020-01-05T21:44:00,SIM,139.33
2020-01-05T21:45:00,SIM,139.63
2020-01-05T21:46:00,SIM,140.18
2020-01-05T21:47:00,SIM,139.65
2020-01-05T21:48:00,SIM,138.68
2020-01-05T21:49:00,SIM,139.58
2020-01-05T21:50:00,SIM,138.81
2020-01-05T21:51:00,SIM,139.24
2020-01-05T21:52:00,SIM,139.45
2020-01-05T21:53:00,SIM,138.74
2020-01-05T21:54:00,SIM,139.71
2020-01-05T21:55:00,SIM,139.02
2020-01-05T21:56:00,SIM,138.32
2020-01-05T21:57:00,SIM,138.15
2020-01-05T21:58:00,SIM,139.1
2020-01-05T21:59:00,SIM,139.47
2020-01-05T22:00:00,SIM,138.98
2020-01-05T22:01:00,SIM,139.22
2020-01-05T22:02:00,SIM,140.17
2020-01-05T22:03:00,SIM,139.85
2020-01-05T22:04:00,SIM,139.81
2020-01-05T22:05:00,SIM,138.91
2020-01-05T22:06:00,SIM,138.15
2020-01-05T22:07:00,SIM,138.92
2020-01-05T22:08:00,SIM,139.68
2020-01-05T22:09:00,SIM,139.25
2020-01-05T22:10:00,SIM,140.08
2020-01-05T22:11:00,SIM,140.09
2020-01-05T22:12:00,SIM,140.63
2020-01-05T22:13:00,SIM,141.31
2020-01-05T22:14:00,SIM,141.66
2020-01-05T22:15:00,SIM,142.66
2020-01-05T22:16:00,SIM,143.05
2020-01-05T22:17:00,SIM,143.54
2020-01-05T22:18:00,SIM,144.26
2020-01-05T22:19:00,SIM,144.41
2020-01-05T22:20:00,SIM,144.27
2020-01-05T22:21:00,SIM,143.94
2020-01-05T22:22:00,SIM,143.03
2020-01-05T22:23:00,SIM,143.5
2020-01-05T22:24:00,SIM,142.71
2020-01-05T22:25:00,SIM,141.76
2020-01-05T22:26:00,SIM,140.97
2020-01-05T22:27:00,SIM,140.27
2020-01-05T22:28:00,SIM,140.01
2020-01-05T22:29:00,SIM,140.45
2020-01-05T22:30:00,SIM,141.1
2020-01-05T22:31:00,SIM,141.55
2020-01-05T22:32:00,SIM,141.84
2020-01-05T22:33:00,SIM,141.88
2020-01-05T22:34:00,SIM,142.78
2020-01-05T22:35:00,SIM,141.82
2020-01-05T22:36:00,SIM,141.94
2020-01-05T22:37:00,SIM,141.17
2020-01-05T22:38:00,SIM,140.5
2020-01-05T22:39:00,SIM,140.55
2020-01-05T22:40:00,SIM,141.33
2020-01-05T22:41:00,SIM,140.68
2020-01-05T22:42:00,SIM,140.83
2020-01-05T22:43:00,SIM,140.06
2020-01-05T22:44:00,SIM,139.67
2020-01-05T22:45:00,SIM,140.45
2020-01-05T22:46:00,SIM,141.38
2020-01-05T22:47:00,SIM,142.36
2020-01-05T22:48:00,SIM,142.71
2020-01-05T22:49:00,SIM,141.83
2020-01-05T22:50:00,SIM,142.58
2020-01-05T22:51:00,SIM,142.26
2020-01-05T22:52:00,SIM,143.19
2020-01-05T22:53:00,SIM,143.61
2020-01-05T22:54:00,SIM,144.25
2020-01-05T22:55:00,SIM,143.56
2020-01-05T22:56:00,SIM,143.52
2020-01-05T22:57:00,SIM,143.91
2020-01-05T22:58:00,SIM,144.81
2020-01-05T22:59:00,SIM,145.03
2020-01-05T23:00:00,SIM,144.66
2020-01-05T23:01:00,SIM,143.86
2020-01-05T23:02:00,SIM,143.0
2020-01-05T23:03:00,SIM,142.15
2020-01-05T23:04:00,SIM,142.21
2020-01-05T23:05:00,SIM,141.9
2020-01-05T23:06:00,SIM,141.71
2020-01-05T23:07:00,SIM,141.36
2020-01-05T23:08:00,SIM,141.87
2020-01-05T23:09:00,SIM,141.24
2020-01-05T23:10:00,SIM,141.7
2020-01-05T23:11:00,SIM,142.65
2020-01-05T23:12:00,SIM,142.51
2020-01-05T23:13:00,SIM,142.29
2020-01-05T23:14:00,SIM,141.46
2020-01-05T23:15:00,SIM,142.32
2020-01-05T23:16:00,SIM,141.85
2020-01-05T23:17:00,SIM,141.65
2020-01-05T23:18:00,SIM,141.08
2020-01-05T23:19:00,SIM,141.44
2020-01-05T23:20:00,SIM,142.38
2020-01-05T23:21:00,SIM,143.32
2020-01-05T23:22:00,SIM,144.17
2020-01-05T23:23:00,SIM,144.83
2020-01-05T23:24:00,SIM,145.27
2020-01-05T23:25:00,SIM,145.84
2020-01-05T23:26:00,SIM,145.93
2020-01-05T23:27:00,SIM,146.32
2020-01-05T23:28:00,SIM,146.64
2020-01-05T23:29:00,SIM,145.78
2020-01-05T23:30:00,SIM,146.57
2020-01-05T23:31:00,SIM,147.27
2020-01-05T23:32:00,SIM,147.96
2020-01-05T23:33:00,SIM,147.07
2020-01-05T23:34:00,SIM,147.06
2020-01-05T23:35:00,SIM,146.93
2020-01-05T23:36:00,SIM,146.54
2020-01-05T23:37:00,SIM,147.49
2020-01-05T23:38:00,SIM,146.96
2020-01-05T23:39:00,SIM,146.81
2020-01-05T23:40:00,SIM,146.63
2020-01-05T23:41:00,SIM,147.21
2020-01-05T23:42:00,SIM,146.89
2020-01-05T23:43:00,SIM,147.73
2020-01-05T23:44:00,SIM,148.07
2020-01-05T23:45:00,SIM,147.28
2020-01-05T23:46:00,SIM,147.61
2020-01-05T23:47:00,SIM,147.7
2020-01-05T23:48:00,SIM,147.2
2020-01-05T23:49:00,SIM,146.56
2020-01-05T23:50:00,SIM,146.94
2020-01-05T23:51:00,SIM,147.51
2020-01-05T23:52:00,SIM,147.69
2020-01-05T23:53:00,SIM,147.99
2020-01-05T23:54:00,SIM,147.49
2020-01-05T23:55:00,SIM,146.69
2020-01-05T23:56:00,SIM,145.7
2020-01-05T23:57:00,SIM,145.25
2020-01-05T23:58:00,SIM,144.86
2020-01-05T23:59:00,SIM,144.4
2020-01-06T00:00:00,SIM,144.42
2020-01-06T00:01:00,SIM,144.5
2020-01-06T00:02:00,SIM,144.56
2020-01-06T00:03:00,SIM,144.63
2020-01-06T00:04:00,SIM,144.09
2020-01-06T00:05:00,SIM,143.86
2020-01-06T00:06:00,SIM,144.26
2020-01-06T00:07:00,SIM,144.99
2020-01-06T00:08:00,SIM,145.09
2020-01-06T00:09:00,SIM,145.31
2020-01-06T00:10:00,SIM,144.64
2020-01-06T00:11:00,SIM,143.72
2020-01-06T00:12:00,SIM,143.26
2020-01-06T00:13:00,SIM,142.32
2020-01-06T00:14:00,SIM,142.39
2020-01-06T00:15:00,SIM,142.8
2020-01-06T00:16:00,SIM,143.32
2020-01-06T00:17:00,SIM,143.86
2020-01-06T00:18:00,SIM,144.76
2020-01-06T00:19:00,SIM,145.63
2020-01-06T00:20:00,SIM,145.52
2020-01-06T00:21:00,SIM,144.71
2020-01-06T00:22:00,SIM,145.43
2020-01-06T00:23:00,SIM,144.87
2020-01-06T00:24:00,SIM,145.37
2020-01-06T00:25:00,SIM,144.98
2020-01-06T00:26:00,SIM,145.78
2020-01-06T00:27:00,SIM,146.71
2020-01-06T00:28:00,SIM,145.87
2020-01-06T00:29:00,SIM,144.99
2020-01-06T00:30:00,SIM,145.03
2020-01-06T00:31:00,SIM,145.35
2020-01-06T00:32:00,SIM,145.31
2020-01-06T00:33:00,SIM,144.62
2020-01-06T00:34:00,SIM,144.31
2020-01-06T00:35:00,SIM,144.57
2020-01-06T00:36:00,SIM,145.27
2020-01-06T00:37:00,SIM,144.68
2020-01-06T00:38:00,SIM,145.61
2020-01-06T00:39:00,SIM,146.19
2020-01-06T00:40:00,SIM,146.18
2020-01-06T00:41:00,SIM,145.85
2020-01-06T00:42:00,SIM,145.6
2020-01-06T00:43:00,SIM,146.25
2020-01-06T00:44:00,SIM,146.31
2020-01-06T00:45:00,SIM,146.72
2020-01-06T00:46:00,SIM,146.13
2020-01-06T00:47:00,SIM,145.98
2020-01-06T00:48:00,SIM,146.48
2020-01-06T00:49:00,SIM,146.8
2020-01-06T00:50:00,SIM,146.2
2020-01-06T00:51:00,SIM,146.84
2020-01-06T00:52:00,SIM,146.03
2020-01-06T00:53:00,SIM,145.61
2020-01-06T00:54:00,SIM,145.95
2020-01-06T00:55:00,SIM,145.72
2020-01-06T00:56:00,SIM,146.1
2020-01-06T00:57:00,SIM,146.31
2020-01-06T00:58:00,SIM,145.95
2020-01-06T00:59:00,SIM,146.61
2020-01-06T01:00:00,SIM,147.24
2020-01-06T01:01:00,SIM,148.21
2020-01-06T01:02:00,SIM,148.55
2020-01-06T01:03:00,SIM,148.8
2020-01-06T01:04:00,SIM,148.27
2020-01-06T01:05:00,SIM,148.35
2020-01-06T01:06:00,SIM,148.76
2020-01-06T01:07:00,SIM,147.91
2020-01-06T01:08:00,SIM,146.99
2020-01-06T01:09:00,SIM,146.68
2020-01-06T01:10:00,SIM,145.72
2020-01-06T01:11:00,SIM,145.27
2020-01-06T01:12:00,SIM,145.39
2020-01-06T01:13:00,SIM,145.7
2020-01-06T01:14:00,SIM,145.35
2020-01-06T01:15:00,SIM,146.22
2020-01-06T01:16:00,SIM,146.25
2020-01-06T01:17:00,SIM,145.44
2020-01-06T01:18:00,SIM,144.74
2020-01-06T01:19:00,SIM,145.33
2020-01-06T01:20:00,SIM,145.49
2020-01-06T01:21:00,SIM,144.72
2020-01-06T01:22:00,SIM,145.27
2020-01-06T01:23:00,SIM,145.46
2020-01-06T01:24:00,SIM,144.72
2020-01-06T01:25:00,SIM,145.04
2020-01-06T01:26:00,SIM,145.72
2020-01-06T01:27:00,SIM,144.8
2020-01-06T01:28:00,SIM,145.48
2020-01-06T01:29:00,SIM,146.02
2020-01-06T01:30:00,SIM,146.89
2020-01-06T01:31:00,SIM,147.78
2020-01-06T01:32:00,SIM,148.35
2020-01-06T01:33:00,SIM,147.94
2020-01-06T01:34:00,SIM,147.44
2020-01-06T01:35:00,SIM,147.05
2020-01-06T01:36:00,SIM,146.86
2020-01-06T01:37:00,SIM,146.56
2020-01-06T01:38:00,SIM,146.51
2020-01-06T01:39:00,SIM,146.57
2020-01-06T01:40:00,SIM,146.29
2020-01-06T01:41:00,SIM,145.42
2020-01-06T01:42:00,SIM,145.99
2020-01-06T01:43:00,SIM,145.46
2020-01-06T01:44:00,SIM,145.64
2020-01-06T01:45:00,SIM,145.6
2020-01-06T01:46:00,SIM,144.6
2020-01-06T01:47:00,SIM,144.84
2020-01-06T01:48:00,SIM,144.57
2020-01-06T01:49:00,SIM,145.38
2020-01-06T01:50:00,SIM,145.42
2020-01-06T01:51:00,SIM,146.38
2020-01-06T01:52:00,SIM,145.5
2020-01-06T01:53:00,SIM,144.65
2020-01-06T01:54:00,SIM,144.64
2020-01-06T01:55:00,SIM,145.43
2020-01-06T01:56:00,SIM,146.35
2020-01-06T01:57:00,SIM,146.95
2020-01-06T01:58:00,SIM,147.77
2020-01-06T01:59:00,SIM,147.95
2020-01-06T02:00:00,SIM,147.54
2020-01-06T02:01:00,SIM,147.65
2020-01-06T02:02:00,SIM,147.64
2020-01-06T02:03:00,SIM,146.64
2020-01-06T02:04:00,SIM,146.03
2020-01-06T02:05:00,SIM,145.5
2020-01-06T02:06:00,SIM,144.5
2020-01-06T02:07:00,SIM,145.18
2020-01-06T02:08:00,SIM,145.36
2020-01-06T02:09:00,SIM,145.13
2020-01-06T02:10:00,SIM,144.24
2020-01-06T02:11:00,SIM,144.42
2020-01-06T02:12:00,SIM,143.63
2020-01-06T02:13:00,SIM,143.38
2020-01-06T02:14:00,SIM,142.7
2020-01-06T02:15:00,SIM,142.73
2020-01-06T02:16:00,SIM,141.97
2020-01-06T02:17:00,SIM,141.4
2020-01-06T02:18:00,SIM,142.25
2020-01-06T02:19:00,SIM,142.77
2020-01-06T02:20:00,SIM,142.24
2020-01-06T02:21:00,SIM,142.44
2020-01-06T02:22:00,SIM,142.95
2020-01-06T02:23:00,SIM,142.51
2020-01-06T02:24:00,SIM,141.73
2020-01-06T02:25:00,SIM,141.94
2020-01-06T02:26:00,SIM,141.72
2020-01-06T02:27:00,SIM,141.76
2020-01-06T02:28:00,SIM,140.77
2020-01-06T02:29:00,SIM,139.91
2020-01-06T02:30:00,SIM,140.09
2020-01-06T02:31:00,SIM,139.36
2020-01-06T02:32:00,SIM,138.76
2020-01-06T02:33:00,SIM,138.53
2020-01-06T02:34:00,SIM,138.73
2020-01-06T02:35:00,SIM,138.66
2020-01-06T02:36:00,SIM,139.15
2020-01-06T02:37:00,SIM,139.49
2020-01-06T02:38:00,SIM,139.8
2020-01-06T02:39:00,SIM,139.41
2020-01-06T02:40:00,SIM,139.98
2020-01-06T02:41:00,SIM,140.59
2020-01-06T02:42:00,SIM,140.52
2020-01-06T02:43:00,SIM,140.23
2020-01-06T02:44:00,SIM,140.24
2020-01-06T02:45:00,SIM,140.04
2020-01-06T02:46:00,SIM,139.76
2020-01-06T02:47:00,SIM,138.93
2020-01-06T02:48:00,SIM,138.69
2020-01-06T02:49:00,SIM,138.58
2020-01-06T02:50:00,SIM,138.45
2020-01-06T02:51:00,SIM,137.77
2020-01-06T02:52:00,SIM,138.1
2020-01-06T02:53:00,SIM,138.88
2020-01-06T02:54:00,SIM,138.95
2020-01-06T02:55:00,SIM,139.72
2020-01-06T02:56:00,SIM,140.67
2020-01-06T02:57:00,SIM,141.03
2020-01-06T02:58:00,SIM,141.56
2020-01-06T02:59:00,SIM,142.48
2020-01-06T03:00:00,SIM,141.93
2020-01-06T03:01:00,SIM,142.31
2020-01-06T03:02:00,SIM,142.29
2020-01-06T03:03:00,SIM,143.22
2020-01-06T03:04:00,SIM,144.12
2020-01-06T03:05:00,SIM,144.52
2020-01-06T03:06:00,SIM,143.68
2020-01-06T03:07:00,SIM,144.03
2020-01-06T03:08:00,SIM,144.38
2020-01-06T03:09:00,SIM,144.83
2020-01-06T03:10:00,SIM,145.73
2020-01-06T03:11:00,SIM,145.44
2020-01-06T03:12:00,SIM,144.9
2020-01-06T03:13:00,SIM,145.83
2020-01-06T03:14:00,SIM,146.74
2020-01-06T03:15:00,SIM,146.83
2020-01-06T03:16:00,SIM,146.88
2020-01-06T03:17:00,SIM,147.57
2020-01-06T03:18:00,SIM,147.74
2020-01-06T03:19:00,SIM,147.49
2020-01-06T03:20:00,SIM,146.58
2020-01-06T03:21:00,SIM,146.15
2020-01-06T03:22:00,SIM,146.64
2020-01-06T03:23:00,SIM,146.25
2020-01-06T03:24:00,SIM,145.85
2020-01-06T03:25:00,SIM,145.93
2020-01-06T03:26:00,SIM,145.53
2020-01-06T03:27:00,SIM,144.98
2020-01-06T03:28:00,SIM,145.89
2020-01-06T03:29:00,SIM,146.02
2020-01-06T03:30:00,SIM,146.6
2020-01-06T03:31:00,SIM,145.66
2020-01-06T03:32:00,SIM,146.39
2020-01-06T03:33:00,SIM,147.32
2020-01-06T03:34:00,SIM,147.8
2020-01-06T03:35:00,SIM,148.14
2020-01-06T03:36:00,SIM,147.82
2020-01-06T03:37:00,SIM,148.81
2020-01-06T03:38:00,SIM,149.62
2020-01-06T03:39:00,SIM,149.66
2020-01-06T03:40:00,SIM,148.94
2020-01-06T03:41:00,SIM,148.02
2020-01-06T03:42:00,SIM,147.53
2020-01-06T03:43:00,SIM,148.0
2020-01-06T03:44:00,SIM,147.86
2020-01-06T03:45:00,SIM,147.79
2020-01-06T03:46:00,SIM,148.22
2020-01-06T03:47:00,SIM,147.67
2020-01-06T03:48:00,SIM,147.25
2020-01-06T03:49:00,SIM,147.5
2020-01-06T03:50:00,SIM,148.02
2020-01-06T03:51:00,SIM,147.43
2020-01-06T03:52:00,SIM,147.01
2020-01-06T03:53:00,SIM,148.0
2020-01-06T03:54:00,SIM,148.53
2020-01-06T03:55:00,SIM,148.38
2020-01-06T03:56:00,SIM,149.23
2020-01-06T03:57:00,SIM,149.29
2020-01-06T03:58:00,SIM,148.3
2020-01-06T03:59:00,SIM,147.64
2020-01-06T04:00:00,SIM,147.42
2020-01-06T04:01:00,SIM,146.83
2020-01-06T04:02:00,SIM,146.66
2020-01-06T04:03:00,SIM,145.79
2020-01-06T04:04:00,SIM,146.06
2020-01-06T04:05:00,SIM,145.08
2020-01-06T04:06:00,SIM,146.01
2020-01-06T04:07:00,SIM,146.14
2020-01-06T04:08:00,SIM,146.15
2020-01-06T04:09:00,SIM,147.14
2020-01-06T04:10:00,SIM,146.25
2020-01-06T04:11:00,SIM,145.88
2020-01-06T04:12:00,SIM,145.18
2020-01-06T04:13:00,SIM,145.64
2020-01-06T04:14:00,SIM,145.89
2020-01-06T04:15:00,SIM,145.73
2020-01-06T04:16:00,SIM,146.36
2020-01-06T04:17:00,SIM,146.11
2020-01-06T04:18:00,SIM,146.09
2020-01-06T04:19:00,SIM,145.77
2020-01-06T04:20:00,SIM,144.77
2020-01-06T04:21:00,SIM,144.03
2020-01-06T04:22:00,SIM,144.67
2020-01-06T04:23:00,SIM,145.62
2020-01-06T04:24:00,SIM,146.56
2020-01-06T04:25:00,SIM,146.3
2020-01-06T04:26:00,SIM,146.14
2020-01-06T04:27:00,SIM,145.25
2020-01-06T04:28:00,SIM,144.46
2020-01-06T04:29:00,SIM,144.63
2020-01-06T04:30:00,SIM,145.53
2020-01-06T04:31:00,SIM,145.06
2020-01-06T04:32:00,SIM,145.43
2020-01-06T04:33:00,SIM,146.17
2020-01-06T04:34:00,SIM,146.28
2020-01-06T04:35:00,SIM,146.92
2020-01-06T04:36:00,SIM,146.79
2020-01-06T04:37:00,SIM,146.11
2020-01-06T04:38:00,SIM,145.22
2020-01-06T04:39:00,SIM,145.67
2020-01-06T04:40:00,SIM,145.53
2020-01-06T04:41:00,SIM,145.14
2020-01-06T04:42:00,SIM,144.25
2020-01-06T04:43:00,SIM,144.67
2020-01-06T04:44:00,SIM,144.59
2020-01-06T04:45:00,SIM,143.98
2020-01-06T04:46:00,SIM,143.68
2020-01-06T04:47:00,SIM,144.51
2020-01-06T04:48:00,SIM,143.72
2020-01-06T04:49:00,SIM,143.05
2020-01-06T04:50:00,SIM,143.89
2020-01-06T04:51:00,SIM,143.43
2020-01-06T04:52:00,SIM,143.4
2020-01-06T04:53:00,SIM,144.38
2020-01-06T04:54:00,SIM,143.67
2020-01-06T04:55:00,SIM,142.67
2020-01-06T04:56:00,SIM,142.29
2020-01-06T04:57:00,SIM,142.7
2020-01-06T04:58:00,SIM,143.37
2020-01-06T04:59:00,SIM,144.0
2020-01-06T05:00:00,SIM,144.68
2020-01-06T05:01:00,SIM,144.03
2020-01-06T05:02:00,SIM,144.14
2020-01-06T05:03:00,SIM,144.24
2020-01-06T05:04:00,SIM,143.27
2020-01-06T05:05:00,SIM,142.49
2020-01-06T05:06:00,SIM,143.41
2020-01-06T05:07:00,SIM,144.05
2020-01-06T05:08:00,SIM,143.9
2020-01-06T05:09:00,SIM,144.2
2020-01-06T05:10:00,SIM,144.83
2020-01-06T05:11:00,SIM,145.68
2020-01-06T05:12:00,SIM,146.19
2020-01-06T05:13:00,SIM,146.82
2020-01-06T05:14:00,SIM,146.84
2020-01-06T05:15:00,SIM,147.15
2020-01-06T05:16:00,SIM,147.16
2020-01-06T05:17:00,SIM,147.78
2020-01-06T05:18:00,SIM,147.37
2020-01-06T05:19:00,SIM,146.89
2020-01-06T05:20:00,SIM,146.74
2020-01-06T05:21:00,SIM,147.48
2020-01-06T05:22:00,SIM,146.85
2020-01-06T05:23:00,SIM,146.16
2020-01-06T05:24:00,SIM,145.97
2020-01-06T05:25:00,SIM,146.91
2020-01-06T05:26:00,SIM,147.26
2020-01-06T05:27:00,SIM,147.25
2020-01-06T05:28:00,SIM,146.94
2020-01-06T05:29:00,SIM,147.2
2020-01-06T05:30:00,SIM,147.17
2020-01-06T05:31:00,SIM,147.39
2020-01-06T05:32:00,SIM,147.25
2020-01-06T05:33:00,SIM,147.91
2020-01-06T05:34:00,SIM,147.93
2020-01-06T05:35:00,SIM,147.62
2020-01-06T05:36:00,SIM,147.51
2020-01-06T05:37:00,SIM,147.43
2020-01-06T05:38:00,SIM,147.59
2020-01-06T05:39:00,SIM,146.62
2020-01-06T05:40:00,SIM,145.77
2020-01-06T05:41:00,SIM,145.82
2020-01-06T05:42:00,SIM,146.75
2020-01-06T05:43:00,SIM,146.8
2020-01-06T05:44:00,SIM,147.53
2020-01-06T05:45:00,SIM,146.56
2020-01-06T05:46:00,SIM,146.78
2020-01-06T05:47:00,SIM,146.55
2020-01-06T05:48:00,SIM,146.88
2020-01-06T05:49:00,SIM,146.83
2020-01-06T05:50:00,SIM,146.14
2020-01-06T05:51:00,SIM,145.27
2020-01-06T05:52:00,SIM,144.8
2020-01-06T05:53:00,SIM,144.71
2020-01-06T05:54:00,SIM,144.76
2020-01-06T05:55:00,SIM,144.1
2020-01-06T05:56:00,SIM,143.85
2020-01-06T05:57:00,SIM,144.36
2020-01-06T05:58:00,SIM,143.87
2020-01-06T05:59:00,SIM,143.13
2020-01-06T06:00:00,SIM,142.21
2020-01-06T06:01:00,SIM,142.75
2020-01-06T06:02:00,SIM,142.55
2020-01-06T06:03:00,SIM,141.68
2020-01-06T06:04:00,SIM,141.49
2020-01-06T06:05:00,SIM,140.69
2020-01-06T06:06:00,SIM,140.49
2020-01-06T06:07:00,SIM,140.19
2020-01-06T06:08:00,SIM,139.68
2020-01-06T06:09:00,SIM,140.65
2020-01-06T06:10:00,SIM,139.72
2020-01-06T06:11:00,SIM,139.59
2020-01-06T06:12:00,SIM,138.73
2020-01-06T06:13:00,SIM,139.68
2020-01-06T06:14:00,SIM,139.82
2020-01-06T06:15:00,SIM,139.05
2020-01-06T06:16:00,SIM,139.35
2020-01-06T06:17:00,SIM,139.17
2020-01-06T06:18:00,SIM,138.67
2020-01-06T06:19:00,SIM,139.28
2020-01-06T06:20:00,SIM,139.73
2020-01-06T06:21:00,SIM,140.5
2020-01-06T06:22:00,SIM,141.16
2020-01-06T06:23:00,SIM,141.86
2020-01-06T06:24:00,SIM,141.24
2020-01-06T06:25:00,SIM,140.58
2020-01-06T06:26:00,SIM,141.19
2020-01-06T06:27:00,SIM,141.98
2020-01-06T06:28:00,SIM,141.43
2020-01-06T06:29:00,SIM,142.17
2020-01-06T06:30:00,SIM,142.63
2020-01-06T06:31:00,SIM,142.16
2020-01-06T06:32:00,SIM,141.57
2020-01-06T06:33:00,SIM,141.07
2020-01-06T06:34:00,SIM,140.72
2020-01-06T06:35:00,SIM,141.32
2020-01-06T06:36:00,SIM,141.94
2020-01-06T06:37:00,SIM,141.66
2020-01-06T06:38:00,SIM,142.06
2020-01-06T06:39:00,SIM,141.66
2020-01-06T06:40:00,SIM,142.61
2020-01-06T06:41:00,SIM,142.53
2020-01-06T06:42:00,SIM,142.83
2020-01-06T06:43:00,SIM,142.46
2020-01-06T06:44:00,SIM,143.44
2020-01-06T06:45:00,SIM,144.08
2020-01-06T06:46:00,SIM,144.26
2020-01-06T06:47:00,SIM,144.72
2020-01-06T06:48:00,SIM,144.68
2020-01-06T06:49:00,SIM,145.26
2020-01-06T06:50:00,SIM,144.26
2020-01-06T06:51:00,SIM,145.18
2020-01-06T06:52:00,SIM,145.76
2020-01-06T06:53:00,SIM,145.47
2020-01-06T06:54:00,SIM,144.55
2020-01-06T06:55:00,SIM,145.09
2020-01-06T06:56:00,SIM,144.72
2020-01-06T06:57:00,SIM,145.49
2020-01-06T06:58:00,SIM,145.51
2020-01-06T06:59:00,SIM,145.22
2020-01-06T07:00:00,SIM,145.8
2020-01-06T07:01:00,SIM,144.89
2020-01-06T07:02:00,SIM,145.75
2020-01-06T07:03:00,SIM,146.23
2020-01-06T07:04:00,SIM,146.3
2020-01-06T07:05:00,SIM,146.73
2020-01-06T07:06:00,SIM,146.21
2020-01-06T07:07:00,SIM,146.23
2020-01-06T07:08:00,SIM,145.9
2020-01-06T07:09:00,SIM,145.52
2020-01-06T07:10:00,SIM,144.62
2020-01-06T07:11:00,SIM,145.61
2020-01-06T07:12:00,SIM,144.69
2020-01-06T07:13:00,SIM,144.74
2020-01-06T07:14:00,SIM,145.04
2020-01-06T07:15:00,SIM,145.92
2020-01-06T07:16:00,SIM,145.64
2020-01-06T07:17:00,SIM,145.67
2020-01-06T07:18:00,SIM,146.65
2020-01-06T07:19:00,SIM,146.65
2020-01-06T07:20:00,SIM,146.19
2020-01-06T07:21:00,SIM,146.31
2020-01-06T07:22:00,SIM,145.88
2020-01-06T07:23:00,SIM,144.89
2020-01-06T07:24:00,SIM,145.62
2020-01-06T07:25:00,SIM,146.27
2020-01-06T07:26:00,SIM,145.38
2020-01-06T07:27:00,SIM,144.84
2020-01-06T07:28:00,SIM,144.22
2020-01-06T07:29:00,SIM,143.79
2020-01-06T07:30:00,SIM,144.28
2020-01-06T07:31:00,SIM,144.32
2020-01-06T07:32:00,SIM,144.39
2020-01-06T07:33:00,SIM,144.39
2020-01-06T07:34:00,SIM,143.76
2020-01-06T07:35:00,SIM,142.97
2020-01-06T07:36:00,SIM,142.43
2020-01-06T07:37:00,SIM,142.09
2020-01-06T07:38:00,SIM,141.61
2020-01-06T07:39:00,SIM,141.92
2020-01-06T07:40:00,SIM,142.86
2020-01-06T07:41:00,SIM,141.92
2020-01-06T07:42:00,SIM,141.99
2020-01-06T07:43:00,SIM,141.25
2020-01-06T07:44:00,SIM,142.22
2020-01-06T07:45:00,SIM,142.77
2020-01-06T07:46:00,SIM,142.61
2020-01-06T07:47:00,SIM,142.44
2020-01-06T07:48:00,SIM,143.31
2020-01-06T07:49:00,SIM,143.28
2020-01-06T07:50:00,SIM,143.64
2020-01-06T07:51:00,SIM,143.72
2020-01-06T07:52:00,SIM,144.64
2020-01-06T07:53:00,SIM,144.64
2020-01-06T07:54:00,SIM,144.45
2020-01-06T07:55:00,SIM,144.44
2020-01-06T07:56:00,SIM,145.31
2020-01-06T07:57:00,SIM,145.65
2020-01-06T07:58:00,SIM,145.07
2020-01-06T07:59:00,SIM,145.75
2020-01-06T08:00:00,SIM,146.45
2020-01-06T08:01:00,SIM,146.83
2020-01-06T08:02:00,SIM,146.81
2020-01-06T08:03:00,SIM,147.27
2020-01-06T08:04:00,SIM,146.98
2020-01-06T08:05:00,SIM,147.46
2020-01-06T08:06:00,SIM,147.04
2020-01-06T08:07:00,SIM,147.98
2020-01-06T08:08:00,SIM,147.99
2020-01-06T08:09:00,SIM,148.74
2020-01-06T08:10:00,SIM,147.9
2020-01-06T08:11:00,SIM,148.47
2020-01-06T08:12:00,SIM,149.42
2020-01-06T08:13:00,SIM,150.01
2020-01-06T08:14:00,SIM,149.64
2020-01-06T08:15:00,SIM,150.45
2020-01-06T08:16:00,SIM,151.08
2020-01-06T08:17:00,SIM,150.31
2020-01-06T08:18:00,SIM,150.34
2020-01-06T08:19:00,SIM,149.54
2020-01-06T08:20:00,SIM,150.51
2020-01-06T08:21:00,SIM,150.14
2020-01-06T08:22:00,SIM,151.04
2020-01-06T08:23:00,SIM,150.58
2020-01-06T08:24:00,SIM,149.8
2020-01-06T08:25:00,SIM,148.91
2020-01-06T08:26:00,SIM,149.19
2020-01-06T08:27:00,SIM,149.76
2020-01-06T08:28:00,SIM,150.62
2020-01-06T08:29:00,SIM,151.6
2020-01-06T08:30:00,SIM,151.64
2020-01-06T08:31:00,SIM,152.48
2020-01-06T08:32:00,SIM,153.22
2020-01-06T08:33:00,SIM,152.87
2020-01-06T08:34:00,SIM,152.26
2020-01-06T08:35:00,SIM,152.97
2020-01-06T08:36:00,SIM,153.21
2020-01-06T08:37:00,SIM,152.67
2020-01-06T08:38:00,SIM,152.22
2020-01-06T08:39:00,SIM,152.0
2020-01-06T08:40:00,SIM,151.21
2020-01-06T08:41:00,SIM,151.72
2020-01-06T08:42:00,SIM,151.98
2020-01-06T08:43:00,SIM,152.95
2020-01-06T08:44:00,SIM,153.5
2020-01-06T08:45:00,SIM,153.75
2020-01-06T08:46:00,SIM,153.88
2020-01-06T08:47:00,SIM,153.48
2020-01-06T08:48:00,SIM,153.44
2020-01-06T08:49:00,SIM,153.99
2020-01-06T08:50:00,SIM,154.83
2020-01-06T08:51:00,SIM,155.47
2020-01-06T08:52:00,SIM,154.94
2020-01-06T08:53:00,SIM,154.23
2020-01-06T08:54:00,SIM,154.96
2020-01-06T08:55:00,SIM,154.29
2020-01-06T08:56:00,SIM,153.51
2020-01-06T08:57:00,SIM,153.81
2020-01-06T08:58:00,SIM,154.01
2020-01-06T08:59:00,SIM,154.42
2020-01-06T09:00:00,SIM,153.55
2020-01-06T09:01:00,SIM,152.77
2020-01-06T09:02:00,SIM,152.32
2020-01-06T09:03:00,SIM,151.54
2020-01-06T09:04:00,SIM,150.83
2020-01-06T09:05:00,SIM,150.61
2020-01-06T09:06:00,SIM,150.46
2020-01-06T09:07:00,SIM,149.76
2020-01-06T09:08:00,SIM,149.83
2020-01-06T09:09:00,SIM,149.27
2020-01-06T09:10:00,SIM,150.18
2020-01-06T09:11:00,SIM,150.61
2020-01-06T09:12:00,SIM,150.36
2020-01-06T09:13:00,SIM,150.28
2020-01-06T09:14:00,SIM,151.16
2020-01-06T09:15:00,SIM,150.88
2020-01-06T09:16:00,SIM,151.47
2020-01-06T09:17:00,SIM,150.78
2020-01-06T09:18:00,SIM,150.31
2020-01-06T09:19:00,SIM,150.29
2020-01-06T09:20:00,SIM,150.73
2020-01-06T09:21:00,SIM,150.68
2020-01-06T09:22:00,SIM,151.28
2020-01-06T09:23:00,SIM,152.24
2020-01-06T09:24:00,SIM,151.9
2020-01-06T09:25:00,SIM,152.43
2020-01-06T09:26:00,SIM,151.98
2020-01-06T09:27:00,SIM,152.69
2020-01-06T09:28:00,SIM,153.39
2020-01-06T09:29:00,SIM,152.46
2020-01-06T09:30:00,SIM,152.91
2020-01-06T09:31:00,SIM,152.55
2020-01-06T09:32:00,SIM,151.77
2020-01-06T09:33:00,SIM,151.04
2020-01-06T09:34:00,SIM,150.63
2020-01-06T09:35:00,SIM,151.52
2020-01-06T09:36:00,SIM,151.24
2020-01-06T09:37:00,SIM,151.09
2020-01-06T09:38:00,SIM,150.25
2020-01-06T09:39:00,SIM,149.34
2020-01-06T09:40:00,SIM,148.64
2020-01-06T09:41:00,SIM,149.15
2020-01-06T09:42:00,SIM,149.49
2020-01-06T09:43:00,SIM,149.02
2020-01-06T09:44:00,SIM,148.47
2020-01-06T09:45:00,SIM,148.9
2020-01-06T09:46:00,SIM,149.7
2020-01-06T09:47:00,SIM,150.36
2020-01-06T09:48:00,SIM,151.21
2020-01-06T09:49:00,SIM,152.02
2020-01-06T09:50:00,SIM,151.75
2020-01-06T09:51:00,SIM,151.57
2020-01-06T09:52:00,SIM,152.39
2020-01-06T09:53:00,SIM,153.38
2020-01-06T09:54:00,SIM,154.18
2020-01-06T09:55:00,SIM,153.19
2020-01-06T09:56:00,SIM,153.35
2020-01-06T09:57:00,SIM,152.69
2020-01-06T09:58:00,SIM,151.82
2020-01-06T09:59:00,SIM,151.48
2020-01-06T10:00:00,SIM,152.32
2020-01-06T10:01:00,SIM,151.83
2020-01-06T10:02:00,SIM,150.89
2020-01-06T10:03:00,SIM,150.73
2020-01-06T10:04:00,SIM,150.68
2020-01-06T10:05:00,SIM,150.36
2020-01-06T10:06:00,SIM,149.46
2020-01-06T10:07:00,SIM,148.65
2020-01-06T10:08:00,SIM,149.07
2020-01-06T10:09:00,SIM,148.45
2020-01-06T10:10:00,SIM,147.95
2020-01-06T10:11:00,SIM,147.05
2020-01-06T10:12:00,SIM,146.44
2020-01-06T10:13:00,SIM,145.54
2020-01-06T10:14:00,SIM,145.61
2020-01-06T10:15:00,SIM,145.47
2020-01-06T10:16:00,SIM,144.79
2020-01-06T10:17:00,SIM,143.81
2020-01-06T10:18:00,SIM,144.11
2020-01-06T10:19:00,SIM,144.36
2020-01-06T10:20:00,SIM,144.98
2020-01-06T10:21:00,SIM,145.94
2020-01-06T10:22:00,SIM,146.92
2020-01-06T10:23:00,SIM,147.89
2020-01-06T10:24:00,SIM,148.8
2020-01-06T10:25:00,SIM,147.85
2020-01-06T10:26:00,SIM,148.3
2020-01-06T10:27:00,SIM,147.33
2020-01-06T10:28:00,SIM,147.46
2020-01-06T10:29:00,SIM,146.74
2020-01-06T10:30:00,SIM,146.92
2020-01-06T10:31:00,SIM,146.71
2020-01-06T10:32:00,SIM,145.85
2020-01-06T10:33:00,SIM,145.2
2020-01-06T10:34:00,SIM,144.35
2020-01-06T10:35:00,SIM,144.21
2020-01-06T10:36:00,SIM,144.44
2020-01-06T10:37:00,SIM,143.93
2020-01-06T10:38:00,SIM,144.29
2020-01-06T10:39:00,SIM,144.56
2020-01-06T10:40:00,SIM,144.52
2020-01-06T10:41:00,SIM,144.29
2020-01-06T10:42:00,SIM,143.56
2020-01-06T10:43:00,SIM,143.29
2020-01-06T10:44:00,SIM,143.44
2020-01-06T10:45:00,SIM,143.82
2020-01-06T10:46:00,SIM,143.27
2020-01-06T10:47:00,SIM,142.46
2020-01-06T10:48:00,SIM,141.94
2020-01-06T10:49:00,SIM,141.75
2020-01-06T10:50:00,SIM,141.07
2020-01-06T10:51:00,SIM,141.57
2020-01-06T10:52:00,SIM,141.14
2020-01-06T10:53:00,SIM,140.22
2020-01-06T10:54:00,SIM,140.07
2020-01-06T10:55:00,SIM,140.69
2020-01-06T10:56:00,SIM,141.49
2020-01-06T10:57:00,SIM,140.59
2020-01-06T10:58:00,SIM,141.03
2020-01-06T10:59:00,SIM,141.41
2020-01-06T11:00:00,SIM,141.83
2020-01-06T11:01:00,SIM,141.76
2020-01-06T11:02:00,SIM,141.75
2020-01-06T11:03:00,SIM,142.34
2020-01-06T11:04:00,SIM,143.14
2020-01-06T11:05:00,SIM,142.18
2020-01-06T11:06:00,SIM,141.27
2020-01-06T11:07:00,SIM,141.8
2020-01-06T11:08:00,SIM,140.9
2020-01-06T11:09:00,SIM,140.22
2020-01-06T11:10:00,SIM,140.06
2020-01-06T11:11:00,SIM,139.89
2020-01-06T11:12:00,SIM,139.84
2020-01-06T11:13:00,SIM,139.08
2020-01-06T11:14:00,SIM,139.66
2020-01-06T11:15:00,SIM,138.9
2020-01-06T11:16:00,SIM,138.82
2020-01-06T11:17:00,SIM,137.99
2020-01-06T11:18:00,SIM,138.84
2020-01-06T11:19:00,SIM,138.28
2020-01-06T11:20:00,SIM,137.55
2020-01-06T11:21:00,SIM,137.14
2020-01-06T11:22:00,SIM,137.52
2020-01-06T11:23:00,SIM,136.7
2020-01-06T11:24:00,SIM,137.54
2020-01-06T11:25:00,SIM,138.51
2020-01-06T11:26:00,SIM,138.59
2020-01-06T11:27:00,SIM,137.98
2020-01-06T11:28:00,SIM,138.79
2020-01-06T11:29:00,SIM,138.94
2020-01-06T11:30:00,SIM,138.72
2020-01-06T11:31:00,SIM,139.05
2020-01-06T11:32:00,SIM,139.8
2020-01-06T11:33:00,SIM,138.98
2020-01-06T11:34:00,SIM,139.95
2020-01-06T11:35:00,SIM,140.43
2020-01-06T11:36:00,SIM,141.27
2020-01-06T11:37:00,SIM,140.88
2020-01-06T11:38:00,SIM,141.01
2020-01-06T11:39:00,SIM,141.13
2020-01-06T11:40:00,SIM,141.97
2020-01-06T11:41:00,SIM,141.25
2020-01-06T11:42:00,SIM,141.96
2020-01-06T11:43:00,SIM,142.47
2020-01-06T11:44:00,SIM,143.39
2020-01-06T11:45:00,SIM,143.95
2020-01-06T11:46:00,SIM,143.44
2020-01-06T11:47:00,SIM,144.22
2020-01-06T11:48:00,SIM,144.25
2020-01-06T11:49:00,SIM,143.83
2020-01-06T11:50:00,SIM,144.06
2020-01-06T11:51:00,SIM,144.92
2020-01-06T11:52:00,SIM,145.07
2020-01-06T11:53:00,SIM,144.3
2020-01-06T11:54:00,SIM,144.1
2020-01-06T11:55:00,SIM,143.49
2020-01-06T11:56:00,SIM,144.46
2020-01-06T11:57:00,SIM,144.2
2020-01-06T11:58:00,SIM,145.06
2020-01-06T11:59:00,SIM,144.08
2020-01-06T12:00:00,SIM,144.9
2020-01-06T12:01:00,SIM,143.91
2020-01-06T12:02:00,SIM,143.47
2020-01-06T12:03:00,SIM,143.96
2020-01-06T12:04:00,SIM,143.0
2020-01-06T12:05:00,SIM,142.43
2020-01-06T12:06:00,SIM,143.39
2020-01-06T12:07:00,SIM,142.39
2020-01-06T12:08:00,SIM,141.68
2020-01-06T12:09:00,SIM,141.71
2020-01-06T12:10:00,SIM,141.31
2020-01-06T12:11:00,SIM,141.14
2020-01-06T12:12:00,SIM,141.56
2020-01-06T12:13:00,SIM,141.58
2020-01-06T12:14:00,SIM,141.66
2020-01-06T12:15:00,SIM,141.61
2020-01-06T12:16:00,SIM,141.84
2020-01-06T12:17:00,SIM,140.98
2020-01-06T12:18:00,SIM,140.91
2020-01-06T12:19:00,SIM,140.12
2020-01-06T12:20:00,SIM,140.87
2020-01-06T12:21:00,SIM,140.97
2020-01-06T12:22:00,SIM,140.65
2020-01-06T12:23:00,SIM,139.8
2020-01-06T12:24:00,SIM,139.31
2020-01-06T12:25:00,SIM,140.11
2020-01-06T12:26:00,SIM,140.13
2020-01-06T12:27:00,SIM,140.4
2020-01-06T12:28:00,SIM,140.96
2020-01-06T12:29:00,SIM,141.01
2020-01-06T12:30:00,SIM,141.18
2020-01-06T12:31:00,SIM,140.25
2020-01-06T12:32:00,SIM,141.09
2020-01-06T12:33:00,SIM,141.04
2020-01-06T12:34:00,SIM,141.99
2020-01-06T12:35:00,SIM,141.91
2020-01-06T12:36:00,SIM,142.81
2020-01-06T12:37:00,SIM,143.1
2020-01-06T12:38:00,SIM,143.43
2020-01-06T12:39:00,SIM,144.26
2020-01-06T12:40:00,SIM,143.61
2020-01-06T12:41:00,SIM,143.6
2020-01-06T12:42:00,SIM,142.65
2020-01-06T12:43:00,SIM,143.49
2020-01-06T12:44:00,SIM,143.18
2020-01-06T12:45:00,SIM,143.02
2020-01-06T12:46:00,SIM,142.91
2020-01-06T12:47:00,SIM,143.17
2020-01-06T12:48:00,SIM,143.72
2020-01-06T12:49:00,SIM,143.14
2020-01-06T12:50:00,SIM,142.68
2020-01-06T12:51:00,SIM,143.21
2020-01-06T12:52:00,SIM,142.41
2020-01-06T12:53:00,SIM,141.79
2020-01-06T12:54:00,SIM,141.94
2020-01-06T12:55:00,SIM,142.67
2020-01-06T12:56:00,SIM,142.96
2020-01-06T12:57:00,SIM,143.32
2020-01-06T12:58:00,SIM,142.87
2020-01-06T12:59:00,SIM,142.12
2020-01-06T13:00:00,SIM,142.62
2020-01-06T13:01:00,SIM,141.7
2020-01-06T13:02:00,SIM,142.13
2020-01-06T13:03:00,SIM,142.95
2020-01-06T13:04:00,SIM,143.76
2020-01-06T13:05:00,SIM,143.14
2020-01-06T13:06:00,SIM,142.68
2020-01-06T13:07:00,SIM,142.88
2020-01-06T13:08:00,SIM,143.69
2020-01-06T13:09:00,SIM,143.37
2020-01-06T13:10:00,SIM,143.62
2020-01-06T13:11:00,SIM,144.6
2020-01-06T13:12:00,SIM,144.77
2020-01-06T13:13:00,SIM,145.11
2020-01-06T13:14:00,SIM,144.75
2020-01-06T13:15:00,SIM,144.42
2020-01-06T13:16:00,SIM,144.74
2020-01-06T13:17:00,SIM,145.63
2020-01-06T13:18:00,SIM,144.94
2020-01-06T13:19:00,SIM,145.54
2020-01-06T13:20:00,SIM,146.5
2020-01-06T13:21:00,SIM,146.06
2020-01-06T13:22:00,SIM,146.08
2020-01-06T13:23:00,SIM,145.81
2020-01-06T13:24:00,SIM,146.4
2020-01-06T13:25:00,SIM,147.16
2020-01-06T13:26:00,SIM,146.54
2020-01-06T13:27:00,SIM,145.63
2020-01-06T13:28:00,SIM,145.03
2020-01-06T13:29:00,SIM,144.07
2020-01-06T13:30:00,SIM,143.79
2020-01-06T13:31:00,SIM,144.55
2020-01-06T13:32:00,SIM,144.57
2020-01-06T13:33:00,SIM,144.17
2020-01-06T13:34:00,SIM,144.02
2020-01-06T13:35:00,SIM,143.71
2020-01-06T13:36:00,SIM,142.83
2020-01-06T13:37:00,SIM,143.65
2020-01-06T13:38:00,SIM,142.88
2020-01-06T13:39:00,SIM,143.21
2020-01-06T13:40:00,SIM,142.23
2020-01-06T13:41:00,SIM,142.88
2020-01-06T13:42:00,SIM,141.96
2020-01-06T13:43:00,SIM,142.45
2020-01-06T13:44:00,SIM,141.53
2020-01-06T13:45:00,SIM,141.15
2020-01-06T13:46:00,SIM,141.71
2020-01-06T13:47:00,SIM,142.35
2020-01-06T13:48:00,SIM,142.11
2020-01-06T13:49:00,SIM,142.93
2020-01-06T13:50:00,SIM,143.01
2020-01-06T13:51:00,SIM,142.97
2020-01-06T13:52:00,SIM,142.7
2020-01-06T13:53:00,SIM,143.21
2020-01-06T13:54:00,SIM,144.19
2020-01-06T13:55:00,SIM,144.36
2020-01-06T13:56:00,SIM,144.76
2020-01-06T13:57:00,SIM,143.98
2020-01-06T13:58:00,SIM,144.86
2020-01-06T13:59:00,SIM,143.88
2020-01-06T14:00:00,SIM,143.14
2020-01-06T14:01:00,SIM,144.14
2020-01-06T14:02:00,SIM,144.68
2020-01-06T14:03:00,SIM,143.94
2020-01-06T14:04:00,SIM,144.06
2020-01-06T14:05:00,SIM,144.12
2020-01-06T14:06:00,SIM,143.58
2020-01-06T14:07:00,SIM,144.14
2020-01-06T14:08:00,SIM,144.66
2020-01-06T14:09:00,SIM,144.42
2020-01-06T14:10:00,SIM,143.95
2020-01-06T14:11:00,SIM,143.16
2020-01-06T14:12:00,SIM,142.43
2020-01-06T14:13:00,SIM,141.47
2020-01-06T14:14:00,SIM,140.53
2020-01-06T14:15:00,SIM,140.71
2020-01-06T14:16:00,SIM,140.38
2020-01-06T14:17:00,SIM,140.01
2020-01-06T14:18:00,SIM,139.24
2020-01-06T14:19:00,SIM,139.15
2020-01-06T14:20:00,SIM,139.63
2020-01-06T14:21:00,SIM,139.5
2020-01-06T14:22:00,SIM,139.74
2020-01-06T14:23:00,SIM,140.22
2020-01-06T14:24:00,SIM,140.85
2020-01-06T14:25:00,SIM,141.33
2020-01-06T14:26:00,SIM,141.68
2020-01-06T14:27:00,SIM,140.99
2020-01-06T14:28:00,SIM,140.25
2020-01-06T14:29:00,SIM,140.65
2020-01-06T14:30:00,SIM,141.63
2020-01-06T14:31:00,SIM,140.82
2020-01-06T14:32:00,SIM,140.57
2020-01-06T14:33:00,SIM,140.37
2020-01-06T14:34:00,SIM,139.45
2020-01-06T14:35:00,SIM,139.54
2020-01-06T14:36:00,SIM,140.53
2020-01-06T14:37:00,SIM,141.32
2020-01-06T14:38:00,SIM,141.06
2020-01-06T14:39:00,SIM,140.41
2020-01-06T14:40:00,SIM,139.45
2020-01-06T14:41:00,SIM,140.35
2020-01-06T14:42:00,SIM,140.21
2020-01-06T14:43:00,SIM,140.72
2020-01-06T14:44:00,SIM,141.7
2020-01-06T14:45:00,SIM,141.12
2020-01-06T14:46:00,SIM,141.03
2020-01-06T14:47:00,SIM,140.47
2020-01-06T14:48:00,SIM,140.75
2020-01-06T14:49:00,SIM,139.78
2020-01-06T14:50:00,SIM,139.74
2020-01-06T14:51:00,SIM,139.71
2020-01-06T14:52:00,SIM,138.97
2020-01-06T14:53:00,SIM,139.83
2020-01-06T14:54:00,SIM,140.4
2020-01-06T14:55:00,SIM,140.68
2020-01-06T14:56:00,SIM,140.77
2020-01-06T14:57:00,SIM,140.71
2020-01-06T14:58:00,SIM,140.63
2020-01-06T14:59:00,SIM,139.84
2020-01-06T15:00:00,SIM,139.65
2020-01-06T15:01:00,SIM,138.7
2020-01-06T15:02:00,SIM,138.37
2020-01-06T15:03:00,SIM,139.3
2020-01-06T15:04:00,SIM,139.69
2020-01-06T15:05:00,SIM,139.3
2020-01-06T15:06:00,SIM,139.61
2020-01-06T15:07:00,SIM,138.82
2020-01-06T15:08:00,SIM,138.6
2020-01-06T15:09:00,SIM,138.22
2020-01-06T15:10:00,SIM,137.72
2020-01-06T15:11:00,SIM,137.7
2020-01-06T15:12:00,SIM,136.93
2020-01-06T15:13:00,SIM,137.35
2020-01-06T15:14:00,SIM,137.81
2020-01-06T15:15:00,SIM,137.0
2020-01-06T15:16:00,SIM,136.71
2020-01-06T15:17:00,SIM,136.79
2020-01-06T15:18:00,SIM,137.37
2020-01-06T15:19:00,SIM,136.99
2020-01-06T15:20:00,SIM,137.5
2020-01-06T15:21:00,SIM,137.75
2020-01-06T15:22:00,SIM,137.25
2020-01-06T15:23:00,SIM,136.41
2020-01-06T15:24:00,SIM,136.76
2020-01-06T15:25:00,SIM,136.48
2020-01-06T15:26:00,SIM,137.11
2020-01-06T15:27:00,SIM,137.72
2020-01-06T15:28:00,SIM,137.45
2020-01-06T15:29:00,SIM,137.52
2020-01-06T15:30:00,SIM,137.49
2020-01-06T15:31:00,SIM,136.57
2020-01-06T15:32:00,SIM,136.67
2020-01-06T15:33:00,SIM,136.47
2020-01-06T15:34:00,SIM,137.11
2020-01-06T15:35:00,SIM,136.15
2020-01-06T15:36:00,SIM,136.31
2020-01-06T15:37:00,SIM,136.94
2020-01-06T15:38:00,SIM,136.94
2020-01-06T15:39:00,SIM,137.3
2020-01-06T15:40:00,SIM,136.48
2020-01-06T15:41:00,SIM,136.24
2020-01-06T15:42:00,SIM,136.06
2020-01-06T15:43:00,SIM,136.96
2020-01-06T15:44:00,SIM,136.48
2020-01-06T15:45:00,SIM,137.16
2020-01-06T15:46:00,SIM,136.5
2020-01-06T15:47:00,SIM,135.95
2020-01-06T15:48:00,SIM,136.91
2020-01-06T15:49:00,SIM,137.2
2020-01-06T15:50:00,SIM,137.57
2020-01-06T15:51:00,SIM,138.16
2020-01-06T15:52:00,SIM,137.45
2020-01-06T15:53:00,SIM,138.3
2020-01-06T15:54:00,SIM,138.16
2020-01-06T15:55:00,SIM,138.17
2020-01-06T15:56:00,SIM,139.05
2020-01-06T15:57:00,SIM,139.14
2020-01-06T15:58:00,SIM,139.71
2020-01-06T15:59:00,SIM,139.59
2020-01-06T16:00:00,SIM,140.34
2020-01-06T16:01:00,SIM,141.21
2020-01-06T16:02:00,SIM,142.04
2020-01-06T16:03:00,SIM,142.88
2020-01-06T16:04:00,SIM,142.64
2020-01-06T16:05:00,SIM,141.81
2020-01-06T16:06:00,SIM,141.46
2020-01-06T16:07:00,SIM,141.1
2020-01-06T16:08:00,SIM,140.6
2020-01-06T16:09:00,SIM,139.71
2020-01-06T16:10:00,SIM,140.65
2020-01-06T16:11:00,SIM,141.44
2020-01-06T16:12:00,SIM,141.16
2020-01-06T16:13:00,SIM,141.65
2020-01-06T16:14:00,SIM,140.84
2020-01-06T16:15:00,SIM,140.94
2020-01-06T16:16:00,SIM,141.55
2020-01-06T16:17:00,SIM,140.73
2020-01-06T16:18:00,SIM,141.2
2020-01-06T16:19:00,SIM,140.95
2020-01-06T16:20:00,SIM,140.38
2020-01-06T16:21:00,SIM,140.71
2020-01-06T16:22:00,SIM,140.76
2020-01-06T16:23:00,SIM,140.31
2020-01-06T16:24:00,SIM,139.96
2020-01-06T16:25:00,SIM,140.23
2020-01-06T16:26:00,SIM,140.71
2020-01-06T16:27:00,SIM,140.13
2020-01-06T16:28:00,SIM,139.85
2020-01-06T16:29:00,SIM,140.18
2020-01-06T16:30:00,SIM,139.85
2020-01-06T16:31:00,SIM,139.89
2020-01-06T16:32:00,SIM,139.96
2020-01-06T16:33:00,SIM,139.41
2020-01-06T16:34:00,SIM,138.85
2020-01-06T16:35:00,SIM,139.73
2020-01-06T16:36:00,SIM,140.68
2020-01-06T16:37:00,SIM,139.77
2020-01-06T16:38:00,SIM,139.05
2020-01-06T16:39:00,SIM,139.42
2020-01-06T16:40:00,SIM,139.81
2020-01-06T16:41:00,SIM,139.73
2020-01-06T16:42:00,SIM,139.92
2020-01-06T16:43:00,SIM,138.97
2020-01-06T16:44:00,SIM,138.68
2020-01-06T16:45:00,SIM,138.73
2020-01-06T16:46:00,SIM,139.35
2020-01-06T16:47:00,SIM,139.54
2020-01-06T16:48:00,SIM,138.61
2020-01-06T16:49:00,SIM,138.39
2020-01-06T16:50:00,SIM,138.7
2020-01-06T16:51:00,SIM,138.22
2020-01-06T16:52:00,SIM,138.85
2020-01-06T16:53:00,SIM,139.51
2020-01-06T16:54:00,SIM,139.27
2020-01-06T16:55:00,SIM,139.45
2020-01-06T16:56:00,SIM,139.27
2020-01-06T16:57:00,SIM,138.6
2020-01-06T16:58:00,SIM,137.93
2020-01-06T16:59:00,SIM,138.37
2020-01-06T17:00:00,SIM,137.42
2020-01-06T17:01:00,SIM,136.62
2020-01-06T17:02:00,SIM,135.91
2020-01-06T17:03:00,SIM,135.88
2020-01-06T17:04:00,SIM,136.4
2020-01-06T17:05:00,SIM,136.48
2020-01-06T17:06:00,SIM,136.86
2020-01-06T17:07:00,SIM,135.9
2020-01-06T17:08:00,SIM,136.02
2020-01-06T17:09:00,SIM,136.08
2020-01-06T17:10:00,SIM,136.58
2020-01-06T17:11:00,SIM,136.22
2020-01-06T17:12:00,SIM,137.04
2020-01-06T17:13:00,SIM,137.77
2020-01-06T17:14:00,SIM,137.26
2020-01-06T17:15:00,SIM,138.11
2020-01-06T17:16:00,SIM,138.85
2020-01-06T17:17:00,SIM,138.41
2020-01-06T17:18:00,SIM,137.69
2020-01-06T17:19:00,SIM,138.62
2020-01-06T17:20:00,SIM,137.99
2020-01-06T17:21:00,SIM,137.95
2020-01-06T17:22:00,SIM,138.43
2020-01-06T17:23:00,SIM,138.15
2020-01-06T17:24:00,SIM,137.56
2020-01-06T17:25:00,SIM,138.24
2020-01-06T17:26:00,SIM,138.55
2020-01-06T17:27:00,SIM,138.13
2020-01-06T17:28:00,SIM,137.16
2020-01-06T17:29:00,SIM,138.06
2020-01-06T17:30:00,SIM,137.83
2020-01-06T17:31:00,SIM,136.95
2020-01-06T17:32:00,SIM,137.52
2020-01-06T17:33:00,SIM,137.62
2020-01-06T17:34:00,SIM,137.02
2020-01-06T17:35:00,SIM,136.31
2020-01-06T17:36:00,SIM,136.12
2020-01-06T17:37:00,SIM,136.47
2020-01-06T17:38:00,SIM,135.49
2020-01-06T17:39:00,SIM,134.66
2020-01-06T17:40:00,SIM,134.55
2020-01-06T17:41:00,SIM,135.34
2020-01-06T17:42:00,SIM,136.05
2020-01-06T17:43:00,SIM,136.93
2020-01-06T17:44:00,SIM,136.55
2020-01-06T17:45:00,SIM,137.27
2020-01-06T17:46:00,SIM,136.81
2020-01-06T17:47:00,SIM,137.18
2020-01-06T17:48:00,SIM,137.7
2020-01-06T17:49:00,SIM,138.38
2020-01-06T17:50:00,SIM,139.25
2020-01-06T17:51:00,SIM,138.29
2020-01-06T17:52:00,SIM,137.75
2020-01-06T17:53:00,SIM,138.64
2020-01-06T17:54:00,SIM,139.24
2020-01-06T17:55:00,SIM,138.57
2020-01-06T17:56:00,SIM,138.37
2020-01-06T17:57:00,SIM,137.83
2020-01-06T17:58:00,SIM,138.12
2020-01-06T17:59:00,SIM,138.13
2020-01-06T18:00:00,SIM,138.68
2020-01-06T18:01:00,SIM,138.65
2020-01-06T18:02:00,SIM,138.44
2020-01-06T18:03:00,SIM,137.58
2020-01-06T18:04:00,SIM,137.33
2020-01-06T18:05:00,SIM,137.73
2020-01-06T18:06:00,SIM,138.6
2020-01-06T18:07:00,SIM,139.31
2020-01-06T18:08:00,SIM,139.95
2020-01-06T18:09:00,SIM,139.24
2020-01-06T18:10:00,SIM,138.49
2020-01-06T18:11:00,SIM,138.64
2020-01-06T18:12:00,SIM,138.47
2020-01-06T18:13:00,SIM,138.87
2020-01-06T18:14:00,SIM,139.33
2020-01-06T18:15:00,SIM,140.13
2020-01-06T18:16:00,SIM,139.68
2020-01-06T18:17:00,SIM,139.6
2020-01-06T18:18:00,SIM,140.18
2020-01-06T18:19:00,SIM,140.55
2020-01-06T18:20:00,SIM,141.54
2020-01-06T18:21:00,SIM,142.43
2020-01-06T18:22:00,SIM,141.6
2020-01-06T18:23:00,SIM,141.64
2020-01-06T18:24:00,SIM,142.58
2020-01-06T18:25:00,SIM,142.11
2020-01-06T18:26:00,SIM,142.16
2020-01-06T18:27:00,SIM,142.24
2020-01-06T18:28:00,SIM,141.82
2020-01-06T18:29:00,SIM,142.55
2020-01-06T18:30:00,SIM,142.95
2020-01-06T18:31:00,SIM,142.7
2020-01-06T18:32:00,SIM,142.56
2020-01-06T18:33:00,SIM,142.24
2020-01-06T18:34:00,SIM,142.4
2020-01-06T18:35:00,SIM,143.16
2020-01-06T18:36:00,SIM,144.08
2020-01-06T18:37:00,SIM,144.58
2020-01-06T18:38:00,SIM,144.24
2020-01-06T18:39:00,SIM,144.7
2020-01-06T18:40:00,SIM,145.37
2020-01-06T18:41:00,SIM,145.33
2020-01-06T18:42:00,SIM,144.95
2020-01-06T18:43:00,SIM,145.49
2020-01-06T18:44:00,SIM,145.71
2020-01-06T18:45:00,SIM,146.37
2020-01-06T18:46:00,SIM,146.22
2020-01-06T18:47:00,SIM,146.31
2020-01-06T18:48:00,SIM,145.68
2020-01-06T18:49:00,SIM,146.01
2020-01-06T18:50:00,SIM,145.46
2020-01-06T18:51:00,SIM,146.01
2020-01-06T18:52:00,SIM,146.69
2020-01-06T18:53:00,SIM,146.32
2020-01-06T18:54:00,SIM,147.09
2020-01-06T18:55:00,SIM,146.29
2020-01-06T18:56:00,SIM,145.36
2020-01-06T18:57:00,SIM,145.45
2020-01-06T18:58:00,SIM,144.69
2020-01-06T18:59:00,SIM,144.91
2020-01-06T19:00:00,SIM,144.02
2020-01-06T19:01:00,SIM,144.15
2020-01-06T19:02:00,SIM,145.13
2020-01-06T19:03:00,SIM,145.39
2020-01-06T19:04:00,SIM,144.53
2020-01-06T19:05:00,SIM,145.15
2020-01-06T19:06:00,SIM,144.57
2020-01-06T19:07:00,SIM,143.77
2020-01-06T19:08:00,SIM,143.15
2020-01-06T19:09:00,SIM,143.39
2020-01-06T19:10:00,SIM,144.39
2020-01-06T19:11:00,SIM,144.06
2020-01-06T19:12:00,SIM,143.35
2020-01-06T19:13:00,SIM,144.11
2020-01-06T19:14:00,SIM,144.21
2020-01-06T19:15:00,SIM,143.23
2020-01-06T19:16:00,SIM,143.97
2020-01-06T19:17:00,SIM,144.07
2020-01-06T19:18:00,SIM,143.41
2020-01-06T19:19:00,SIM,143.41
2020-01-06T19:20:00,SIM,143.6
2020-01-06T19:21:00,SIM,144.29
2020-01-06T19:22:00,SIM,143.65
2020-01-06T19:23:00,SIM,144.06
2020-01-06T19:24:00,SIM,144.39
2020-01-06T19:25:00,SIM,144.15
2020-01-06T19:26:00,SIM,145.03
2020-01-06T19:27:00,SIM,144.41
2020-01-06T19:28:00,SIM,144.44
2020-01-06T19:29:00,SIM,143.76
2020-01-06T19:30:00,SIM,143.55
2020-01-06T19:31:00,SIM,143.87
2020-01-06T19:32:00,SIM,144.32
2020-01-06T19:33:00,SIM,143.48
2020-01-06T19:34:00,SIM,143.44
2020-01-06T19:35:00,SIM,142.61
2020-01-06T19:36:00,SIM,143.59
2020-01-06T19:37:00,SIM,143.63
2020-01-06T19:38:00,SIM,143.06
2020-01-06T19:39:00,SIM,142.28
2020-01-06T19:40:00,SIM,141.98
2020-01-06T19:41:00,SIM,142.83
2020-01-06T19:42:00,SIM,142.37
2020-01-06T19:43:00,SIM,141.67
2020-01-06T19:44:00,SIM,142.15
2020-01-06T19:45:00,SIM,141.8
2020-01-06T19:46:00,SIM,142.22
2020-01-06T19:47:00,SIM,141.81
2020-01-06T19:48:00,SIM,140.99
2020-01-06T19:49:00,SIM,140.35
2020-01-06T19:50:00,SIM,141.02
2020-01-06T19:51:00,SIM,140.93
2020-01-06T19:52:00,SIM,141.83
2020-01-06T19:53:00,SIM,141.75
2020-01-06T19:54:00,SIM,140.84
2020-01-06T19:55:00,SIM,140.67
2020-01-06T19:56:00,SIM,139.93
2020-01-06T19:57:00,SIM,140.55
2020-01-06T19:58:00,SIM,141.01
2020-01-06T19:59:00,SIM,141.15
2020-01-06T20:00:00,SIM,141.69
2020-01-06T20:01:00,SIM,141.0
2020-01-06T20:02:00,SIM,140.2
2020-01-06T20:03:00,SIM,139.42
2020-01-06T20:04:00,SIM,140.18
2020-01-06T20:05:00,SIM,139.92
2020-01-06T20:06:00,SIM,140.9
2020-01-06T20:07:00,SIM,140.33
2020-01-06T20:08:00,SIM,139.52
2020-01-06T20:09:00,SIM,139.57
2020-01-06T20:10:00,SIM,139.41
2020-01-06T20:11:00,SIM,138.6
2020-01-06T20:12:00,SIM,139.41
2020-01-06T20:13:00,SIM,139.77
2020-01-06T20:14:00,SIM,139.08
2020-01-06T20:15:00,SIM,140.06
2020-01-06T20:16:00,SIM,139.63
2020-01-06T20:17:00,SIM,139.23
2020-01-06T20:18:00,SIM,140.05
2020-01-06T20:19:00,SIM,139.63
2020-01-06T20:20:00,SIM,140.11
2020-01-06T20:21:00,SIM,139.6
2020-01-06T20:22:00,SIM,140.55
2020-01-06T20:23:00,SIM,139.89
2020-01-06T20:24:00,SIM,140.25
2020-01-06T20:25:00,SIM,139.41
2020-01-06T20:26:00,SIM,139.06
2020-01-06T20:27:00,SIM,138.11
2020-01-06T20:28:00,SIM,138.25
2020-01-06T20:29:00,SIM,138.21
2020-01-06T20:30:00,SIM,139.04
2020-01-06T20:31:00,SIM,138.97
2020-01-06T20:32:00,SIM,138.83
2020-01-06T20:33:00,SIM,139.71
2020-01-06T20:34:00,SIM,139.51
2020-01-06T20:35:00,SIM,139.18
2020-01-06T20:36:00,SIM,140.17
2020-01-06T20:37:00,SIM,140.37
2020-01-06T20:38:00,SIM,139.86
2020-01-06T20:39:00,SIM,140.38
2020-01-06T20:40:00,SIM,140.64
2020-01-06T20:41:00,SIM,139.86
2020-01-06T20:42:00,SIM,139.01
2020-01-06T20:43:00,SIM,138.45
2020-01-06T20:44:00,SIM,137.69
2020-01-06T20:45:00,SIM,137.21
2020-01-06T20:46:00,SIM,136.37
2020-01-06T20:47:00,SIM,137.35
2020-01-06T20:48:00,SIM,138.2
2020-01-06T20:49:00,SIM,138.05
2020-01-06T20:50:00,SIM,139.0
2020-01-06T20:51:00,SIM,139.12
2020-01-06T20:52:00,SIM,139.61
2020-01-06T20:53:00,SIM,139.08
2020-01-06T20:54:00,SIM,138.58
2020-01-06T20:55:00,SIM,139.09
2020-01-06T20:56:00,SIM,139.05
2020-01-06T20:57:00,SIM,139.85
2020-01-06T20:58:00,SIM,140.06
2020-01-06T20:59:00,SIM,139.94
2020-01-06T21:00:00,SIM,139.43
2020-01-06T21:01:00,SIM,140.04
2020-01-06T21:02:00,SIM,140.15
2020-01-06T21:03:00,SIM,139.54
2020-01-06T21:04:00,SIM,138.99
2020-01-06T21:05:00,SIM,138.21
2020-01-06T21:06:00,SIM,138.88
2020-01-06T21:07:00,SIM,139.34
2020-01-06T21:08:00,SIM,138.51
2020-01-06T21:09:00,SIM,138.07
2020-01-06T21:10:00,SIM,138.05
2020-01-06T21:11:00,SIM,137.98
2020-01-06T21:12:00,SIM,138.84
2020-01-06T21:13:00,SIM,138.31
2020-01-06T21:14:00,SIM,139.25
2020-01-06T21:15:00,SIM,139.49
2020-01-06T21:16:00,SIM,139.99
2020-01-06T21:17:00,SIM,140.17
2020-01-06T21:18:00,SIM,139.37
2020-01-06T21:19:00,SIM,140.11
2020-01-06T21:20:00,SIM,139.45
2020-01-06T21:21:00,SIM,139.55
2020-01-06T21:22:00,SIM,140.5
2020-01-06T21:23:00,SIM,140.81
2020-01-06T21:24:00,SIM,141.0
2020-01-06T21:25:00,SIM,141.36
2020-01-06T21:26:00,SIM,141.36
2020-01-06T21:27:00,SIM,141.9
2020-01-06T21:28:00,SIM,141.7
2020-01-06T21:29:00,SIM,140.86
2020-01-06T21:30:00,SIM,141.08
2020-01-06T21:31:00,SIM,141.69
2020-01-06T21:32:00,SIM,142.18
2020-01-06T21:33:00,SIM,141.52
2020-01-06T21:34:00,SIM,142.14
2020-01-06T21:35:00,SIM,142.21
2020-01-06T21:36:00,SIM,141.44
2020-01-06T21:37:00,SIM,141.14
2020-01-06T21:38:00,SIM,140.36
2020-01-06T21:39:00,SIM,141.05
2020-01-06T21:40:00,SIM,141.27
2020-01-06T21:41:00,SIM,142.14
2020-01-06T21:42:00,SIM,142.53
2020-01-06T21:43:00,SIM,142.22
2020-01-06T21:44:00,SIM,141.98
2020-01-06T21:45:00,SIM,142.44
2020-01-06T21:46:00,SIM,142.03
2020-01-06T21:47:00,SIM,141.14
2020-01-06T21:48:00,SIM,141.96
2020-01-06T21:49:00,SIM,142.05
2020-01-06T21:50:00,SIM,142.56
2020-01-06T21:51:00,SIM,141.67
2020-01-06T21:52:00,SIM,142.41
2020-01-06T21:53:00,SIM,141.57
2020-01-06T21:54:00,SIM,142.1
2020-01-06T21:55:00,SIM,143.05
2020-01-06T21:56:00,SIM,143.55
2020-01-06T21:57:00,SIM,143.96
2020-01-06T21:58:00,SIM,144.13
2020-01-06T21:59:00,SIM,143.69
2020-01-06T22:00:00,SIM,143.46
2020-01-06T22:01:00,SIM,144.08
2020-01-06T22:02:00,SIM,143.88
2020-01-06T22:03:00,SIM,142.98
2020-01-06T22:04:00,SIM,142.67
2020-01-06T22:05:00,SIM,143.62
2020-01-06T22:06:00,SIM,144.32
2020-01-06T22:07:00,SIM,144.51
2020-01-06T22:08:00,SIM,145.39
2020-01-06T22:09:00,SIM,146.04
2020-01-06T22:10:00,SIM,145.05
2020-01-06T22:11:00,SIM,144.52
2020-01-06T22:12:00,SIM,145.22
2020-01-06T22:13:00,SIM,144.79
2020-01-06T22:14:00,SIM,143.88
2020-01-06T22:15:00,SIM,144.5
2020-01-06T22:16:00,SIM,145.2
2020-01-06T22:17:00,SIM,146.12
2020-01-06T22:18:00,SIM,146.71
2020-01-06T22:19:00,SIM,146.26
2020-01-06T22:20:00,SIM,145.49
2020-01-06T22:21:00,SIM,146.08
2020-01-06T22:22:00,SIM,145.16
2020-01-06T22:23:00,SIM,145.95
2020-01-06T22:24:00,SIM,146.66
2020-01-06T22:25:00,SIM,147.63
2020-01-06T22:26:00,SIM,148.59
2020-01-06T22:27:00,SIM,148.81
2020-01-06T22:28:00,SIM,148.42
2020-01-06T22:29:00,SIM,148.46
2020-01-06T22:30:00,SIM,148.55
2020-01-06T22:31:00,SIM,148.51
2020-01-06T22:32:00,SIM,147.52
2020-01-06T22:33:00,SIM,147.05
2020-01-06T22:34:00,SIM,146.99
2020-01-06T22:35:00,SIM,146.44
2020-01-06T22:36:00,SIM,145.83
2020-01-06T22:37:00,SIM,146.71
2020-01-06T22:38:00,SIM,146.1
2020-01-06T22:39:00,SIM,146.71
2020-01-06T22:40:00,SIM,147.51
2020-01-06T22:41:00,SIM,147.28
2020-01-06T22:42:00,SIM,147.56
2020-01-06T22:43:00,SIM,147.35
2020-01-06T22:44:00,SIM,148.19
2020-01-06T22:45:00,SIM,147.82
2020-01-06T22:46:00,SIM,148.52
2020-01-06T22:47:00,SIM,147.97
2020-01-06T22:48:00,SIM,148.29
2020-01-06T22:49:00,SIM,147.72
2020-01-06T22:50:00,SIM,147.24
2020-01-06T22:51:00,SIM,147.79
2020-01-06T22:52:00,SIM,147.03
2020-01-06T22:53:00,SIM,146.35
2020-01-06T22:54:00,SIM,145.39
2020-01-06T22:55:00,SIM,144.42
2020-01-06T22:56:00,SIM,145.1
2020-01-06T22:57:00,SIM,144.67
2020-01-06T22:58:00,SIM,144.84
2020-01-06T22:59:00,SIM,144.71
2020-01-06T23:00:00,SIM,144.75
2020-01-06T23:01:00,SIM,145.33
2020-01-06T23:02:00,SIM,144.68
2020-01-06T23:03:00,SIM,144.84
2020-01-06T23:04:00,SIM,145.56
2020-01-06T23:05:00,SIM,145.28
2020-01-06T23:06:00,SIM,145.0
2020-01-06T23:07:00,SIM,145.2
2020-01-06T23:08:00,SIM,144.9
2020-01-06T23:09:00,SIM,144.4
2020-01-06T23:10:00,SIM,144.42
2020-01-06T23:11:00,SIM,144.11
2020-01-06T23:12:00,SIM,143.36
2020-01-06T23:13:00,SIM,144.18
2020-01-06T23:14:00,SIM,144.46
2020-01-06T23:15:00,SIM,144.99
2020-01-06T23:16:00,SIM,144.74
2020-01-06T23:17:00,SIM,144.3
2020-01-06T23:18:00,SIM,143.91
2020-01-06T23:19:00,SIM,142.99
2020-01-06T23:20:00,SIM,143.2
2020-01-06T23:21:00,SIM,143.98
2020-01-06T23:22:00,SIM,143.16
2020-01-06T23:23:00,SIM,143.2
2020-01-06T23:24:00,SIM,142.37
2020-01-06T23:25:00,SIM,141.91
2020-01-06T23:26:00,SIM,142.78
2020-01-06T23:27:00,SIM,143.07
2020-01-06T23:28:00,SIM,143.78
2020-01-06T23:29:00,SIM,143.53
2020-01-06T23:30:00,SIM,143.1
2020-01-06T23:31:00,SIM,142.57
2020-01-06T23:32:00,SIM,142.73
2020-01-06T23:33:00,SIM,142.29
2020-01-06T23:34:00,SIM,142.96
2020-01-06T23:35:00,SIM,142.82
2020-01-06T23:36:00,SIM,143.26
2020-01-06T23:37:00,SIM,142.89
2020-01-06T23:38:00,SIM,143.26
2020-01-06T23:39:00,SIM,143.89
2020-01-06T23:40:00,SIM,143.03
2020-01-06T23:41:00,SIM,142.71
2020-01-06T23:42:00,SIM,142.44
2020-01-06T23:43:00,SIM,142.64
2020-01-06T23:44:00,SIM,143.61
2020-01-06T23:45:00,SIM,144.02
2020-01-06T23:46:00,SIM,144.78
2020-01-06T23:47:00,SIM,144.49
2020-01-06T23:48:00,SIM,144.0
2020-01-06T23:49:00,SIM,143.97
2020-01-06T23:50:00,SIM,144.96
2020-01-06T23:51:00,SIM,145.56
2020-01-06T23:52:00,SIM,146.25
2020-01-06T23:53:00,SIM,146.07
2020-01-06T23:54:00,SIM,145.95
2020-01-06T23:55:00,SIM,146.32
2020-01-06T23:56:00,SIM,145.49
2020-01-06T23:57:00,SIM,146.26
2020-01-06T23:58:00,SIM,146.22
2020-01-06T23:59:00,SIM,146.04
2020-01-07T00:00:00,SIM,146.67
2020-01-07T00:01:00,SIM,147.27
2020-01-07T00:02:00,SIM,146.71
2020-01-07T00:03:00,SIM,146.93
2020-01-07T00:04:00,SIM,146.19
2020-01-07T00:05:00,SIM,145.85
2020-01-07T00:06:00,SIM,146.5
2020-01-07T00:07:00,SIM,147.33
2020-01-07T00:08:00,SIM,147.69
2020-01-07T00:09:00,SIM,146.8
2020-01-07T00:10:00,SIM,146.08
2020-01-07T00:11:00,SIM,145.97
2020-01-07T00:12:00,SIM,146.17
2020-01-07T00:13:00,SIM,146.73
2020-01-07T00:14:00,SIM,147.51
2020-01-07T00:15:00,SIM,147.91
2020-01-07T00:16:00,SIM,148.82
2020-01-07T00:17:00,SIM,149.13
2020-01-07T00:18:00,SIM,150.12
2020-01-07T00:19:00,SIM,150.9
2020-01-07T00:20:00,SIM,151.18
2020-01-07T00:21:00,SIM,151.09
2020-01-07T00:22:00,SIM,152.03
2020-01-07T00:23:00,SIM,152.93
2020-01-07T00:24:00,SIM,152.65
2020-01-07T00:25:00,SIM,152.6
2020-01-07T00:26:00,SIM,153.14
2020-01-07T00:27:00,SIM,152.72
2020-01-07T00:28:00,SIM,152.45
2020-01-07T00:29:00,SIM,151.88
2020-01-07T00:30:00,SIM,152.74
2020-01-07T00:31:00,SIM,152.58
2020-01-07T00:32:00,SIM,151.82
2020-01-07T00:33:00,SIM,152.33
2020-01-07T00:34:00,SIM,152.01
2020-01-07T00:35:00,SIM,151.78
2020-01-07T00:36:00,SIM,152.46
2020-01-07T00:37:00,SIM,151.71
2020-01-07T00:38:00,SIM,151.36
2020-01-07T00:39:00,SIM,152.22
2020-01-07T00:40:00,SIM,151.94
2020-01-07T00:41:00,SIM,152.56
2020-01-07T00:42:00,SIM,152.25
2020-01-07T00:43:00,SIM,153.1
2020-01-07T00:44:00,SIM,152.31
2020-01-07T00:45:00,SIM,151.48
2020-01-07T00:46:00,SIM,150.57
2020-01-07T00:47:00,SIM,151.52
2020-01-07T00:48:00,SIM,150.55
2020-01-07T00:49:00,SIM,151.31
2020-01-07T00:50:00,SIM,151.06
2020-01-07T00:51:00,SIM,151.48
2020-01-07T00:52:00,SIM,151.89
2020-01-07T00:53:00,SIM,151.27
2020-01-07T00:54:00,SIM,151.19
2020-01-07T00:55:00,SIM,151.51
2020-01-07T00:56:00,SIM,151.61
2020-01-07T00:57:00,SIM,150.8
2020-01-07T00:58:00,SIM,151.68
2020-01-07T00:59:00,SIM,152.51
2020-01-07T01:00:00,SIM,151.82
2020-01-07T01:01:00,SIM,151.93
2020-01-07T01:02:00,SIM,152.13
2020-01-07T01:03:00,SIM,151.63
2020-01-07T01:04:00,SIM,151.45
2020-01-07T01:05:00,SIM,150.51
2020-01-07T01:06:00,SIM,150.75
2020-01-07T01:07:00,SIM,151.68
2020-01-07T01:08:00,SIM,151.0
2020-01-07T01:09:00,SIM,150.68
2020-01-07T01:10:00,SIM,150.82
2020-01-07T01:11:00,SIM,150.79
2020-01-07T01:12:00,SIM,150.4
2020-01-07T01:13:00,SIM,149.92
2020-01-07T01:14:00,SIM,150.69
2020-01-07T01:15:00,SIM,149.89
2020-01-07T01:16:00,SIM,149.78
2020-01-07T01:17:00,SIM,150.59
2020-01-07T01:18:00,SIM,151.51
2020-01-07T01:19:00,SIM,152.27
2020-01-07T01:20:00,SIM,152.44
2020-01-07T01:21:00,SIM,151.45
2020-01-07T01:22:00,SIM,150.97
2020-01-07T01:23:00,SIM,151.86
2020-01-07T01:24:00,SIM,151.2
2020-01-07T01:25:00,SIM,151.62
2020-01-07T01:26:00,SIM,150.96
2020-01-07T01:27:00,SIM,149.97
2020-01-07T01:28:00,SIM,150.31
2020-01-07T01:29:00,SIM,149.82
2020-01-07T01:30:00,SIM,149.13
2020-01-07T01:31:00,SIM,148.47
2020-01-07T01:32:00,SIM,148.05
2020-01-07T01:33:00,SIM,147.92
2020-01-07T01:34:00,SIM,148.9
2020-01-07T01:35:00,SIM,149.1
2020-01-07T01:36:00,SIM,149.85
2020-01-07T01:37:00,SIM,150.81
2020-01-07T01:38:00,SIM,150.7
2020-01-07T01:39:00,SIM,149.79
2020-01-07T01:40:00,SIM,150.11
2020-01-07T01:41:00,SIM,150.39
2020-01-07T01:42:00,SIM,150.2
2020-01-07T01:43:00,SIM,150.23
2020-01-07T01:44:00,SIM,149.94
2020-01-07T01:45:00,SIM,149.0
2020-01-07T01:46:00,SIM,148.46
2020-01-07T01:47:00,SIM,148.24
2020-01-07T01:48:00,SIM,148.96
2020-01-07T01:49:00,SIM,149.54
2020-01-07T01:50:00,SIM,149.94
2020-01-07T01:51:00,SIM,149.53
2020-01-07T01:52:00,SIM,148.88
2020-01-07T01:53:00,SIM,149.6
2020-01-07T01:54:00,SIM,149.51
2020-01-07T01:55:00,SIM,148.75
2020-01-07T01:56:00,SIM,148.18
2020-01-07T01:57:00,SIM,147.29
2020-01-07T01:58:00,SIM,146.72
2020-01-07T01:59:00,SIM,146.91
2020-01-07T02:00:00,SIM,147.52
2020-01-07T02:01:00,SIM,146.74
2020-01-07T02:02:00,SIM,147.04
2020-01-07T02:03:00,SIM,147.63
2020-01-07T02:04:00,SIM,148.2
2020-01-07T02:05:00,SIM,148.62
2020-01-07T02:06:00,SIM,149.37
2020-01-07T02:07:00,SIM,149.49
2020-01-07T02:08:00,SIM,149.99
2020-01-07T02:09:00,SIM,150.77
2020-01-07T02:10:00,SIM,150.74
2020-01-07T02:11:00,SIM,150.73
2020-01-07T02:12:00,SIM,150.55
2020-01-07T02:13:00,SIM,149.9
2020-01-07T02:14:00,SIM,149.74
2020-01-07T02:15:00,SIM,149.72
2020-01-07T02:16:00,SIM,149.99
2020-01-07T02:17:00,SIM,150.88
2020-01-07T02:18:00,SIM,150.96
2020-01-07T02:19:00,SIM,150.36
2020-01-07T02:20:00,SIM,150.98
2020-01-07T02:21:00,SIM,150.61
2020-01-07T02:22:00,SIM,149.96
2020-01-07T02:23:00,SIM,150.71
2020-01-07T02:24:00,SIM,150.67
2020-01-07T02:25:00,SIM,151.12
2020-01-07T02:26:00,SIM,151.02
2020-01-07T02:27:00,SIM,151.37
2020-01-07T02:28:00,SIM,150.49
2020-01-07T02:29:00,SIM,150.24
2020-01-07T02:30:00,SIM,150.86
2020-01-07T02:31:00,SIM,150.15
2020-01-07T02:32:00,SIM,149.17
2020-01-07T02:33:00,SIM,148.35
2020-01-07T02:34:00,SIM,149.07
2020-01-07T02:35:00,SIM,148.53
2020-01-07T02:36:00,SIM,148.13
2020-01-07T02:37:00,SIM,148.24
2020-01-07T02:38:00,SIM,148.47
2020-01-07T02:39:00,SIM,148.38
2020-01-07T02:40:00,SIM,148.29
2020-01-07T02:41:00,SIM,149.18
2020-01-07T02:42:00,SIM,148.23
2020-01-07T02:43:00,SIM,148.17
2020-01-07T02:44:00,SIM,147.43
2020-01-07T02:45:00,SIM,146.98
2020-01-07T02:46:00,SIM,146.44
2020-01-07T02:47:00,SIM,145.98
2020-01-07T02:48:00,SIM,145.44
2020-01-07T02:49:00,SIM,145.35
2020-01-07T02:50:00,SIM,145.49
2020-01-07T02:51:00,SIM,145.31
2020-01-07T02:52:00,SIM,145.75
2020-01-07T02:53:00,SIM,145.74
2020-01-07T02:54:00,SIM,145.84
2020-01-07T02:55:00,SIM,145.67
2020-01-07T02:56:00,SIM,145.85
2020-01-07T02:57:00,SIM,146.61
2020-01-07T02:58:00,SIM,147.55
2020-01-07T02:59:00,SIM,147.3
2020-01-07T03:00:00,SIM,147.05
2020-01-07T03:01:00,SIM,147.1
2020-01-07T03:02:00,SIM,147.03
2020-01-07T03:03:00,SIM,147.16
2020-01-07T03:04:00,SIM,146.73
2020-01-07T03:05:00,SIM,146.53
2020-01-07T03:06:00,SIM,145.84
2020-01-07T03:07:00,SIM,145.12
2020-01-07T03:08:00,SIM,146.1
2020-01-07T03:09:00,SIM,145.77
2020-01-07T03:10:00,SIM,145.22
2020-01-07T03:11:00,SIM,146.12
2020-01-07T03:12:00,SIM,146.06
2020-01-07T03:13:00,SIM,146.23
2020-01-07T03:14:00,SIM,146.47
2020-01-07T03:15:00,SIM,145.71
2020-01-07T03:16:00,SIM,146.38
2020-01-07T03:17:00,SIM,145.73
2020-01-07T03:18:00,SIM,145.05
2020-01-07T03:19:00,SIM,145.32
2020-01-07T03:20:00,SIM,144.65
2020-01-07T03:21:00,SIM,143.87
2020-01-07T03:22:00,SIM,143.48
2020-01-07T03:23:00,SIM,143.26
2020-01-07T03:24:00,SIM,143.02
2020-01-07T03:25:00,SIM,142.99
2020-01-07T03:26:00,SIM,143.34
2020-01-07T03:27:00,SIM,143.32
2020-01-07T03:28:00,SIM,143.15
2020-01-07T03:29:00,SIM,143.47
2020-01-07T03:30:00,SIM,143.34
2020-01-07T03:31:00,SIM,143.82
2020-01-07T03:32:00,SIM,142.9
2020-01-07T03:33:00,SIM,142.69
2020-01-07T03:34:00,SIM,141.98
2020-01-07T03:35:00,SIM,141.27
2020-01-07T03:36:00,SIM,140.68
2020-01-07T03:37:00,SIM,139.77
2020-01-07T03:38:00,SIM,140.32
2020-01-07T03:39:00,SIM,140.63
2020-01-07T03:40:00,SIM,140.39
2020-01-07T03:41:00,SIM,140.12
2020-01-07T03:42:00,SIM,139.69
2020-01-07T03:43:00,SIM,139.1
2020-01-07T03:44:00,SIM,138.37
2020-01-07T03:45:00,SIM,138.3
2020-01-07T03:46:00,SIM,138.5
2020-01-07T03:47:00,SIM,138.69
2020-01-07T03:48:00,SIM,138.09
2020-01-07T03:49:00,SIM,139.07
2020-01-07T03:50:00,SIM,138.3
2020-01-07T03:51:00,SIM,139.29
2020-01-07T03:52:00,SIM,139.35
2020-01-07T03:53:00,SIM,140.2
2020-01-07T03:54:00,SIM,140.88
2020-01-07T03:55:00,SIM,140.17
2020-01-07T03:56:00,SIM,140.88
2020-01-07T03:57:00,SIM,141.3
2020-01-07T03:58:00,SIM,141.53
2020-01-07T03:59:00,SIM,141.0
2020-01-07T04:00:00,SIM,141.67
2020-01-07T04:01:00,SIM,142.29
2020-01-07T04:02:00,SIM,141.59
2020-01-07T04:03:00,SIM,142.32
2020-01-07T04:04:00,SIM,141.99
2020-01-07T04:05:00,SIM,142.93
2020-01-07T04:06:00,SIM,143.91
2020-01-07T04:07:00,SIM,144.35
2020-01-07T04:08:00,SIM,143.79
2020-01-07T04:09:00,SIM,142.92
2020-01-07T04:10:00,SIM,143.17
2020-01-07T04:11:00,SIM,143.7
2020-01-07T04:12:00,SIM,143.11
2020-01-07T04:13:00,SIM,143.58
2020-01-07T04:14:00,SIM,142.96
2020-01-07T04:15:00,SIM,142.93
2020-01-07T04:16:00,SIM,142.08
2020-01-07T04:17:00,SIM,141.57
2020-01-07T04:18:00,SIM,141.26
2020-01-07T04:19:00,SIM,140.53
2020-01-07T04:20:00,SIM,139.97
2020-01-07T04:21:00,SIM,140.1
2020-01-07T04:22:00,SIM,140.79
2020-01-07T04:23:00,SIM,140.4
2020-01-07T04:24:00,SIM,140.54
2020-01-07T04:25:00,SIM,141.03
2020-01-07T04:26:00,SIM,141.29
2020-01-07T04:27:00,SIM,140.51
2020-01-07T04:28:00,SIM,140.24
2020-01-07T04:29:00,SIM,140.84
2020-01-07T04:30:00,SIM,139.84
2020-01-07T04:31:00,SIM,139.96
2020-01-07T04:32:00,SIM,139.44
2020-01-07T04:33:00,SIM,139.57
2020-01-07T04:34:00,SIM,139.11
2020-01-07T04:35:00,SIM,139.76
2020-01-07T04:36:00,SIM,139.26
2020-01-07T04:37:00,SIM,138.84
2020-01-07T04:38:00,SIM,138.02
2020-01-07T04:39:00,SIM,137.64
2020-01-07T04:40:00,SIM,137.92
2020-01-07T04:41:00,SIM,137.12
2020-01-07T04:42:00,SIM,136.35
2020-01-07T04:43:00,SIM,136.19
2020-01-07T04:44:00,SIM,136.47
2020-01-07T04:45:00,SIM,136.93
2020-01-07T04:46:00,SIM,135.97
2020-01-07T04:47:00,SIM,135.56
2020-01-07T04:48:00,SIM,135.81
2020-01-07T04:49:00,SIM,135.88
2020-01-07T04:50:00,SIM,136.6
2020-01-07T04:51:00,SIM,135.9
2020-01-07T04:52:00,SIM,136.67
2020-01-07T04:53:00,SIM,136.46
2020-01-07T04:54:00,SIM,137.19
2020-01-07T04:55:00,SIM,137.05
2020-01-07T04:56:00,SIM,137.83
2020-01-07T04:57:00,SIM,138.69
2020-01-07T04:58:00,SIM,139.1
2020-01-07T04:59:00,SIM,138.51
2020-01-07T05:00:00,SIM,139.14
2020-01-07T05:01:00,SIM,138.15
2020-01-07T05:02:00,SIM,138.77
2020-01-07T05:03:00,SIM,138.54
2020-01-07T05:04:00,SIM,139.31
2020-01-07T05:05:00,SIM,138.98
2020-01-07T05:06:00,SIM,139.14
2020-01-07T05:07:00,SIM,138.58
2020-01-07T05:08:00,SIM,138.74
2020-01-07T05:09:00,SIM,138.3
2020-01-07T05:10:00,SIM,139.01
2020-01-07T05:11:00,SIM,138.85
2020-01-07T05:12:00,SIM,138.8
2020-01-07T05:13:00,SIM,139.6
2020-01-07T05:14:00,SIM,138.72
2020-01-07T05:15:00,SIM,139.48
2020-01-07T05:16:00,SIM,139.11
2020-01-07T05:17:00,SIM,140.07
2020-01-07T05:18:00,SIM,140.87
2020-01-07T05:19:00,SIM,141.53
2020-01-07T05:20:00,SIM,141.45
2020-01-07T05:21:00,SIM,141.89
2020-01-07T05:22:00,SIM,141.56
2020-01-07T05:23:00,SIM,140.72
2020-01-07T05:24:00,SIM,141.08
2020-01-07T05:25:00,SIM,141.51
2020-01-07T05:26:00,SIM,141.32
2020-01-07T05:27:00,SIM,141.6
2020-01-07T05:28:00,SIM,141.7
2020-01-07T05:29:00,SIM,141.74
2020-01-07T05:30:00,SIM,141.77
2020-01-07T05:31:00,SIM,141.37
2020-01-07T05:32:00,SIM,140.94
2020-01-07T05:33:00,SIM,141.21
2020-01-07T05:34:00,SIM,141.19
2020-01-07T05:35:00,SIM,141.73
2020-01-07T05:36:00,SIM,141.76
2020-01-07T05:37:00,SIM,141.25
2020-01-07T05:38:00,SIM,141.23
2020-01-07T05:39:00,SIM,141.33
2020-01-07T05:40:00,SIM,141.33
2020-01-07T05:41:00,SIM,141.69
2020-01-07T05:42:00,SIM,141.35
2020-01-07T05:43:00,SIM,141.17
2020-01-07T05:44:00,SIM,140.87
2020-01-07T05:45:00,SIM,141.28
2020-01-07T05:46:00,SIM,141.35
2020-01-07T05:47:00,SIM,141.38
2020-01-07T05:48:00,SIM,142.05
2020-01-07T05:49:00,SIM,141.18
2020-01-07T05:50:00,SIM,140.8
2020-01-07T05:51:00,SIM,141.38
2020-01-07T05:52:00,SIM,140.48
2020-01-07T05:53:00,SIM,139.87
2020-01-07T05:54:00,SIM,140.68
2020-01-07T05:55:00,SIM,141.54
2020-01-07T05:56:00,SIM,142.29
2020-01-07T05:57:00,SIM,142.31
2020-01-07T05:58:00,SIM,142.28
2020-01-07T05:59:00,SIM,141.48
2020-01-07T06:00:00,SIM,140.51
2020-01-07T06:01:00,SIM,141.36
2020-01-07T06:02:00,SIM,141.58
2020-01-07T06:03:00,SIM,142.28
2020-01-07T06:04:00,SIM,142.76
2020-01-07T06:05:00,SIM,143.55
2020-01-07T06:06:00,SIM,143.78
2020-01-07T06:07:00,SIM,143.34
2020-01-07T06:08:00,SIM,143.95
2020-01-07T06:09:00,SIM,144.57
2020-01-07T06:10:00,SIM,144.84
2020-01-07T06:11:00,SIM,144.16
2020-01-07T06:12:00,SIM,144.99
2020-01-07T06:13:00,SIM,144.28
2020-01-07T06:14:00,SIM,143.29
2020-01-07T06:15:00,SIM,144.27
2020-01-07T06:16:00,SIM,144.72
2020-01-07T06:17:00,SIM,145.43
2020-01-07T06:18:00,SIM,144.49
2020-01-07T06:19:00,SIM,144.67
2020-01-07T06:20:00,SIM,144.16
2020-01-07T06:21:00,SIM,144.04
2020-01-07T06:22:00,SIM,143.9
2020-01-07T06:23:00,SIM,143.98
2020-01-07T06:24:00,SIM,143.62
2020-01-07T06:25:00,SIM,144.04
2020-01-07T06:26:00,SIM,143.16
2020-01-07T06:27:00,SIM,142.21
2020-01-07T06:28:00,SIM,142.58
2020-01-07T06:29:00,SIM,142.39
2020-01-07T06:30:00,SIM,141.55
2020-01-07T06:31:00,SIM,141.1
2020-01-07T06:32:00,SIM,141.31
2020-01-07T06:33:00,SIM,140.9
2020-01-07T06:34:00,SIM,140.22
2020-01-07T06:35:00,SIM,140.77
2020-01-07T06:36:00,SIM,140.42
2020-01-07T06:37:00,SIM,139.56
2020-01-07T06:38:00,SIM,139.46
2020-01-07T06:39:00,SIM,139.21
2020-01-07T06:40:00,SIM,140.0
2020-01-07T06:41:00,SIM,141.0
2020-01-07T06:42:00,SIM,141.65
2020-01-07T06:43:00,SIM,141.44
2020-01-07T06:44:00,SIM,140.85
2020-01-07T06:45:00,SIM,139.99
2020-01-07T06:46:00,SIM,139.85
2020-01-07T06:47:00,SIM,139.91
2020-01-07T06:48:00,SIM,139.05
2020-01-07T06:49:00,SIM,138.92
2020-01-07T06:50:00,SIM,139.42
2020-01-07T06:51:00,SIM,140.21
2020-01-07T06:52:00,SIM,140.48
2020-01-07T06:53:00,SIM,140.92
2020-01-07T06:54:00,SIM,140.22
2020-01-07T06:55:00,SIM,140.5
2020-01-07T06:56:00,SIM,139.76
2020-01-07T06:57:00,SIM,139.79
2020-01-07T06:58:00,SIM,139.77
2020-01-07T06:59:00,SIM,140.44
2020-01-07T07:00:00,SIM,140.44
2020-01-07T07:01:00,SIM,140.81
2020-01-07T07:02:00,SIM,141.15
2020-01-07T07:03:00,SIM,141.12
2020-01-07T07:04:00,SIM,141.83
2020-01-07T07:05:00,SIM,141.22
2020-01-07T07:06:00,SIM,140.31
2020-01-07T07:07:00,SIM,141.29
2020-01-07T07:08:00,SIM,141.03
2020-01-07T07:09:00,SIM,141.3
2020-01-07T07:10:00,SIM,142.02
2020-01-07T07:11:00,SIM,142.95
2020-01-07T07:12:00,SIM,143.33
2020-01-07T07:13:00,SIM,142.54
2020-01-07T07:14:00,SIM,141.58
2020-01-07T07:15:00,SIM,140.59
2020-01-07T07:16:00,SIM,140.04
2020-01-07T07:17:00,SIM,140.17
2020-01-07T07:18:00,SIM,140.22
2020-01-07T07:19:00,SIM,140.29
2020-01-07T07:20:00,SIM,139.51
2020-01-07T07:21:00,SIM,140.0
2020-01-07T07:22:00,SIM,139.09
2020-01-07T07:23:00,SIM,138.9
2020-01-07T07:24:00,SIM,139.24
2020-01-07T07:25:00,SIM,139.93
2020-01-07T07:26:00,SIM,139.78
2020-01-07T07:27:00,SIM,139.15
2020-01-07T07:28:00,SIM,139.75
2020-01-07T07:29:00,SIM,140.5
2020-01-07T07:30:00,SIM,140.47
2020-01-07T07:31:00,SIM,141.23
2020-01-07T07:32:00,SIM,141.69
2020-01-07T07:33:00,SIM,141.98
2020-01-07T07:34:00,SIM,142.01
2020-01-07T07:35:00,SIM,142.26
2020-01-07T07:36:00,SIM,142.16
2020-01-07T07:37:00,SIM,142.51
2020-01-07T07:38:00,SIM,142.6
2020-01-07T07:39:00,SIM,142.55
2020-01-07T07:40:00,SIM,141.83
2020-01-07T07:41:00,SIM,141.79
2020-01-07T07:42:00,SIM,142.27
2020-01-07T07:43:00,SIM,141.41
2020-01-07T07:44:00,SIM,141.66
2020-01-07T07:45:00,SIM,142.52
2020-01-07T07:46:00,SIM,142.81
2020-01-07T07:47:00,SIM,143.37
2020-01-07T07:48:00,SIM,144.27
2020-01-07T07:49:00,SIM,145.04
2020-01-07T07:50:00,SIM,144.94
2020-01-07T07:51:00,SIM,144.45
2020-01-07T07:52:00,SIM,144.37
2020-01-07T07:53:00,SIM,144.54
2020-01-07T07:54:00,SIM,144.84
2020-01-07T07:55:00,SIM,144.18
2020-01-07T07:56:00,SIM,144.38
2020-01-07T07:57:00,SIM,143.64
2020-01-07T07:58:00,SIM,144.64
2020-01-07T07:59:00,SIM,144.24
2020-01-07T08:00:00,SIM,144.13
2020-01-07T08:01:00,SIM,144.47
2020-01-07T08:02:00,SIM,144.03
2020-01-07T08:03:00,SIM,144.82
2020-01-07T08:04:00,SIM,144.84
2020-01-07T08:05:00,SIM,143.99
2020-01-07T08:06:00,SIM,144.34
2020-01-07T08:07:00,SIM,143.92
2020-01-07T08:08:00,SIM,143.08
2020-01-07T08:09:00,SIM,142.46
2020-01-07T08:10:00,SIM,142.18
2020-01-07T08:11:00,SIM,142.11
2020-01-07T08:12:00,SIM,142.91
2020-01-07T08:13:00,SIM,142.18
2020-01-07T08:14:00,SIM,143.07
2020-01-07T08:15:00,SIM,142.47
2020-01-07T08:16:00,SIM,143.19
2020-01-07T08:17:00,SIM,142.72
2020-01-07T08:18:00,SIM,141.94
2020-01-07T08:19:00,SIM,141.9
2020-01-07T08:20:00,SIM,142.11
2020-01-07T08:21:00,SIM,142.3
2020-01-07T08:22:00,SIM,141.48
2020-01-07T08:23:00,SIM,141.4
2020-01-07T08:24:00,SIM,142.15
2020-01-07T08:25:00,SIM,141.79
2020-01-07T08:26:00,SIM,141.99
2020-01-07T08:27:00,SIM,142.91
2020-01-07T08:28:00,SIM,142.4
2020-01-07T08:29:00,SIM,142.22
2020-01-07T08:30:00,SIM,143.13
2020-01-07T08:31:00,SIM,142.68
2020-01-07T08:32:00,SIM,143.04
2020-01-07T08:33:00,SIM,144.0
2020-01-07T08:34:00,SIM,143.82
2020-01-07T08:35:00,SIM,144.08
2020-01-07T08:36:00,SIM,143.93
2020-01-07T08:37:00,SIM,143.09
2020-01-07T08:38:00,SIM,142.37
2020-01-07T08:39:00,SIM,142.44
2020-01-07T08:40:00,SIM,142.96
2020-01-07T08:41:00,SIM,142.5
2020-01-07T08:42:00,SIM,142.31
2020-01-07T08:43:00,SIM,142.91
2020-01-07T08:44:00,SIM,142.95
2020-01-07T08:45:00,SIM,142.81
2020-01-07T08:46:00,SIM,143.31
2020-01-07T08:47:00,SIM,143.02
2020-01-07T08:48:00,SIM,144.0
2020-01-07T08:49:00,SIM,144.39
2020-01-07T08:50:00,SIM,145.02
2020-01-07T08:51:00,SIM,145.51
2020-01-07T08:52:00,SIM,144.76
2020-01-07T08:53:00,SIM,144.34
2020-01-07T08:54:00,SIM,144.13
2020-01-07T08:55:00,SIM,144.76
2020-01-07T08:56:00,SIM,143.78
2020-01-07T08:57:00,SIM,143.02
2020-01-07T08:58:00,SIM,143.29
2020-01-07T08:59:00,SIM,143.43
2020-01-07T09:00:00,SIM,143.3
2020-01-07T09:01:00,SIM,143.93
2020-01-07T09:02:00,SIM,144.9
2020-01-07T09:03:00,SIM,145.02
2020-01-07T09:04:00,SIM,145.19
2020-01-07T09:05:00,SIM,144.42
2020-01-07T09:06:00,SIM,144.84
2020-01-07T09:07:00,SIM,144.75
2020-01-07T09:08:00,SIM,144.21
2020-01-07T09:09:00,SIM,144.88
2020-01-07T09:10:00,SIM,145.23
2020-01-07T09:11:00,SIM,145.51
2020-01-07T09:12:00,SIM,145.27
2020-01-07T09:13:00,SIM,144.91
2020-01-07T09:14:00,SIM,144.01
2020-01-07T09:15:00,SIM,143.87
2020-01-07T09:16:00,SIM,143.37
2020-01-07T09:17:00,SIM,143.97
2020-01-07T09:18:00,SIM,144.75
2020-01-07T09:19:00,SIM,144.04
2020-01-07T09:20:00,SIM,144.84
2020-01-07T09:21:00,SIM,145.04
2020-01-07T09:22:00,SIM,145.17
2020-01-07T09:23:00,SIM,144.57
2020-01-07T09:24:00,SIM,144.29
2020-01-07T09:25:00,SIM,144.86
2020-01-07T09:26:00,SIM,145.19
2020-01-07T09:27:00,SIM,144.27
2020-01-07T09:28:00,SIM,144.2
2020-01-07T09:29:00,SIM,144.38
2020-01-07T09:30:00,SIM,144.26
2020-01-07T09:31:00,SIM,144.89
2020-01-07T09:32:00,SIM,145.27
2020-01-07T09:33:00,SIM,145.04
2020-01-07T09:34:00,SIM,144.7
2020-01-07T09:35:00,SIM,144.38
2020-01-07T09:36:00,SIM,145.11
2020-01-07T09:37:00,SIM,145.77
2020-01-07T09:38:00,SIM,145.33
2020-01-07T09:39:00,SIM,146.25
2020-01-07T09:40:00,SIM,145.32
2020-01-07T09:41:00,SIM,144.46
2020-01-07T09:42:00,SIM,145.35
2020-01-07T09:43:00,SIM,145.93
2020-01-07T09:44:00,SIM,145.74
2020-01-07T09:45:00,SIM,145.34
2020-01-07T09:46:00,SIM,144.96
2020-01-07T09:47:00,SIM,144.97
2020-01-07T09:48:00,SIM,145.73
2020-01-07T09:49:00,SIM,144.93
2020-01-07T09:50:00,SIM,144.94
2020-01-07T09:51:00,SIM,144.25
2020-01-07T09:52:00,SIM,144.75
2020-01-07T09:53:00,SIM,144.28
2020-01-07T09:54:00,SIM,144.5
2020-01-07T09:55:00,SIM,145.03
2020-01-07T09:56:00,SIM,144.97
2020-01-07T09:57:00,SIM,145.49
2020-01-07T09:58:00,SIM,146.27
2020-01-07T09:59:00,SIM,146.37
2020-01-07T10:00:00,SIM,145.42
2020-01-07T10:01:00,SIM,145.82
2020-01-07T10:02:00,SIM,145.42
2020-01-07T10:03:00,SIM,145.77
2020-01-07T10:04:00,SIM,146.49
2020-01-07T10:05:00,SIM,146.57
2020-01-07T10:06:00,SIM,145.74
2020-01-07T10:07:00,SIM,146.38
2020-01-07T10:08:00,SIM,146.9
2020-01-07T10:09:00,SIM,145.94
2020-01-07T10:10:00,SIM,146.37
2020-01-07T10:11:00,SIM,145.44
2020-01-07T10:12:00,SIM,145.34
2020-01-07T10:13:00,SIM,144.84
2020-01-07T10:14:00,SIM,145.12
2020-01-07T10:15:00,SIM,144.86
2020-01-07T10:16:00,SIM,144.49
2020-01-07T10:17:00,SIM,145.38
2020-01-07T10:18:00,SIM,144.64
2020-01-07T10:19:00,SIM,143.85
2020-01-07T10:20:00,SIM,143.86
2020-01-07T10:21:00,SIM,144.1
2020-01-07T10:22:00,SIM,144.8
2020-01-07T10:23:00,SIM,144.39
2020-01-07T10:24:00,SIM,144.28
2020-01-07T10:25:00,SIM,143.35
2020-01-07T10:26:00,SIM,142.76
2020-01-07T10:27:00,SIM,142.7
2020-01-07T10:28:00,SIM,141.91
2020-01-07T10:29:00,SIM,142.29
2020-01-07T10:30:00,SIM,142.12
2020-01-07T10:31:00,SIM,142.39
2020-01-07T10:32:00,SIM,142.76
2020-01-07T10:33:00,SIM,143.38
2020-01-07T10:34:00,SIM,142.88
2020-01-07T10:35:00,SIM,142.64
2020-01-07T10:36:00,SIM,143.58
2020-01-07T10:37:00,SIM,144.43
2020-01-07T10:38:00,SIM,143.76
2020-01-07T10:39:00,SIM,143.22
2020-01-07T10:40:00,SIM,143.78
2020-01-07T10:41:00,SIM,142.91
2020-01-07T10:42:00,SIM,142.94
2020-01-07T10:43:00,SIM,142.26
2020-01-07T10:44:00,SIM,142.9
2020-01-07T10:45:00,SIM,143.8
2020-01-07T10:46:00,SIM,142.95
2020-01-07T10:47:00,SIM,143.81
2020-01-07T10:48:00,SIM,143.29
2020-01-07T10:49:00,SIM,143.32
2020-01-07T10:50:00,SIM,144.12
2020-01-07T10:51:00,SIM,144.73
2020-01-07T10:52:00,SIM,145.61
2020-01-07T10:53:00,SIM,146.26
2020-01-07T10:54:00,SIM,145.26
2020-01-07T10:55:00,SIM,146.23
2020-01-07T10:56:00,SIM,147.13
2020-01-07T10:57:00,SIM,146.48
2020-01-07T10:58:00,SIM,146.9
2020-01-07T10:59:00,SIM,147.36
2020-01-07T11:00:00,SIM,148.06
2020-01-07T11:01:00,SIM,148.53
2020-01-07T11:02:00,SIM,147.69
2020-01-07T11:03:00,SIM,148.28
2020-01-07T11:04:00,SIM,148.9
2020-01-07T11:05:00,SIM,148.0
2020-01-07T11:06:00,SIM,148.03
2020-01-07T11:07:00,SIM,148.96
2020-01-07T11:08:00,SIM,148.59
2020-01-07T11:09:00,SIM,147.78
2020-01-07T11:10:00,SIM,148.52
2020-01-07T11:11:00,SIM,148.68
2020-01-07T11:12:00,SIM,148.15
2020-01-07T11:13:00,SIM,149.15
2020-01-07T11:14:00,SIM,149.48
2020-01-07T11:15:00,SIM,149.63
2020-01-07T11:16:00,SIM,149.67
2020-01-07T11:17:00,SIM,149.68
2020-01-07T11:18:00,SIM,148.83
2020-01-07T11:19:00,SIM,149.44
2020-01-07T11:20:00,SIM,149.72
2020-01-07T11:21:00,SIM,150.15
2020-01-07T11:22:00,SIM,150.4
2020-01-07T11:23:00,SIM,151.09
2020-01-07T11:24:00,SIM,150.41
2020-01-07T11:25:00,SIM,151.13
2020-01-07T11:26:00,SIM,150.65
2020-01-07T11:27:00,SIM,150.62
2020-01-07T11:28:00,SIM,151.1
2020-01-07T11:29:00,SIM,151.05
2020-01-07T11:30:00,SIM,151.84
2020-01-07T11:31:00,SIM,151.87
2020-01-07T11:32:00,SIM,151.58
2020-01-07T11:33:00,SIM,152.32
2020-01-07T11:34:00,SIM,151.89
2020-01-07T11:35:00,SIM,151.97
2020-01-07T11:36:00,SIM,151.96
2020-01-07T11:37:00,SIM,151.01
2020-01-07T11:38:00,SIM,150.2
2020-01-07T11:39:00,SIM,150.65
2020-01-07T11:40:00,SIM,151.4
2020-01-07T11:41:00,SIM,150.98
2020-01-07T11:42:00,SIM,151.59
2020-01-07T11:43:00,SIM,152.39
2020-01-07T11:44:00,SIM,153.36
2020-01-07T11:45:00,SIM,153.9
2020-01-07T11:46:00,SIM,154.62
2020-01-07T11:47:00,SIM,155.32
2020-01-07T11:48:00,SIM,155.0
2020-01-07T11:49:00,SIM,155.54
2020-01-07T11:50:00,SIM,156.12
2020-01-07T11:51:00,SIM,155.98
2020-01-07T11:52:00,SIM,155.19
2020-01-07T11:53:00,SIM,154.5
2020-01-07T11:54:00,SIM,154.23
2020-01-07T11:55:00,SIM,154.32
2020-01-07T11:56:00,SIM,154.3
2020-01-07T11:57:00,SIM,154.17
2020-01-07T11:58:00,SIM,154.59
2020-01-07T11:59:00,SIM,154.58
2020-01-07T12:00:00,SIM,154.72
2020-01-07T12:01:00,SIM,154.82
2020-01-07T12:02:00,SIM,155.48
2020-01-07T12:03:00,SIM,156.26
2020-01-07T12:04:00,SIM,157.21
2020-01-07T12:05:00,SIM,156.35
2020-01-07T12:06:00,SIM,156.73
2020-01-07T12:07:00,SIM,156.45
2020-01-07T12:08:00,SIM,155.63
2020-01-07T12:09:00,SIM,155.83
2020-01-07T12:10:00,SIM,155.88
2020-01-07T12:11:00,SIM,155.76
2020-01-07T12:12:00,SIM,155.12
2020-01-07T12:13:00,SIM,154.21
2020-01-07T12:14:00,SIM,153.9
2020-01-07T12:15:00,SIM,154.47
2020-01-07T12:16:00,SIM,154.04
2020-01-07T12:17:00,SIM,154.32
2020-01-07T12:18:00,SIM,154.83
2020-01-07T12:19:00,SIM,155.73
2020-01-07T12:20:00,SIM,155.1
2020-01-07T12:21:00,SIM,154.54
2020-01-07T12:22:00,SIM,155.13
2020-01-07T12:23:00,SIM,154.9
2020-01-07T12:24:00,SIM,155.66
2020-01-07T12:25:00,SIM,154.83
2020-01-07T12:26:00,SIM,155.2
2020-01-07T12:27:00,SIM,155.69
2020-01-07T12:28:00,SIM,156.42
2020-01-07T12:29:00,SIM,156.1
2020-01-07T12:30:00,SIM,156.17
2020-01-07T12:31:00,SIM,156.9
2020-01-07T12:32:00,SIM,156.35
2020-01-07T12:33:00,SIM,155.61
2020-01-07T12:34:00,SIM,155.88
2020-01-07T12:35:00,SIM,155.87
2020-01-07T12:36:00,SIM,156.55
2020-01-07T12:37:00,SIM,156.02
2020-01-07T12:38:00,SIM,156.53
2020-01-07T12:39:00,SIM,156.04
2020-01-07T12:40:00,SIM,156.44
2020-01-07T12:41:00,SIM,156.79
2020-01-07T12:42:00,SIM,156.92
2020-01-07T12:43:00,SIM,156.47
2020-01-07T12:44:00,SIM,155.96
2020-01-07T12:45:00,SIM,155.16
2020-01-07T12:46:00,SIM,154.89
2020-01-07T12:47:00,SIM,154.14
2020-01-07T12:48:00,SIM,155.13
2020-01-07T12:49:00,SIM,154.85
2020-01-07T12:50:00,SIM,154.15
2020-01-07T12:51:00,SIM,154.72
2020-01-07T12:52:00,SIM,155.58
2020-01-07T12:53:00,SIM,155.47
2020-01-07T12:54:00,SIM,154.84
2020-01-07T12:55:00,SIM,154.02
2020-01-07T12:56:00,SIM,153.32
2020-01-07T12:57:00,SIM,152.67
2020-01-07T12:58:00,SIM,151.74
2020-01-07T12:59:00,SIM,151.54
2020-01-07T13:00:00,SIM,152.25
2020-01-07T13:01:00,SIM,152.02
2020-01-07T13:02:00,SIM,152.99
2020-01-07T13:03:00,SIM,153.64
2020-01-07T13:04:00,SIM,153.04
2020-01-07T13:05:00,SIM,152.59
2020-01-07T13:06:00,SIM,152.59
2020-01-07T13:07:00,SIM,151.65
2020-01-07T13:08:00,SIM,151.97
2020-01-07T13:09:00,SIM,151.29
2020-01-07T13:10:00,SIM,151.65
2020-01-07T13:11:00,SIM,151.91
2020-01-07T13:12:00,SIM,151.22
2020-01-07T13:13:00,SIM,150.64
2020-01-07T13:14:00,SIM,150.89
2020-01-07T13:15:00,SIM,150.84
2020-01-07T13:16:00,SIM,150.1
2020-01-07T13:17:00,SIM,149.76
2020-01-07T13:18:00,SIM,150.26
2020-01-07T13:19:00,SIM,150.27
2020-01-07T13:20:00,SIM,150.78
2020-01-07T13:21:00,SIM,151.28
2020-01-07T13:22:00,SIM,151.53
2020-01-07T13:23:00,SIM,151.39
2020-01-07T13:24:00,SIM,150.85
2020-01-07T13:25:00,SIM,150.75
2020-01-07T13:26:00,SIM,150.62
2020-01-07T13:27:00,SIM,150.9
2020-01-07T13:28:00,SIM,149.93
2020-01-07T13:29:00,SIM,149.62
2020-01-07T13:30:00,SIM,149.93
2020-01-07T13:31:00,SIM,149.29
2020-01-07T13:32:00,SIM,150.26
2020-01-07T13:33:00,SIM,151.16
2020-01-07T13:34:00,SIM,152.05
2020-01-07T13:35:00,SIM,152.74
2020-01-07T13:36:00,SIM,153.44
2020-01-07T13:37:00,SIM,154.1
2020-01-07T13:38:00,SIM,153.24
2020-01-07T13:39:00,SIM,153.55
2020-01-07T13:40:00,SIM,154.12
2020-01-07T13:41:00,SIM,154.5
2020-01-07T13:42:00,SIM,155.41
2020-01-07T13:43:00,SIM,154.99
2020-01-07T13:44:00,SIM,155.03
2020-01-07T13:45:00,SIM,154.56
2020-01-07T13:46:00,SIM,155.07
2020-01-07T13:47:00,SIM,154.16
2020-01-07T13:48:00,SIM,154.55
2020-01-07T13:49:00,SIM,153.96
2020-01-07T13:50:00,SIM,153.86
2020-01-07T13:51:00,SIM,154.33
2020-01-07T13:52:00,SIM,155.32
2020-01-07T13:53:00,SIM,154.41
2020-01-07T13:54:00,SIM,153.61
2020-01-07T13:55:00,SIM,154.56
2020-01-07T13:56:00,SIM,155.0
2020-01-07T13:57:00,SIM,154.58
2020-01-07T13:58:00,SIM,155.36
2020-01-07T13:59:00,SIM,156.12
2020-01-07T14:00:00,SIM,156.76
2020-01-07T14:01:00,SIM,156.69
2020-01-07T14:02:00,SIM,157.36
2020-01-07T14:03:00,SIM,157.04
2020-01-07T14:04:00,SIM,156.56
2020-01-07T14:05:00,SIM,157.42
2020-01-07T14:06:00,SIM,157.02
2020-01-07T14:07:00,SIM,156.09
2020-01-07T14:08:00,SIM,156.84
2020-01-07T14:09:00,SIM,157.22
2020-01-07T14:10:00,SIM,156.26
2020-01-07T14:11:00,SIM,155.52
2020-01-07T14:12:00,SIM,154.57
2020-01-07T14:13:00,SIM,154.11
2020-01-07T14:14:00,SIM,154.86
2020-01-07T14:15:00,SIM,155.61
2020-01-07T14:16:00,SIM,156.57
2020-01-07T14:17:00,SIM,155.58
2020-01-07T14:18:00,SIM,155.82
2020-01-07T14:19:00,SIM,155.44
2020-01-07T14:20:00,SIM,154.99
2020-01-07T14:21:00,SIM,154.03
2020-01-07T14:22:00,SIM,154.42
2020-01-07T14:23:00,SIM,154.77
2020-01-07T14:24:00,SIM,154.85
2020-01-07T14:25:00,SIM,154.21
2020-01-07T14:26:00,SIM,154.4
2020-01-07T14:27:00,SIM,154.3
2020-01-07T14:28:00,SIM,154.76
2020-01-07T14:29:00,SIM,154.49
2020-01-07T14:30:00,SIM,154.86
2020-01-07T14:31:00,SIM,155.44
2020-01-07T14:32:00,SIM,156.1
2020-01-07T14:33:00,SIM,156.47
2020-01-07T14:34:00,SIM,156.51
2020-01-07T14:35:00,SIM,157.44
2020-01-07T14:36:00,SIM,157.31
2020-01-07T14:37:00,SIM,156.41
2020-01-07T14:38:00,SIM,156.87
2020-01-07T14:39:00,SIM,157.1
2020-01-07T14:40:00,SIM,157.02
2020-01-07T14:41:00,SIM,158.02
2020-01-07T14:42:00,SIM,158.66
2020-01-07T14:43:00,SIM,158.07
2020-01-07T14:44:00,SIM,157.77
2020-01-07T14:45:00,SIM,157.5
2020-01-07T14:46:00,SIM,157.03
2020-01-07T14:47:00,SIM,156.86
2020-01-07T14:48:00,SIM,157.5
2020-01-07T14:49:00,SIM,156.7
2020-01-07T14:50:00,SIM,155.7
2020-01-07T14:51:00,SIM,154.77
2020-01-07T14:52:00,SIM,153.93
2020-01-07T14:53:00,SIM,154.52
2020-01-07T14:54:00,SIM,154.96
2020-01-07T14:55:00,SIM,154.62
2020-01-07T14:56:00,SIM,154.3
2020-01-07T14:57:00,SIM,154.32
2020-01-07T14:58:00,SIM,153.8
2020-01-07T14:59:00,SIM,152.83
2020-01-07T15:00:00,SIM,153.16
2020-01-07T15:01:00,SIM,153.82
2020-01-07T15:02:00,SIM,154.54
2020-01-07T15:03:00,SIM,155.41
2020-01-07T15:04:00,SIM,154.75
2020-01-07T15:05:00,SIM,154.79
2020-01-07T15:06:00,SIM,153.93
2020-01-07T15:07:00,SIM,153.71
2020-01-07T15:08:00,SIM,154.01
2020-01-07T15:09:00,SIM,154.78
2020-01-07T15:10:00,SIM,154.54
2020-01-07T15:11:00,SIM,155.11
2020-01-07T15:12:00,SIM,154.49
2020-01-07T15:13:00,SIM,154.84
2020-01-07T15:14:00,SIM,155.05
2020-01-07T15:15:00,SIM,154.99
2020-01-07T15:16:00,SIM,155.63
2020-01-07T15:17:00,SIM,156.09
2020-01-07T15:18:00,SIM,156.0
2020-01-07T15:19:00,SIM,155.66
2020-01-07T15:20:00,SIM,155.53
2020-01-07T15:21:00,SIM,154.88
2020-01-07T15:22:00,SIM,155.45
2020-01-07T15:23:00,SIM,155.9
2020-01-07T15:24:00,SIM,156.33
2020-01-07T15:25:00,SIM,155.59
2020-01-07T15:26:00,SIM,154.6
2020-01-07T15:27:00,SIM,153.62
2020-01-07T15:28:00,SIM,153.03
2020-01-07T15:29:00,SIM,152.47
2020-01-07T15:30:00,SIM,153.37
2020-01-07T15:31:00,SIM,154.36
2020-01-07T15:32:00,SIM,154.92
2020-01-07T15:33:00,SIM,155.15
2020-01-07T15:34:00,SIM,155.93
2020-01-07T15:35:00,SIM,156.71
2020-01-07T15:36:00,SIM,156.15
2020-01-07T15:37:00,SIM,155.16
2020-01-07T15:38:00,SIM,155.98
2020-01-07T15:39:00,SIM,155.73
2020-01-07T15:40:00,SIM,155.81
2020-01-07T15:41:00,SIM,156.32
2020-01-07T15:42:00,SIM,156.29
2020-01-07T15:43:00,SIM,155.65
2020-01-07T15:44:00,SIM,155.75
2020-01-07T15:45:00,SIM,155.94
2020-01-07T15:46:00,SIM,156.61
2020-01-07T15:47:00,SIM,156.23
2020-01-07T15:48:00,SIM,156.16
2020-01-07T15:49:00,SIM,155.98
2020-01-07T15:50:00,SIM,155.15
2020-01-07T15:51:00,SIM,155.91
2020-01-07T15:52:00,SIM,155.21
2020-01-07T15:53:00,SIM,155.78
2020-01-07T15:54:00,SIM,155.3
2020-01-07T15:55:00,SIM,156.25
2020-01-07T15:56:00,SIM,157.11
2020-01-07T15:57:00,SIM,157.33
2020-01-07T15:58:00,SIM,156.51
2020-01-07T15:59:00,SIM,155.52
2020-01-07T16:00:00,SIM,154.8
2020-01-07T16:01:00,SIM,155.66
2020-01-07T16:02:00,SIM,156.53
2020-01-07T16:03:00,SIM,156.24
2020-01-07T16:04:00,SIM,155.26
2020-01-07T16:05:00,SIM,154.67
2020-01-07T16:06:00,SIM,154.85
2020-01-07T16:07:00,SIM,155.04
2020-01-07T16:08:00,SIM,155.15
2020-01-07T16:09:00,SIM,154.73
2020-01-07T16:10:00,SIM,154.97
2020-01-07T16:11:00,SIM,155.5
2020-01-07T16:12:00,SIM,155.35
2020-01-07T16:13:00,SIM,155.24
2020-01-07T16:14:00,SIM,155.82
2020-01-07T16:15:00,SIM,155.79
2020-01-07T16:16:00,SIM,155.61
2020-01-07T16:17:00,SIM,154.8
2020-01-07T16:18:00,SIM,155.73
2020-01-07T16:19:00,SIM,156.58
2020-01-07T16:20:00,SIM,155.87
2020-01-07T16:21:00,SIM,155.89
2020-01-07T16:22:00,SIM,155.59
2020-01-07T16:23:00,SIM,156.01
2020-01-07T16:24:00,SIM,156.56
2020-01-07T16:25:00,SIM,156.44
2020-01-07T16:26:00,SIM,157.18
2020-01-07T16:27:00,SIM,157.92
2020-01-07T16:28:00,SIM,157.36
2020-01-07T16:29:00,SIM,157.49
2020-01-07T16:30:00,SIM,158.45
2020-01-07T16:31:00,SIM,158.19
2020-01-07T16:32:00,SIM,157.27
2020-01-07T16:33:00,SIM,157.88
2020-01-07T16:34:00,SIM,158.6
2020-01-07T16:35:00,SIM,159.41
2020-01-07T16:36:00,SIM,159.86
2020-01-07T16:37:00,SIM,160.23
2020-01-07T16:38:00,SIM,159.62
2020-01-07T16:39:00,SIM,159.38
2020-01-07T16:40:00,SIM,159.44
2020-01-07T16:41:00,SIM,158.93
2020-01-07T16:42:00,SIM,158.6
2020-01-07T16:43:00,SIM,158.18
2020-01-07T16:44:00,SIM,158.06
2020-01-07T16:45:00,SIM,157.84
2020-01-07T16:46:00,SIM,156.9
2020-01-07T16:47:00,SIM,157.48
2020-01-07T16:48:00,SIM,158.41
2020-01-07T16:49:00,SIM,159.34
2020-01-07T16:50:00,SIM,159.03
2020-01-07T16:51:00,SIM,158.55
2020-01-07T16:52:00,SIM,158.0
2020-01-07T16:53:00,SIM,157.91
2020-01-07T16:54:00,SIM,158.13
2020-01-07T16:55:00,SIM,158.25
2020-01-07T16:56:00,SIM,158.36
2020-01-07T16:57:00,SIM,157.94
2020-01-07T16:58:00,SIM,157.47
2020-01-07T16:59:00,SIM,156.56
2020-01-07T17:00:00,SIM,156.38
2020-01-07T17:01:00,SIM,156.55
2020-01-07T17:02:00,SIM,156.44
2020-01-07T17:03:00,SIM,156.82
2020-01-07T17:04:00,SIM,157.07
2020-01-07T17:05:00,SIM,157.98
2020-01-07T17:06:00,SIM,158.11
2020-01-07T17:07:00,SIM,158.25
2020-01-07T17:08:00,SIM,157.45
2020-01-07T17:09:00,SIM,157.1
2020-01-07T17:10:00,SIM,157.0
2020-01-07T17:11:00,SIM,156.38
2020-01-07T17:12:00,SIM,156.17
2020-01-07T17:13:00,SIM,155.96
2020-01-07T17:14:00,SIM,156.47
2020-01-07T17:15:00,SIM,157.43
2020-01-07T17:16:00,SIM,158.13
2020-01-07T17:17:00,SIM,158.02
2020-01-07T17:18:00,SIM,157.15
2020-01-07T17:19:00,SIM,156.74
2020-01-07T17:20:00,SIM,156.56
2020-01-07T17:21:00,SIM,155.95
2020-01-07T17:22:00,SIM,156.19
2020-01-07T17:23:00,SIM,155.88
2020-01-07T17:24:00,SIM,156.49
2020-01-07T17:25:00,SIM,156.51
2020-01-07T17:26:00,SIM,156.94
2020-01-07T17:27:00,SIM,157.17
2020-01-07T17:28:00,SIM,156.51
2020-01-07T17:29:00,SIM,156.89
2020-01-07T17:30:00,SIM,157.56
2020-01-07T17:31:00,SIM,156.66
2020-01-07T17:32:00,SIM,156.32
2020-01-07T17:33:00,SIM,155.77
2020-01-07T17:34:00,SIM,155.16
2020-01-07T17:35:00,SIM,154.5
2020-01-07T17:36:00,SIM,154.61
2020-01-07T17:37:00,SIM,155.52
2020-01-07T17:38:00,SIM,156.03
2020-01-07T17:39:00,SIM,156.77
2020-01-07T17:40:00,SIM,156.33
2020-01-07T17:41:00,SIM,155.73
2020-01-07T17:42:00,SIM,156.72
2020-01-07T17:43:00,SIM,156.72
2020-01-07T17:44:00,SIM,156.42
2020-01-07T17:45:00,SIM,156.3
2020-01-07T17:46:00,SIM,157.28
2020-01-07T17:47:00,SIM,157.75
2020-01-07T17:48:00,SIM,157.55
2020-01-07T17:49:00,SIM,157.64
2020-01-07T17:50:00,SIM,156.83
2020-01-07T17:51:00,SIM,156.46
2020-01-07T17:52:00,SIM,156.02
2020-01-07T17:53:00,SIM,156.27
2020-01-07T17:54:00,SIM,157.05
2020-01-07T17:55:00,SIM,157.41
2020-01-07T17:56:00,SIM,157.17
2020-01-07T17:57:00,SIM,157.84
2020-01-07T17:58:00,SIM,157.36
2020-01-07T17:59:00,SIM,157.3
2020-01-07T18:00:00,SIM,157.69
2020-01-07T18:01:00,SIM,157.61
2020-01-07T18:02:00,SIM,158.14
2020-01-07T18:03:00,SIM,157.49
2020-01-07T18:04:00,SIM,156.79
2020-01-07T18:05:00,SIM,157.53
2020-01-07T18:06:00,SIM,156.76
2020-01-07T18:07:00,SIM,156.93
2020-01-07T18:08:00,SIM,157.54
2020-01-07T18:09:00,SIM,157.33
2020-01-07T18:10:00,SIM,156.75
2020-01-07T18:11:00,SIM,155.89
2020-01-07T18:12:00,SIM,155.83
2020-01-07T18:13:00,SIM,156.56
2020-01-07T18:14:00,SIM,156.92
2020-01-07T18:15:00,SIM,156.08
2020-01-07T18:16:00,SIM,156.51
2020-01-07T18:17:00,SIM,157.24
2020-01-07T18:18:00,SIM,156.91
2020-01-07T18:19:00,SIM,156.63
2020-01-07T18:20:00,SIM,157.23
2020-01-07T18:21:00,SIM,157.59
2020-01-07T18:22:00,SIM,158.39
2020-01-07T18:23:00,SIM,158.52
2020-01-07T18:24:00,SIM,159.16
2020-01-07T18:25:00,SIM,159.75
2020-01-07T18:26:00,SIM,160.35
2020-01-07T18:27:00,SIM,160.15
2020-01-07T18:28:00,SIM,161.07
2020-01-07T18:29:00,SIM,160.24
2020-01-07T18:30:00,SIM,159.71
2020-01-07T18:31:00,SIM,159.46
2020-01-07T18:32:00,SIM,158.99
2020-01-07T18:33:00,SIM,159.06
2020-01-07T18:34:00,SIM,158.34
2020-01-07T18:35:00,SIM,158.99
2020-01-07T18:36:00,SIM,159.18
2020-01-07T18:37:00,SIM,159.07
2020-01-07T18:38:00,SIM,158.87
2020-01-07T18:39:00,SIM,158.82
2020-01-07T18:40:00,SIM,158.66
2020-01-07T18:41:00,SIM,158.28
2020-01-07T18:42:00,SIM,159.03
2020-01-07T18:43:00,SIM,158.81
2020-01-07T18:44:00,SIM,159.29
2020-01-07T18:45:00,SIM,158.67
2020-01-07T18:46:00,SIM,159.58
2020-01-07T18:47:00,SIM,158.87
2020-01-07T18:48:00,SIM,158.02
2020-01-07T18:49:00,SIM,157.61
2020-01-07T18:50:00,SIM,157.8
2020-01-07T18:51:00,SIM,156.92
2020-01-07T18:52:00,SIM,157.55
2020-01-07T18:53:00,SIM,156.8
2020-01-07T18:54:00,SIM,156.47
2020-01-07T18:55:00,SIM,156.38
2020-01-07T18:56:00,SIM,155.53
2020-01-07T18:57:00,SIM,155.75
2020-01-07T18:58:00,SIM,154.91
2020-01-07T18:59:00,SIM,154.66
2020-01-07T19:00:00,SIM,154.55
2020-01-07T19:01:00,SIM,154.46
2020-01-07T19:02:00,SIM,155.33
2020-01-07T19:03:00,SIM,155.3
2020-01-07T19:04:00,SIM,155.26
2020-01-07T19:05:00,SIM,156.08
2020-01-07T19:06:00,SIM,155.93
2020-01-07T19:07:00,SIM,156.82
2020-01-07T19:08:00,SIM,157.15
2020-01-07T19:09:00,SIM,158.11
2020-01-07T19:10:00,SIM,159.04
2020-01-07T19:11:00,SIM,158.13
2020-01-07T19:12:00,SIM,157.91
2020-01-07T19:13:00,SIM,158.68
2020-01-07T19:14:00,SIM,157.78
2020-01-07T19:15:00,SIM,158.0
2020-01-07T19:16:00,SIM,158.14
2020-01-07T19:17:00,SIM,159.01
2020-01-07T19:18:00,SIM,159.78
2020-01-07T19:19:00,SIM,160.06
2020-01-07T19:20:00,SIM,160.22
2020-01-07T19:21:00,SIM,159.94
2020-01-07T19:22:00,SIM,159.47
2020-01-07T19:23:00,SIM,159.63
2020-01-07T19:24:00,SIM,159.28
2020-01-07T19:25:00,SIM,159.65
2020-01-07T19:26:00,SIM,160.02
2020-01-07T19:27:00,SIM,159.47
2020-01-07T19:28:00,SIM,159.9
2020-01-07T19:29:00,SIM,160.22
2020-01-07T19:30:00,SIM,159.79
2020-01-07T19:31:00,SIM,159.42
2020-01-07T19:32:00,SIM,160.17
2020-01-07T19:33:00,SIM,160.71
2020-01-07T19:34:00,SIM,159.91
2020-01-07T19:35:00,SIM,160.1
2020-01-07T19:36:00,SIM,159.63
2020-01-07T19:37:00,SIM,159.37
2020-01-07T19:38:00,SIM,159.64
2020-01-07T19:39:00,SIM,158.91
2020-01-07T19:40:00,SIM,158.75
2020-01-07T19:41:00,SIM,158.12
2020-01-07T19:42:00,SIM,158.21
2020-01-07T19:43:00,SIM,157.61
2020-01-07T19:44:00,SIM,158.32
2020-01-07T19:45:00,SIM,157.46
2020-01-07T19:46:00,SIM,156.92
2020-01-07T19:47:00,SIM,156.54
2020-01-07T19:48:00,SIM,157.45
2020-01-07T19:49:00,SIM,158.17
2020-01-07T19:50:00,SIM,157.88
2020-01-07T19:51:00,SIM,158.45
2020-01-07T19:52:00,SIM,159.4
2020-01-07T19:53:00,SIM,158.56
2020-01-07T19:54:00,SIM,158.11
2020-01-07T19:55:00,SIM,158.42
2020-01-07T19:56:00,SIM,157.64
2020-01-07T19:57:00,SIM,157.58
2020-01-07T19:58:00,SIM,158.39
2020-01-07T19:59:00,SIM,159.01
2020-01-07T20:00:00,SIM,158.27
2020-01-07T20:01:00,SIM,158.72
2020-01-07T20:02:00,SIM,157.83
2020-01-07T20:03:00,SIM,157.45
2020-01-07T20:04:00,SIM,156.74
2020-01-07T20:05:00,SIM,155.95
2020-01-07T20:06:00,SIM,156.14
2020-01-07T20:07:00,SIM,155.36
2020-01-07T20:08:00,SIM,154.9
2020-01-07T20:09:00,SIM,154.38
2020-01-07T20:10:00,SIM,154.14
2020-01-07T20:11:00,SIM,153.52
2020-01-07T20:12:00,SIM,152.67
2020-01-07T20:13:00,SIM,152.03
2020-01-07T20:14:00,SIM,152.36
2020-01-07T20:15:00,SIM,152.75
2020-01-07T20:16:00,SIM,152.26
2020-01-07T20:17:00,SIM,152.8
2020-01-07T20:18:00,SIM,152.41
2020-01-07T20:19:00,SIM,152.1
2020-01-07T20:20:00,SIM,152.34
2020-01-07T20:21:00,SIM,152.81
2020-01-07T20:22:00,SIM,152.77
2020-01-07T20:23:00,SIM,153.55
2020-01-07T20:24:00,SIM,154.43
2020-01-07T20:25:00,SIM,154.89
2020-01-07T20:26:00,SIM,155.51
2020-01-07T20:27:00,SIM,154.66
2020-01-07T20:28:00,SIM,155.17
2020-01-07T20:29:00,SIM,155.06
2020-01-07T20:30:00,SIM,155.88
2020-01-07T20:31:00,SIM,156.72
2020-01-07T20:32:00,SIM,156.25
2020-01-07T20:33:00,SIM,156.51
2020-01-07T20:34:00,SIM,155.53
2020-01-07T20:35:00,SIM,155.21
2020-01-07T20:36:00,SIM,154.76
2020-01-07T20:37:00,SIM,155.09
2020-01-07T20:38:00,SIM,155.37
2020-01-07T20:39:00,SIM,156.1
2020-01-07T20:40:00,SIM,156.83
2020-01-07T20:41:00,SIM,156.86
2020-01-07T20:42:00,SIM,156.96
2020-01-07T20:43:00,SIM,157.39
2020-01-07T20:44:00,SIM,156.86
2020-01-07T20:45:00,SIM,156.37
2020-01-07T20:46:00,SIM,156.88
2020-01-07T20:47:00,SIM,157.62
2020-01-07T20:48:00,SIM,157.64
2020-01-07T20:49:00,SIM,158.01
2020-01-07T20:50:00,SIM,157.79
2020-01-07T20:51:00,SIM,157.33
2020-01-07T20:52:00,SIM,158.26
2020-01-07T20:53:00,SIM,157.57
2020-01-07T20:54:00,SIM,157.15
2020-01-07T20:55:00,SIM,157.38
2020-01-07T20:56:00,SIM,157.17
2020-01-07T20:57:00,SIM,157.1
2020-01-07T20:58:00,SIM,157.44
2020-01-07T20:59:00,SIM,157.3
2020-01-07T21:00:00,SIM,158.0
2020-01-07T21:01:00,SIM,157.3
2020-01-07T21:02:00,SIM,158.14
2020-01-07T21:03:00,SIM,157.61
2020-01-07T21:04:00,SIM,158.28
2020-01-07T21:05:00,SIM,157.92
2020-01-07T21:06:00,SIM,157.24
2020-01-07T21:07:00,SIM,156.83
2020-01-07T21:08:00,SIM,157.35
2020-01-07T21:09:00,SIM,157.98
2020-01-07T21:10:00,SIM,158.84
2020-01-07T21:11:00,SIM,158.62
2020-01-07T21:12:00,SIM,158.65
2020-01-07T21:13:00,SIM,158.09
2020-01-07T21:14:00,SIM,158.22
2020-01-07T21:15:00,SIM,158.58
2020-01-07T21:16:00,SIM,159.49
2020-01-07T21:17:00,SIM,158.71
2020-01-07T21:18:00,SIM,158.44
2020-01-07T21:19:00,SIM,159.37
2020-01-07T21:20:00,SIM,160.2
2020-01-07T21:21:00,SIM,159.77
2020-01-07T21:22:00,SIM,160.39
2020-01-07T21:23:00,SIM,160.66
2020-01-07T21:24:00,SIM,161.33
2020-01-07T21:25:00,SIM,160.87
2020-01-07T21:26:00,SIM,160.96
2020-01-07T21:27:00,SIM,160.59
2020-01-07T21:28:00,SIM,160.59
2020-01-07T21:29:00,SIM,161.49
2020-01-07T21:30:00,SIM,161.35
2020-01-07T21:31:00,SIM,161.21
2020-01-07T21:32:00,SIM,160.37
2020-01-07T21:33:00,SIM,160.61
2020-01-07T21:34:00,SIM,161.14
2020-01-07T21:35:00,SIM,160.43
2020-01-07T21:36:00,SIM,160.39
2020-01-07T21:37:00,SIM,159.89
2020-01-07T21:38:00,SIM,159.86
2020-01-07T21:39:00,SIM,159.81
2020-01-07T21:40:00,SIM,158.81
2020-01-07T21:41:00,SIM,158.0
2020-01-07T21:42:00,SIM,158.48
2020-01-07T21:43:00,SIM,158.68
2020-01-07T21:44:00,SIM,158.46
2020-01-07T21:45:00,SIM,159.11
2020-01-07T21:46:00,SIM,159.65
2020-01-07T21:47:00,SIM,160.24
2020-01-07T21:48:00,SIM,161.23
2020-01-07T21:49:00,SIM,161.54
2020-01-07T21:50:00,SIM,160.62
2020-01-07T21:51:00,SIM,160.19
2020-01-07T21:52:00,SIM,159.55
2020-01-07T21:53:00,SIM,158.61
2020-01-07T21:54:00,SIM,159.61
2020-01-07T21:55:00,SIM,159.16
2020-01-07T21:56:00,SIM,159.19
2020-01-07T21:57:00,SIM,159.41
2020-01-07T21:58:00,SIM,158.62
2020-01-07T21:59:00,SIM,159.3
2020-01-07T22:00:00,SIM,158.9
2020-01-07T22:01:00,SIM,159.0
2020-01-07T22:02:00,SIM,159.24
2020-01-07T22:03:00,SIM,160.16
2020-01-07T22:04:00,SIM,160.92
2020-01-07T22:05:00,SIM,160.58
2020-01-07T22:06:00,SIM,160.98
2020-01-07T22:07:00,SIM,161.16
2020-01-07T22:08:00,SIM,162.15
2020-01-07T22:09:00,SIM,162.75
2020-01-07T22:10:00,SIM,162.75
2020-01-07T22:11:00,SIM,162.01
2020-01-07T22:12:00,SIM,162.23
2020-01-07T22:13:00,SIM,161.7
2020-01-07T22:14:00,SIM,161.64
2020-01-07T22:15:00,SIM,160.8
2020-01-07T22:16:00,SIM,160.63
2020-01-07T22:17:00,SIM,161.25
2020-01-07T22:18:00,SIM,162.01
2020-01-07T22:19:00,SIM,161.89
2020-01-07T22:20:00,SIM,162.12
2020-01-07T22:21:00,SIM,161.83
2020-01-07T22:22:00,SIM,161.04
2020-01-07T22:23:00,SIM,161.11
2020-01-07T22:24:00,SIM,160.5
2020-01-07T22:25:00,SIM,160.43
2020-01-07T22:26:00,SIM,159.74
2020-01-07T22:27:00,SIM,159.49
2020-01-07T22:28:00,SIM,160.27
2020-01-07T22:29:00,SIM,160.54
2020-01-07T22:30:00,SIM,161.52
2020-01-07T22:31:00,SIM,162.12
2020-01-07T22:32:00,SIM,161.64
2020-01-07T22:33:00,SIM,162.08
2020-01-07T22:34:00,SIM,162.97
2020-01-07T22:35:00,SIM,162.42
2020-01-07T22:36:00,SIM,162.16
2020-01-07T22:37:00,SIM,162.29
2020-01-07T22:38:00,SIM,163.27
2020-01-07T22:39:00,SIM,162.52
